"depths","Anal.Thick","ChronNumber","Age","value_Sample.quantity_1","value_Lycopodium.tablets_1","value_Lycopodium.tablets_2","value_Lycopodium.spike_1","value_Moraceae..type.2._1","value_Acalypha_1","value_Celtis_1","value_Podocarpus_1","value_Alchornea_1","value_Olea_1","value_Gladiolus_1","value_Actiniopteris_1","value_Alchemilla_1","value_Anthemis.type_1","value_Plantago.palmata_1","value_Blighia_1","value_Caesalpinia_1","value_Capparis.type_1","value_Centaurea_1","value_cf..Salix_1","value_cf..Arceuthobium_1","value_cf..Berlinia_1","value_cf..Trilepisium_1","value_cf..Clausena_1","value_cf..Elaeis_1","value_cf..Motandra_1","value_cf..Napoleonaea_1","value_cf..Nesogordonia_1","value_cf..Prosopis_1","value_cf..Prunus_1","value_cf..Pteridium_1","value_cf..Rubus_1","value_cf..Schefflera_1","value_cf..Spondias_1","value_cf..Argomuellera_1","value_cf..Azolla_1","value_Ranunculaceae.cf..Clematis_1","value_cf..Pistacia_1","value_cf..Salix..porate._1","value_cf..Salix..small._1","value_cf..Scheuchzeria_1","value_cf..Spondias_2","value_cf..Trifolium_1","value_cf..Veronica_1","value_cf..Xiphopteris_1","value_Chaetachme_1","value_Citrus_1","value_Cliffortia_1","value_Combretum_1","value_Cystopteris_1","value_Ebenaceae_1","value_Ephedra.fragilis.type_1","value_Ericaceae_1","value_Eucalyptus_1","value_Euphorbia..small._1","value_Herniaria_1","value_Hirpicium_1","value_Impatiens_1","value_Justicia.flava_1","value_Justicia..small._1","value_Lamiaceae_1","value_Lemna_1","value_Malvaceae_1","value_Maytenus_1","value_Moraceae_1","value_Myrsine_1","value_Nymphaea.lotus_1","value_Persicaria_1","value_Pinus_1","value_Plantago.alpina.type_1","value_Plantago.lanceolata_1","value_Unknown..other.pollen._1","value_Prosopis.type_1","value_Psoralea_1","value_Rhynchosia.type_1","value_Senecio.type_1","value_Strephonema.type_1","value_Thalictrum_1","value_Urtica.membranacea_1","value_Urtica.pilulifera_1","value_Ustulina_1","value_Tarenna_1","value_Zanthoxylum_1","value_Zea.mays_1","value_Actiniopteris_2","value_Gladiolus_2","value_Macaranga_1","value_Poaceae_1","value_Cyperaceae_1","value_Cyperus.type_1","value_Juniperus_1","value_Allophylus_1","value_Dodonaea_1","value_Cissampelos_1","value_Cissus_1","value_Combretum.type_1","value_Corchorus_1","value_Erica_1","value_Meliaceae_1","value_Mussaenda_1","value_Musanga_1","value_Nuxia.type_1","value_Croton_1","value_Scutia_1","value_Zanthoxylum.type_1","value_Ficus_1","value_Grewia_1","value_Ilex_1","value_Phoenix_1","value_Acacia_1","value_Mimosa_1","value_Cardiospermum_1","value_Clerodendrum_1","value_Commiphora_1","value_Dombeya_1","value_Hagenia_1","value_Holoptelea_1","value_Loranthaceae_1","value_Urticaceae.Moraceae..type.3._1","value_Myrica_1","value_Sterculia_1","value_Syzygium_1","value_Mallotus_1","value_Tetrorchidium_1","value_Trema_1","value_Basella_1","value_Ranunculaceae.cf..Clematis_2","value_Lannea.type_1","value_Strephonema.type_2","value_cf..Rubus_2","value_cf..Schefflera_2","value_cf..Prunus_2","value_cf..Prosopis_2","value_cf..Trilepisium_2","value_Vepris.type_1","value_cf..Quercus_1","value_Alnus_1","value_Artemisia_1","value_Asteroideae_1","value_Cichorioideae_1","value_Conyza.type_1","value_Inula.type_1","value_Bidens.type_1","value_Gerbera.type_1","value_Xanthium_1","value_Apiaceae_1","value_Brassicaceae_1","value_Poaceae..Cerealia.type._1","value_Alternanthera_1","value_Basella_2","value_Caryophyllaceae_1","value_Amaranthaceae_1","value_Commelina.africana_1","value_Euphorbia_1","value_Euphorbia.type..fine._1","value_Gunnera_1","value_Hypericum.type_1","value_Hibiscus.type_1","value_Indigofera_1","value_Liliaceae.type_1","value_cf..Lotus_1","value_cf..Calligonum_1","value_Plantago.palmata_2","value_Justicia.diclipteroides.type_1","value_Plectranthus_1","value_Ranunculus.type_1","value_Rumex_1","value_Valeriana_1","value_Solanum.type_1","value_Urera.type_1","value_Urticaceae..type.2._1","value_Urticaceae.Moraceae..type.4._1","value_cf..Hydrocotyle_1","value_cf..Calligonum_2","value_cf..Prunella.type_1","value_Indeterminable_1","value_cf..Pteridium_2","value_Pteridophyta..monolete._1","value_Polypodiaceae..Lepisorus.type_1","value_cf..Loxogramme_1","value_cf..Cystopteris_1","value_Cyathea_1","value_Ophioglossum.lusitanicum.type_1","value_Pteris_1","value_Pteridophyta..trilete..undiff._1","value_Pteridophyta_1","value_Potamogeton.type_1","value_Nymphaea.caerulea_1","value_Typha.angustifolia_1","value_Typha.latifolia_1","value_Tiliacora_1","value_cf..Scheuchzeria_2","value_Sporormiella_1","value_Sordaria.type_1","value_Gelasinospora_1","value_Neurospora_1","value_Anthoceros.laevis.type_1","value_Riccia_1","value_Spirogyra_1","value_Glomus_1","units_Sample.quantity_1","units_Lycopodium.tablets_1","units_Lycopodium.tablets_2","units_Lycopodium.spike_1","units_Moraceae..type.2._1","units_Acalypha_1","units_Celtis_1","units_Podocarpus_1","units_Alchornea_1","units_Olea_1","units_Gladiolus_1","units_Actiniopteris_1","units_Alchemilla_1","units_Anthemis.type_1","units_Plantago.palmata_1","units_Blighia_1","units_Caesalpinia_1","units_Capparis.type_1","units_Centaurea_1","units_cf..Salix_1","units_cf..Arceuthobium_1","units_cf..Berlinia_1","units_cf..Trilepisium_1","units_cf..Clausena_1","units_cf..Elaeis_1","units_cf..Motandra_1","units_cf..Napoleonaea_1","units_cf..Nesogordonia_1","units_cf..Prosopis_1","units_cf..Prunus_1","units_cf..Pteridium_1","units_cf..Rubus_1","units_cf..Schefflera_1","units_cf..Spondias_1","units_cf..Argomuellera_1","units_cf..Azolla_1","units_Ranunculaceae.cf..Clematis_1","units_cf..Pistacia_1","units_cf..Salix..porate._1","units_cf..Salix..small._1","units_cf..Scheuchzeria_1","units_cf..Spondias_2","units_cf..Trifolium_1","units_cf..Veronica_1","units_cf..Xiphopteris_1","units_Chaetachme_1","units_Citrus_1","units_Cliffortia_1","units_Combretum_1","units_Cystopteris_1","units_Ebenaceae_1","units_Ephedra.fragilis.type_1","units_Ericaceae_1","units_Eucalyptus_1","units_Euphorbia..small._1","units_Herniaria_1","units_Hirpicium_1","units_Impatiens_1","units_Justicia.flava_1","units_Justicia..small._1","units_Lamiaceae_1","units_Lemna_1","units_Malvaceae_1","units_Maytenus_1","units_Moraceae_1","units_Myrsine_1","units_Nymphaea.lotus_1","units_Persicaria_1","units_Pinus_1","units_Plantago.alpina.type_1","units_Plantago.lanceolata_1","units_Unknown..other.pollen._1","units_Prosopis.type_1","units_Psoralea_1","units_Rhynchosia.type_1","units_Senecio.type_1","units_Strephonema.type_1","units_Thalictrum_1","units_Urtica.membranacea_1","units_Urtica.pilulifera_1","units_Ustulina_1","units_Tarenna_1","units_Zanthoxylum_1","units_Zea.mays_1","units_Actiniopteris_2","units_Gladiolus_2","units_Macaranga_1","units_Poaceae_1","units_Cyperaceae_1","units_Cyperus.type_1","units_Juniperus_1","units_Allophylus_1","units_Dodonaea_1","units_Cissampelos_1","units_Cissus_1","units_Combretum.type_1","units_Corchorus_1","units_Erica_1","units_Meliaceae_1","units_Mussaenda_1","units_Musanga_1","units_Nuxia.type_1","units_Croton_1","units_Scutia_1","units_Zanthoxylum.type_1","units_Ficus_1","units_Grewia_1","units_Ilex_1","units_Phoenix_1","units_Acacia_1","units_Mimosa_1","units_Cardiospermum_1","units_Clerodendrum_1","units_Commiphora_1","units_Dombeya_1","units_Hagenia_1","units_Holoptelea_1","units_Loranthaceae_1","units_Urticaceae.Moraceae..type.3._1","units_Myrica_1","units_Sterculia_1","units_Syzygium_1","units_Mallotus_1","units_Tetrorchidium_1","units_Trema_1","units_Basella_1","units_Ranunculaceae.cf..Clematis_2","units_Lannea.type_1","units_Strephonema.type_2","units_cf..Rubus_2","units_cf..Schefflera_2","units_cf..Prunus_2","units_cf..Prosopis_2","units_cf..Trilepisium_2","units_Vepris.type_1","units_cf..Quercus_1","units_Alnus_1","units_Artemisia_1","units_Asteroideae_1","units_Cichorioideae_1","units_Conyza.type_1","units_Inula.type_1","units_Bidens.type_1","units_Gerbera.type_1","units_Xanthium_1","units_Apiaceae_1","units_Brassicaceae_1","units_Poaceae..Cerealia.type._1","units_Alternanthera_1","units_Basella_2","units_Caryophyllaceae_1","units_Amaranthaceae_1","units_Commelina.africana_1","units_Euphorbia_1","units_Euphorbia.type..fine._1","units_Gunnera_1","units_Hypericum.type_1","units_Hibiscus.type_1","units_Indigofera_1","units_Liliaceae.type_1","units_cf..Lotus_1","units_cf..Calligonum_1","units_Plantago.palmata_2","units_Justicia.diclipteroides.type_1","units_Plectranthus_1","units_Ranunculus.type_1","units_Rumex_1","units_Valeriana_1","units_Solanum.type_1","units_Urera.type_1","units_Urticaceae..type.2._1","units_Urticaceae.Moraceae..type.4._1","units_cf..Hydrocotyle_1","units_cf..Calligonum_2","units_cf..Prunella.type_1","units_Indeterminable_1","units_cf..Pteridium_2","units_Pteridophyta..monolete._1","units_Polypodiaceae..Lepisorus.type_1","units_cf..Loxogramme_1","units_cf..Cystopteris_1","units_Cyathea_1","units_Ophioglossum.lusitanicum.type_1","units_Pteris_1","units_Pteridophyta..trilete..undiff._1","units_Pteridophyta_1","units_Potamogeton.type_1","units_Nymphaea.caerulea_1","units_Typha.angustifolia_1","units_Typha.latifolia_1","units_Tiliacora_1","units_cf..Scheuchzeria_2","units_Sporormiella_1","units_Sordaria.type_1","units_Gelasinospora_1","units_Neurospora_1","units_Anthoceros.laevis.type_1","units_Riccia_1","units_Spirogyra_1","units_Glomus_1","element_Sample.quantity_1","element_Lycopodium.tablets_1","element_Lycopodium.tablets_2","element_Lycopodium.spike_1","element_Moraceae..type.2._1","element_Acalypha_1","element_Celtis_1","element_Podocarpus_1","element_Alchornea_1","element_Olea_1","element_Gladiolus_1","element_Actiniopteris_1","element_Alchemilla_1","element_Anthemis.type_1","element_Plantago.palmata_1","element_Blighia_1","element_Caesalpinia_1","element_Capparis.type_1","element_Centaurea_1","element_cf..Salix_1","element_cf..Arceuthobium_1","element_cf..Berlinia_1","element_cf..Trilepisium_1","element_cf..Clausena_1","element_cf..Elaeis_1","element_cf..Motandra_1","element_cf..Napoleonaea_1","element_cf..Nesogordonia_1","element_cf..Prosopis_1","element_cf..Prunus_1","element_cf..Pteridium_1","element_cf..Rubus_1","element_cf..Schefflera_1","element_cf..Spondias_1","element_cf..Argomuellera_1","element_cf..Azolla_1","element_Ranunculaceae.cf..Clematis_1","element_cf..Pistacia_1","element_cf..Salix..porate._1","element_cf..Salix..small._1","element_cf..Scheuchzeria_1","element_cf..Spondias_2","element_cf..Trifolium_1","element_cf..Veronica_1","element_cf..Xiphopteris_1","element_Chaetachme_1","element_Citrus_1","element_Cliffortia_1","element_Combretum_1","element_Cystopteris_1","element_Ebenaceae_1","element_Ephedra.fragilis.type_1","element_Ericaceae_1","element_Eucalyptus_1","element_Euphorbia..small._1","element_Herniaria_1","element_Hirpicium_1","element_Impatiens_1","element_Justicia.flava_1","element_Justicia..small._1","element_Lamiaceae_1","element_Lemna_1","element_Malvaceae_1","element_Maytenus_1","element_Moraceae_1","element_Myrsine_1","element_Nymphaea.lotus_1","element_Persicaria_1","element_Pinus_1","element_Plantago.alpina.type_1","element_Plantago.lanceolata_1","element_Unknown..other.pollen._1","element_Prosopis.type_1","element_Psoralea_1","element_Rhynchosia.type_1","element_Senecio.type_1","element_Strephonema.type_1","element_Thalictrum_1","element_Urtica.membranacea_1","element_Urtica.pilulifera_1","element_Ustulina_1","element_Tarenna_1","element_Zanthoxylum_1","element_Zea.mays_1","element_Actiniopteris_2","element_Gladiolus_2","element_Macaranga_1","element_Poaceae_1","element_Cyperaceae_1","element_Cyperus.type_1","element_Juniperus_1","element_Allophylus_1","element_Dodonaea_1","element_Cissampelos_1","element_Cissus_1","element_Combretum.type_1","element_Corchorus_1","element_Erica_1","element_Meliaceae_1","element_Mussaenda_1","element_Musanga_1","element_Nuxia.type_1","element_Croton_1","element_Scutia_1","element_Zanthoxylum.type_1","element_Ficus_1","element_Grewia_1","element_Ilex_1","element_Phoenix_1","element_Acacia_1","element_Mimosa_1","element_Cardiospermum_1","element_Clerodendrum_1","element_Commiphora_1","element_Dombeya_1","element_Hagenia_1","element_Holoptelea_1","element_Loranthaceae_1","element_Urticaceae.Moraceae..type.3._1","element_Myrica_1","element_Sterculia_1","element_Syzygium_1","element_Mallotus_1","element_Tetrorchidium_1","element_Trema_1","element_Basella_1","element_Ranunculaceae.cf..Clematis_2","element_Lannea.type_1","element_Strephonema.type_2","element_cf..Rubus_2","element_cf..Schefflera_2","element_cf..Prunus_2","element_cf..Prosopis_2","element_cf..Trilepisium_2","element_Vepris.type_1","element_cf..Quercus_1","element_Alnus_1","element_Artemisia_1","element_Asteroideae_1","element_Cichorioideae_1","element_Conyza.type_1","element_Inula.type_1","element_Bidens.type_1","element_Gerbera.type_1","element_Xanthium_1","element_Apiaceae_1","element_Brassicaceae_1","element_Poaceae..Cerealia.type._1","element_Alternanthera_1","element_Basella_2","element_Caryophyllaceae_1","element_Amaranthaceae_1","element_Commelina.africana_1","element_Euphorbia_1","element_Euphorbia.type..fine._1","element_Gunnera_1","element_Hypericum.type_1","element_Hibiscus.type_1","element_Indigofera_1","element_Liliaceae.type_1","element_cf..Lotus_1","element_cf..Calligonum_1","element_Plantago.palmata_2","element_Justicia.diclipteroides.type_1","element_Plectranthus_1","element_Ranunculus.type_1","element_Rumex_1","element_Valeriana_1","element_Solanum.type_1","element_Urera.type_1","element_Urticaceae..type.2._1","element_Urticaceae.Moraceae..type.4._1","element_cf..Hydrocotyle_1","element_cf..Calligonum_2","element_cf..Prunella.type_1","element_Indeterminable_1","element_cf..Pteridium_2","element_Pteridophyta..monolete._1","element_Polypodiaceae..Lepisorus.type_1","element_cf..Loxogramme_1","element_cf..Cystopteris_1","element_Cyathea_1","element_Ophioglossum.lusitanicum.type_1","element_Pteris_1","element_Pteridophyta..trilete..undiff._1","element_Pteridophyta_1","element_Potamogeton.type_1","element_Nymphaea.caerulea_1","element_Typha.angustifolia_1","element_Typha.latifolia_1","element_Tiliacora_1","element_cf..Scheuchzeria_2","element_Sporormiella_1","element_Sordaria.type_1","element_Gelasinospora_1","element_Neurospora_1","element_Anthoceros.laevis.type_1","element_Riccia_1","element_Spirogyra_1","element_Glomus_1","SiteName","LongEast","LongWest","LatNorth","LatSouth","Altitude","Area","Country","State","County","SiteDescription","SiteNotes","param_Maximum.depth..m.","SiteID","Handle","CollectionName","CollectionType","CollectionDevice","CollectionDate","CUNotes","DepositionalEnvironment","WaterDepth","Location","GPSLat","GPSLong","GPSError","GPSAltitude","Substrate","SlopeAngle","SlopeAspect","Collectors","collunitid","Collectors_ID","Collectors_Names","SampleID","AnalysisUnitID","Investigators_geochron","Method","AgeUnits_Sample","geochron_depth","Thickness","LabNumber","SampleAge","ErrorOlder","ErrorYounger","Sigma","StdDev","GreaterThan","MaterialDated","SampleNotes","PublicationsText","PublicationIDs","Investigators_geochron_neoID","Investigators_geochron_Name","chronmethod","OlderSampleAge","YoungerSampleAge","InternalContactID","NeotomaContactID","NeotomaAliasID","FullContactName","ShortContactName","FamilyName","GivenNames","LeadingInitials","ContactTitle","Status","Address","Email","Telephone","URL.x","Fax.x","PublicationID","PrimaryPub","PublicationType","NeotomaID_pub","DOI_pub","PublicationYear","Citation","Title","Journal","Volume","Pages","PublicationID_Author","ContactID","LastName","Initials","authorIDs","authorNames","Processors_ID","Investigators_ID","Processors_Names","Investigators_Names","DatasetType","Name","AgeModelID","ChronologyName","AgeUnits","Default","DatePrepared","Model","AgeBoundOlder","AgeBoundYounger","AgeModelNotes","PreparersText","PreparersContactID","PreparersContactID_neo","Preparers_Name","URL.y","Fax.y","SampAnalyst_neoID","Samp.Analyst"
9,1,1,-7,1,4,9666,282,10,18,14,15,5,13,0,0,0,0,0,0,0,0,0,0,0,0,0,0,0,0,0,0,0,0,0,0,0,0,0,0,0,0,0,0,0,0,0,0,0,0,0,0,0,0,0,0,0,0,0,0,0,0,0,0,0,0,0,0,0,0,0,0,0,0,0,0,0,0,0,0,0,0,0,0,0,0,0,0,0,0,0,204,29,31,28,0,3,5,0,3,0,0,0,5,0,2,0,1,1,0,0,0,2,2,0,0,0,0,0,1,0,0,0,0,0,0,0,0,0,0,0,1,2,0,1,0,0,0,0,0,0,3,1,0,1,0,0,0,0,0,1,2,0,0,0,2,1,1,0,0,0,0,0,0,0,0,1,1,0,0,0,0,0,3,1,0,1,0,0,15,1,1,0,1,0,0,0,0,0,0,0,0,1,0,0,0,1,0,0,0,0,0,0,0,"ml","number","spores/tablet","number","NISP","NISP","NISP","NISP","NISP","NISP","NISP","NISP","NISP","NISP","NISP","NISP","NISP","NISP","NISP","NISP","NISP","NISP","NISP","NISP","NISP","NISP","NISP","NISP","NISP","NISP","NISP","NISP","NISP","NISP","NISP","NISP","NISP","NISP","NISP","NISP","NISP","NISP","NISP","NISP","NISP","NISP","NISP","NISP","NISP","NISP","NISP","NISP","NISP","NISP","NISP","NISP","NISP","NISP","NISP","NISP","NISP","NISP","NISP","NISP","NISP","NISP","NISP","NISP","NISP","NISP","NISP","NISP","NISP","NISP","NISP","NISP","NISP","NISP","NISP","NISP","NISP","NISP","NISP","NISP","NISP","NISP","NISP","NISP","NISP","NISP","NISP","NISP","NISP","NISP","NISP","NISP","NISP","NISP","NISP","NISP","NISP","NISP","NISP","NISP","NISP","NISP","NISP","NISP","NISP","NISP","NISP","NISP","NISP","NISP","NISP","NISP","NISP","NISP","NISP","NISP","NISP","NISP","NISP","NISP","NISP","NISP","NISP","NISP","NISP","NISP","NISP","NISP","NISP","NISP","NISP","NISP","NISP","NISP","NISP","NISP","NISP","NISP","NISP","NISP","NISP","NISP","NISP","NISP","NISP","NISP","NISP","NISP","NISP","NISP","NISP","NISP","NISP","NISP","NISP","NISP","NISP","NISP","NISP","NISP","NISP","NISP","NISP","NISP","NISP","NISP","NISP","NISP","NISP","NISP","NISP","NISP","NISP","NISP","NISP","NISP","NISP","NISP","NISP","NISP","NISP","NISP","NISP","NISP","NISP","NISP","NISP","NISP","NISP","NISP","NISP","NISP","NISP","NISP","NISP","NISP","volume","quantity added","concentration","counted","pollen","pollen","pollen","pollen","pollen","pollen","pollen","spore","pollen","pollen","pollen","pollen","pollen","pollen","pollen","pollen","pollen","pollen","pollen","pollen","pollen","pollen","pollen","pollen","pollen","pollen","spore","pollen","pollen","pollen","pollen","spore","pollen","pollen","pollen","pollen","pollen","pollen","pollen","pollen","spore","pollen","pollen","pollen","pollen","spore","pollen","pollen","pollen","pollen","pollen","pollen","pollen","pollen","pollen","pollen","pollen","pollen","pollen","pollen","pollen","pollen","pollen","pollen","pollen","pollen","pollen","pollen/spore","pollen","pollen","pollen","pollen","pollen","pollen","pollen","pollen","spore","pollen","pollen","pollen","spore","pollen","pollen","pollen","pollen/spore","pollen","pollen","pollen","pollen","pollen","pollen","pollen","pollen","pollen","pollen","pollen","pollen","pollen","pollen","pollen","pollen","pollen","pollen","pollen","pollen","pollen","pollen","pollen","pollen","pollen","pollen","pollen","pollen","pollen","pollen","pollen","pollen","pollen","pollen","pollen","pollen","pollen","pollen","pollen","pollen","pollen","pollen","pollen","pollen","pollen","pollen","pollen","pollen","pollen","pollen/spore","pollen/spore","pollen","pollen","pollen","pollen","pollen","pollen","pollen","pollen","pollen","pollen","pollen","pollen/spore","pollen","pollen","pollen","pollen","pollen","pollen","pollen","pollen","pollen","pollen","pollen","pollen","pollen","pollen","pollen","pollen","pollen","pollen","pollen","pollen","pollen","pollen","pollen","pollen/spore","spore","spore","spore","spore","spore","spore","spore","spore","spore","spore","pollen","pollen","pollen","pollen","pollen","pollen","spore","spore","spore","spore","spore","spore","spore","spore","Lake Victoria (Shirati Bay) LV2",33.9463333333333,33.9463333333333,-1.13083333333333,-1.13083333333333,1135,6880000,"Tanzania",NA,NA,NA,NA,68,33134,"LVC18_S2","Lake Victoria LV2","Core","UWITEC piston corer","2018-10-01",NA,"Natural Lake",22.6,NA,NA,NA,NA,NA,NA,NA,NA,"2,3,6,7,10",44876,"8777,15357,20039,20044,9599","Gobet, E.|Grosjean, M.|Muschick, M.|Seehausen, O.|Tinner, W.",1,"Depth",9,"Carbon-14","Radiocarbon years BP",127,2,"BE-15540",1800,30,30,1,30,"False","Pollen concentrate","Corrected to 1230 +/- 410 radiocarbon yr BP","Temoltzin-Loranca et al. 2023",1,20036,"Temoltzin-Loranca, Y.","Radiocarbon",1830,1770,1,18278,18278,"Courtney-Mustaphi, Colin","Courtney-Mustaphi, C.J.","Courtney-Mustaphi","Colin","C.J.","Dr.","active","Department of Environmental Sciences
Geoecology
University of Basel
Basel, Switzerland","","","","",1,"true","journal article",20442,"https://doi.org/10.1016/j.quascirev.2022.107915",2023,"Temoltzin-Loranca, Y., E. Gobet, B. Vannière, J.F.N. van Leeuwen, G. Wienhues, S. Szidat, C. Courtney-Mustaphi, M. Kishe, M. Muschick, O. Seehausen, M. Grosjean, and W. Tinner. 2023. A chronologically reliable record of 17,000 years of biomass burning in the Lake Victoria area. Quaternary Science Reviews 301:107915. [DOI: https://doi.org/10.1016/j.quascirev.2022.107915]","A chronologically reliable record of 17,000 years of biomass burning in the Lake Victoria area","Quaternary Science Reviews",301,107915,1,9,"Temoltzin-Loranca","Y.","20036,8777,9974,15224,20037,13851,18278,20038,20039,20044,15357,9599","Temoltzin-Loranca, Y.|Gobet, E.|Vannière, B.|van Leeuwen, J.F.N.|Wienhues, G.|Szidat, S.|Courtney-Mustaphi, C.J.|Kishe, M.|Muschick, M.|Seehausen, O.|Grosjean, M.|Tinner, W.",15695,"18278,8777,15357,20038,20039,20044,13851,20036,9599,15224,9974,20037","Morales-Molino, C.","Courtney-Mustaphi, C.J.|Gobet, E.|Grosjean, M.|Kishe, M.|Muschick, M.|Seehausen, O.|Szidat, S.|Temoltzin-Loranca, Y.|Tinner, W.|van Leeuwen, J.F.N.|Vannière, B.|Wienhues, G.","Pollen","LV2 pollen",1,"Temoltzin-Loranca et al. (2023)","Calendar years BP","True",NA,"rbacon",15500,-60,NA,"Temoltzin-Loranca, Y.",9,20036,"Temoltzin-Loranca, Y.",NA,NA,NA,NA
49,1,1,365,1,4,9666,387,10,30,17,19,3,13,0,0,0,0,0,0,0,0,0,0,0,0,0,0,0,0,0,0,0,0,0,0,0,0,0,0,0,0,0,0,0,0,0,0,0,0,0,0,0,0,0,0,0,0,0,0,0,0,0,0,0,0,0,0,0,0,0,0,0,0,0,0,0,0,0,0,0,0,0,0,0,0,0,0,0,0,0,174,22,21,10,0,3,11,0,0,0,1,0,3,0,0,0,1,0,0,1,0,1,1,0,0,0,0,0,1,0,1,1,0,1,0,1,0,0,0,0,1,0,1,1,1,1,1,0,0,0,6,0,1,0,0,1,1,0,0,0,0,0,0,0,0,1,3,1,0,0,0,1,0,0,0,0,2,0,0,0,0,1,8,1,1,0,0,0,191,0,1,0,0,0,0,0,0,0,0,1,0,1,0,0,0,1,0,0,0,0,0,0,0,"ml","number","spores/tablet","number","NISP","NISP","NISP","NISP","NISP","NISP","NISP","NISP","NISP","NISP","NISP","NISP","NISP","NISP","NISP","NISP","NISP","NISP","NISP","NISP","NISP","NISP","NISP","NISP","NISP","NISP","NISP","NISP","NISP","NISP","NISP","NISP","NISP","NISP","NISP","NISP","NISP","NISP","NISP","NISP","NISP","NISP","NISP","NISP","NISP","NISP","NISP","NISP","NISP","NISP","NISP","NISP","NISP","NISP","NISP","NISP","NISP","NISP","NISP","NISP","NISP","NISP","NISP","NISP","NISP","NISP","NISP","NISP","NISP","NISP","NISP","NISP","NISP","NISP","NISP","NISP","NISP","NISP","NISP","NISP","NISP","NISP","NISP","NISP","NISP","NISP","NISP","NISP","NISP","NISP","NISP","NISP","NISP","NISP","NISP","NISP","NISP","NISP","NISP","NISP","NISP","NISP","NISP","NISP","NISP","NISP","NISP","NISP","NISP","NISP","NISP","NISP","NISP","NISP","NISP","NISP","NISP","NISP","NISP","NISP","NISP","NISP","NISP","NISP","NISP","NISP","NISP","NISP","NISP","NISP","NISP","NISP","NISP","NISP","NISP","NISP","NISP","NISP","NISP","NISP","NISP","NISP","NISP","NISP","NISP","NISP","NISP","NISP","NISP","NISP","NISP","NISP","NISP","NISP","NISP","NISP","NISP","NISP","NISP","NISP","NISP","NISP","NISP","NISP","NISP","NISP","NISP","NISP","NISP","NISP","NISP","NISP","NISP","NISP","NISP","NISP","NISP","NISP","NISP","NISP","NISP","NISP","NISP","NISP","NISP","NISP","NISP","NISP","NISP","NISP","NISP","NISP","NISP","NISP","NISP","NISP","volume","quantity added","concentration","counted","pollen","pollen","pollen","pollen","pollen","pollen","pollen","spore","pollen","pollen","pollen","pollen","pollen","pollen","pollen","pollen","pollen","pollen","pollen","pollen","pollen","pollen","pollen","pollen","pollen","pollen","spore","pollen","pollen","pollen","pollen","spore","pollen","pollen","pollen","pollen","pollen","pollen","pollen","pollen","spore","pollen","pollen","pollen","pollen","spore","pollen","pollen","pollen","pollen","pollen","pollen","pollen","pollen","pollen","pollen","pollen","pollen","pollen","pollen","pollen","pollen","pollen","pollen","pollen","pollen","pollen","pollen/spore","pollen","pollen","pollen","pollen","pollen","pollen","pollen","pollen","spore","pollen","pollen","pollen","spore","pollen","pollen","pollen","pollen/spore","pollen","pollen","pollen","pollen","pollen","pollen","pollen","pollen","pollen","pollen","pollen","pollen","pollen","pollen","pollen","pollen","pollen","pollen","pollen","pollen","pollen","pollen","pollen","pollen","pollen","pollen","pollen","pollen","pollen","pollen","pollen","pollen","pollen","pollen","pollen","pollen","pollen","pollen","pollen","pollen","pollen","pollen","pollen","pollen","pollen","pollen","pollen","pollen","pollen","pollen/spore","pollen/spore","pollen","pollen","pollen","pollen","pollen","pollen","pollen","pollen","pollen","pollen","pollen","pollen/spore","pollen","pollen","pollen","pollen","pollen","pollen","pollen","pollen","pollen","pollen","pollen","pollen","pollen","pollen","pollen","pollen","pollen","pollen","pollen","pollen","pollen","pollen","pollen","pollen/spore","spore","spore","spore","spore","spore","spore","spore","spore","spore","spore","pollen","pollen","pollen","pollen","pollen","pollen","spore","spore","spore","spore","spore","spore","spore","spore","Lake Victoria (Shirati Bay) LV2",33.9463333333333,33.9463333333333,-1.13083333333333,-1.13083333333333,1135,6880000,"Tanzania",NA,NA,NA,NA,68,33134,"LVC18_S2","Lake Victoria LV2","Core","UWITEC piston corer","2018-10-01",NA,"Natural Lake",22.6,NA,NA,NA,NA,NA,NA,NA,NA,"2,3,6,7,10",44876,"8777,15357,20039,20044,9599","Gobet, E.|Grosjean, M.|Muschick, M.|Seehausen, O.|Tinner, W.",2,"Depth",9,"Carbon-14","Radiocarbon years BP",155,2,"BE-15541",1980,30,30,1,30,"False","Pollen concentrate","Corrected to 1410 +/- 410 radiocarbon yr BP","Temoltzin-Loranca et al. 2023",1,20036,"Temoltzin-Loranca, Y.","Radiocarbon",2010,1950,1,18278,18278,"Courtney-Mustaphi, Colin","Courtney-Mustaphi, C.J.","Courtney-Mustaphi","Colin","C.J.","Dr.","active","Department of Environmental Sciences
Geoecology
University of Basel
Basel, Switzerland","","","","",1,"true","journal article",20442,"https://doi.org/10.1016/j.quascirev.2022.107915",2023,"Temoltzin-Loranca, Y., E. Gobet, B. Vannière, J.F.N. van Leeuwen, G. Wienhues, S. Szidat, C. Courtney-Mustaphi, M. Kishe, M. Muschick, O. Seehausen, M. Grosjean, and W. Tinner. 2023. A chronologically reliable record of 17,000 years of biomass burning in the Lake Victoria area. Quaternary Science Reviews 301:107915. [DOI: https://doi.org/10.1016/j.quascirev.2022.107915]","A chronologically reliable record of 17,000 years of biomass burning in the Lake Victoria area","Quaternary Science Reviews",301,107915,1,9,"Temoltzin-Loranca","Y.","20036,8777,9974,15224,20037,13851,18278,20038,20039,20044,15357,9599","Temoltzin-Loranca, Y.|Gobet, E.|Vannière, B.|van Leeuwen, J.F.N.|Wienhues, G.|Szidat, S.|Courtney-Mustaphi, C.J.|Kishe, M.|Muschick, M.|Seehausen, O.|Grosjean, M.|Tinner, W.",15695,"18278,8777,15357,20038,20039,20044,13851,20036,9599,15224,9974,20037","Morales-Molino, C.","Courtney-Mustaphi, C.J.|Gobet, E.|Grosjean, M.|Kishe, M.|Muschick, M.|Seehausen, O.|Szidat, S.|Temoltzin-Loranca, Y.|Tinner, W.|van Leeuwen, J.F.N.|Vannière, B.|Wienhues, G.","Pollen","LV2 pollen",1,"Temoltzin-Loranca et al. (2023)","Calendar years BP","True",NA,"rbacon",15500,-60,NA,"Temoltzin-Loranca, Y.",9,20036,"Temoltzin-Loranca, Y.",NA,NA,NA,NA
89,1,1,804,1,4,9666,354,13,4,28,15,4,19,0,0,0,0,0,0,0,0,0,0,0,0,0,0,0,0,0,0,0,0,0,0,0,0,0,0,0,0,0,0,0,0,0,0,0,0,0,0,0,0,0,0,0,0,0,0,0,0,0,0,0,0,0,0,0,0,0,0,0,0,0,0,0,0,0,0,0,0,0,0,0,0,0,0,0,0,4,205,27,14,13,0,0,6,0,4,1,0,0,6,0,0,1,0,0,0,0,0,0,1,0,0,0,0,0,1,3,0,0,0,0,0,0,0,0,0,1,1,0,0,0,0,0,0,2,1,0,3,0,1,1,0,0,0,0,0,0,0,0,0,0,1,1,1,4,0,1,0,0,1,1,0,0,0,0,0,0,0,0,4,0,0,0,0,0,12,0,2,0,0,0,0,1,0,1,0,0,1,1,0,0,0,0,0,0,0,0,0,0,0,"ml","number","spores/tablet","number","NISP","NISP","NISP","NISP","NISP","NISP","NISP","NISP","NISP","NISP","NISP","NISP","NISP","NISP","NISP","NISP","NISP","NISP","NISP","NISP","NISP","NISP","NISP","NISP","NISP","NISP","NISP","NISP","NISP","NISP","NISP","NISP","NISP","NISP","NISP","NISP","NISP","NISP","NISP","NISP","NISP","NISP","NISP","NISP","NISP","NISP","NISP","NISP","NISP","NISP","NISP","NISP","NISP","NISP","NISP","NISP","NISP","NISP","NISP","NISP","NISP","NISP","NISP","NISP","NISP","NISP","NISP","NISP","NISP","NISP","NISP","NISP","NISP","NISP","NISP","NISP","NISP","NISP","NISP","NISP","NISP","NISP","NISP","NISP","NISP","NISP","NISP","NISP","NISP","NISP","NISP","NISP","NISP","NISP","NISP","NISP","NISP","NISP","NISP","NISP","NISP","NISP","NISP","NISP","NISP","NISP","NISP","NISP","NISP","NISP","NISP","NISP","NISP","NISP","NISP","NISP","NISP","NISP","NISP","NISP","NISP","NISP","NISP","NISP","NISP","NISP","NISP","NISP","NISP","NISP","NISP","NISP","NISP","NISP","NISP","NISP","NISP","NISP","NISP","NISP","NISP","NISP","NISP","NISP","NISP","NISP","NISP","NISP","NISP","NISP","NISP","NISP","NISP","NISP","NISP","NISP","NISP","NISP","NISP","NISP","NISP","NISP","NISP","NISP","NISP","NISP","NISP","NISP","NISP","NISP","NISP","NISP","NISP","NISP","NISP","NISP","NISP","NISP","NISP","NISP","NISP","NISP","NISP","NISP","NISP","NISP","NISP","NISP","NISP","NISP","NISP","NISP","NISP","NISP","NISP","NISP","volume","quantity added","concentration","counted","pollen","pollen","pollen","pollen","pollen","pollen","pollen","spore","pollen","pollen","pollen","pollen","pollen","pollen","pollen","pollen","pollen","pollen","pollen","pollen","pollen","pollen","pollen","pollen","pollen","pollen","spore","pollen","pollen","pollen","pollen","spore","pollen","pollen","pollen","pollen","pollen","pollen","pollen","pollen","spore","pollen","pollen","pollen","pollen","spore","pollen","pollen","pollen","pollen","pollen","pollen","pollen","pollen","pollen","pollen","pollen","pollen","pollen","pollen","pollen","pollen","pollen","pollen","pollen","pollen","pollen","pollen/spore","pollen","pollen","pollen","pollen","pollen","pollen","pollen","pollen","spore","pollen","pollen","pollen","spore","pollen","pollen","pollen","pollen/spore","pollen","pollen","pollen","pollen","pollen","pollen","pollen","pollen","pollen","pollen","pollen","pollen","pollen","pollen","pollen","pollen","pollen","pollen","pollen","pollen","pollen","pollen","pollen","pollen","pollen","pollen","pollen","pollen","pollen","pollen","pollen","pollen","pollen","pollen","pollen","pollen","pollen","pollen","pollen","pollen","pollen","pollen","pollen","pollen","pollen","pollen","pollen","pollen","pollen","pollen/spore","pollen/spore","pollen","pollen","pollen","pollen","pollen","pollen","pollen","pollen","pollen","pollen","pollen","pollen/spore","pollen","pollen","pollen","pollen","pollen","pollen","pollen","pollen","pollen","pollen","pollen","pollen","pollen","pollen","pollen","pollen","pollen","pollen","pollen","pollen","pollen","pollen","pollen","pollen/spore","spore","spore","spore","spore","spore","spore","spore","spore","spore","spore","pollen","pollen","pollen","pollen","pollen","pollen","spore","spore","spore","spore","spore","spore","spore","spore","Lake Victoria (Shirati Bay) LV2",33.9463333333333,33.9463333333333,-1.13083333333333,-1.13083333333333,1135,6880000,"Tanzania",NA,NA,NA,NA,68,33134,"LVC18_S2","Lake Victoria LV2","Core","UWITEC piston corer","2018-10-01",NA,"Natural Lake",22.6,NA,NA,NA,NA,NA,NA,NA,NA,"2,3,6,7,10",44876,"8777,15357,20039,20044,9599","Gobet, E.|Grosjean, M.|Muschick, M.|Seehausen, O.|Tinner, W.",3,"Depth",9,"Carbon-14","Radiocarbon years BP",185,2,"BE-15542",2260,30,30,1,30,"False","Pollen concentrate","Corrected to 1690 +/- 410 radiocarbon yr BP","Temoltzin-Loranca et al. 2023",1,20036,"Temoltzin-Loranca, Y.","Radiocarbon",2290,2230,2,8777,8777,"Gobet, Erika","Gobet, E.","Gobet","Erika","E.","Dr.","active","Institute of Plant Sciences & Oeschger Centre for Climate Change Research
University of Bern
Altenbergrain 21
CH-3013 Bern
Switzerland","erika.gobet@ips.unibe.ch","","","",1,"true","journal article",20442,"https://doi.org/10.1016/j.quascirev.2022.107915",2023,"Temoltzin-Loranca, Y., E. Gobet, B. Vannière, J.F.N. van Leeuwen, G. Wienhues, S. Szidat, C. Courtney-Mustaphi, M. Kishe, M. Muschick, O. Seehausen, M. Grosjean, and W. Tinner. 2023. A chronologically reliable record of 17,000 years of biomass burning in the Lake Victoria area. Quaternary Science Reviews 301:107915. [DOI: https://doi.org/10.1016/j.quascirev.2022.107915]","A chronologically reliable record of 17,000 years of biomass burning in the Lake Victoria area","Quaternary Science Reviews",301,107915,1,2,"Gobet","E.","20036,8777,9974,15224,20037,13851,18278,20038,20039,20044,15357,9599","Temoltzin-Loranca, Y.|Gobet, E.|Vannière, B.|van Leeuwen, J.F.N.|Wienhues, G.|Szidat, S.|Courtney-Mustaphi, C.J.|Kishe, M.|Muschick, M.|Seehausen, O.|Grosjean, M.|Tinner, W.",15695,"18278,8777,15357,20038,20039,20044,13851,20036,9599,15224,9974,20037","Morales-Molino, C.","Courtney-Mustaphi, C.J.|Gobet, E.|Grosjean, M.|Kishe, M.|Muschick, M.|Seehausen, O.|Szidat, S.|Temoltzin-Loranca, Y.|Tinner, W.|van Leeuwen, J.F.N.|Vannière, B.|Wienhues, G.","Pollen","LV2 pollen",1,"Temoltzin-Loranca et al. (2023)","Calendar years BP","True",NA,"rbacon",15500,-60,NA,"Temoltzin-Loranca, Y.",9,20036,"Temoltzin-Loranca, Y.",NA,NA,NA,NA
129,1,1,1219,1,4,9666,266,12,14,20,20,2,12,0,0,0,0,0,0,0,0,0,0,0,0,0,0,0,0,0,0,0,0,0,0,0,0,0,0,0,0,0,0,0,0,0,0,0,0,0,0,0,0,0,0,0,0,0,0,0,0,0,0,0,0,0,0,0,0,0,0,0,0,0,0,0,0,0,0,0,0,0,0,0,0,0,0,0,0,1,223,26,39,10,0,1,2,1,2,0,0,0,3,0,3,0,1,0,1,0,0,1,0,0,0,0,0,0,0,0,0,0,0,0,0,0,0,1,0,0,1,3,0,0,0,0,0,1,0,0,4,0,1,0,0,0,0,0,0,0,1,0,0,0,1,0,1,1,0,1,0,2,0,0,0,0,0,0,0,0,0,1,3,0,0,0,0,0,9,5,1,0,0,0,1,0,0,0,0,0,0,1,0,0,0,1,0,0,0,1,0,0,0,"ml","number","spores/tablet","number","NISP","NISP","NISP","NISP","NISP","NISP","NISP","NISP","NISP","NISP","NISP","NISP","NISP","NISP","NISP","NISP","NISP","NISP","NISP","NISP","NISP","NISP","NISP","NISP","NISP","NISP","NISP","NISP","NISP","NISP","NISP","NISP","NISP","NISP","NISP","NISP","NISP","NISP","NISP","NISP","NISP","NISP","NISP","NISP","NISP","NISP","NISP","NISP","NISP","NISP","NISP","NISP","NISP","NISP","NISP","NISP","NISP","NISP","NISP","NISP","NISP","NISP","NISP","NISP","NISP","NISP","NISP","NISP","NISP","NISP","NISP","NISP","NISP","NISP","NISP","NISP","NISP","NISP","NISP","NISP","NISP","NISP","NISP","NISP","NISP","NISP","NISP","NISP","NISP","NISP","NISP","NISP","NISP","NISP","NISP","NISP","NISP","NISP","NISP","NISP","NISP","NISP","NISP","NISP","NISP","NISP","NISP","NISP","NISP","NISP","NISP","NISP","NISP","NISP","NISP","NISP","NISP","NISP","NISP","NISP","NISP","NISP","NISP","NISP","NISP","NISP","NISP","NISP","NISP","NISP","NISP","NISP","NISP","NISP","NISP","NISP","NISP","NISP","NISP","NISP","NISP","NISP","NISP","NISP","NISP","NISP","NISP","NISP","NISP","NISP","NISP","NISP","NISP","NISP","NISP","NISP","NISP","NISP","NISP","NISP","NISP","NISP","NISP","NISP","NISP","NISP","NISP","NISP","NISP","NISP","NISP","NISP","NISP","NISP","NISP","NISP","NISP","NISP","NISP","NISP","NISP","NISP","NISP","NISP","NISP","NISP","NISP","NISP","NISP","NISP","NISP","NISP","NISP","NISP","NISP","NISP","volume","quantity added","concentration","counted","pollen","pollen","pollen","pollen","pollen","pollen","pollen","spore","pollen","pollen","pollen","pollen","pollen","pollen","pollen","pollen","pollen","pollen","pollen","pollen","pollen","pollen","pollen","pollen","pollen","pollen","spore","pollen","pollen","pollen","pollen","spore","pollen","pollen","pollen","pollen","pollen","pollen","pollen","pollen","spore","pollen","pollen","pollen","pollen","spore","pollen","pollen","pollen","pollen","pollen","pollen","pollen","pollen","pollen","pollen","pollen","pollen","pollen","pollen","pollen","pollen","pollen","pollen","pollen","pollen","pollen","pollen/spore","pollen","pollen","pollen","pollen","pollen","pollen","pollen","pollen","spore","pollen","pollen","pollen","spore","pollen","pollen","pollen","pollen/spore","pollen","pollen","pollen","pollen","pollen","pollen","pollen","pollen","pollen","pollen","pollen","pollen","pollen","pollen","pollen","pollen","pollen","pollen","pollen","pollen","pollen","pollen","pollen","pollen","pollen","pollen","pollen","pollen","pollen","pollen","pollen","pollen","pollen","pollen","pollen","pollen","pollen","pollen","pollen","pollen","pollen","pollen","pollen","pollen","pollen","pollen","pollen","pollen","pollen","pollen/spore","pollen/spore","pollen","pollen","pollen","pollen","pollen","pollen","pollen","pollen","pollen","pollen","pollen","pollen/spore","pollen","pollen","pollen","pollen","pollen","pollen","pollen","pollen","pollen","pollen","pollen","pollen","pollen","pollen","pollen","pollen","pollen","pollen","pollen","pollen","pollen","pollen","pollen","pollen/spore","spore","spore","spore","spore","spore","spore","spore","spore","spore","spore","pollen","pollen","pollen","pollen","pollen","pollen","spore","spore","spore","spore","spore","spore","spore","spore","Lake Victoria (Shirati Bay) LV2",33.9463333333333,33.9463333333333,-1.13083333333333,-1.13083333333333,1135,6880000,"Tanzania",NA,NA,NA,NA,68,33134,"LVC18_S2","Lake Victoria LV2","Core","UWITEC piston corer","2018-10-01",NA,"Natural Lake",22.6,NA,NA,NA,NA,NA,NA,NA,NA,"2,3,6,7,10",44876,"8777,15357,20039,20044,9599","Gobet, E.|Grosjean, M.|Muschick, M.|Seehausen, O.|Tinner, W.",4,"Depth",9,"Carbon-14","Radiocarbon years BP",213,2,"BE-15543",2620,30,30,1,30,"False","Pollen concentrate","Corrected to 2050 +/- 410 radiocarbon yr BP","Temoltzin-Loranca et al. 2023",1,20036,"Temoltzin-Loranca, Y.","Radiocarbon",2650,2590,2,8777,8777,"Gobet, Erika","Gobet, E.","Gobet","Erika","E.","Dr.","active","Institute of Plant Sciences & Oeschger Centre for Climate Change Research
University of Bern
Altenbergrain 21
CH-3013 Bern
Switzerland","erika.gobet@ips.unibe.ch","","","",1,"true","journal article",20442,"https://doi.org/10.1016/j.quascirev.2022.107915",2023,"Temoltzin-Loranca, Y., E. Gobet, B. Vannière, J.F.N. van Leeuwen, G. Wienhues, S. Szidat, C. Courtney-Mustaphi, M. Kishe, M. Muschick, O. Seehausen, M. Grosjean, and W. Tinner. 2023. A chronologically reliable record of 17,000 years of biomass burning in the Lake Victoria area. Quaternary Science Reviews 301:107915. [DOI: https://doi.org/10.1016/j.quascirev.2022.107915]","A chronologically reliable record of 17,000 years of biomass burning in the Lake Victoria area","Quaternary Science Reviews",301,107915,1,2,"Gobet","E.","20036,8777,9974,15224,20037,13851,18278,20038,20039,20044,15357,9599","Temoltzin-Loranca, Y.|Gobet, E.|Vannière, B.|van Leeuwen, J.F.N.|Wienhues, G.|Szidat, S.|Courtney-Mustaphi, C.J.|Kishe, M.|Muschick, M.|Seehausen, O.|Grosjean, M.|Tinner, W.",15695,"18278,8777,15357,20038,20039,20044,13851,20036,9599,15224,9974,20037","Morales-Molino, C.","Courtney-Mustaphi, C.J.|Gobet, E.|Grosjean, M.|Kishe, M.|Muschick, M.|Seehausen, O.|Szidat, S.|Temoltzin-Loranca, Y.|Tinner, W.|van Leeuwen, J.F.N.|Vannière, B.|Wienhues, G.","Pollen","LV2 pollen",1,"Temoltzin-Loranca et al. (2023)","Calendar years BP","True",NA,"rbacon",15500,-60,NA,"Temoltzin-Loranca, Y.",9,20036,"Temoltzin-Loranca, Y.",NA,NA,NA,NA
169,1,1,1644,1,4,9666,312,22,10,31,19,6,11,0,0,0,0,0,0,0,0,0,0,0,0,0,0,0,0,0,0,0,0,0,0,0,0,0,0,0,0,0,0,0,0,0,0,0,0,0,0,0,0,0,0,0,0,0,0,0,0,0,0,0,0,0,0,0,0,0,0,0,0,0,0,0,0,0,0,0,0,0,0,0,0,0,0,0,0,3,196,16,35,8,0,1,1,1,5,0,0,0,17,0,4,0,0,0,0,0,0,0,1,0,0,0,1,0,1,2,0,0,1,0,1,0,1,0,0,0,0,0,1,1,0,0,1,3,0,0,2,0,1,0,0,0,0,0,0,0,0,0,0,0,1,0,1,2,0,0,0,0,1,0,0,0,0,0,0,0,0,0,2,0,0,0,0,0,19,3,1,0,0,0,0,0,0,2,0,0,0,0,0,0,0,0,1,0,0,0,0,0,0,"ml","number","spores/tablet","number","NISP","NISP","NISP","NISP","NISP","NISP","NISP","NISP","NISP","NISP","NISP","NISP","NISP","NISP","NISP","NISP","NISP","NISP","NISP","NISP","NISP","NISP","NISP","NISP","NISP","NISP","NISP","NISP","NISP","NISP","NISP","NISP","NISP","NISP","NISP","NISP","NISP","NISP","NISP","NISP","NISP","NISP","NISP","NISP","NISP","NISP","NISP","NISP","NISP","NISP","NISP","NISP","NISP","NISP","NISP","NISP","NISP","NISP","NISP","NISP","NISP","NISP","NISP","NISP","NISP","NISP","NISP","NISP","NISP","NISP","NISP","NISP","NISP","NISP","NISP","NISP","NISP","NISP","NISP","NISP","NISP","NISP","NISP","NISP","NISP","NISP","NISP","NISP","NISP","NISP","NISP","NISP","NISP","NISP","NISP","NISP","NISP","NISP","NISP","NISP","NISP","NISP","NISP","NISP","NISP","NISP","NISP","NISP","NISP","NISP","NISP","NISP","NISP","NISP","NISP","NISP","NISP","NISP","NISP","NISP","NISP","NISP","NISP","NISP","NISP","NISP","NISP","NISP","NISP","NISP","NISP","NISP","NISP","NISP","NISP","NISP","NISP","NISP","NISP","NISP","NISP","NISP","NISP","NISP","NISP","NISP","NISP","NISP","NISP","NISP","NISP","NISP","NISP","NISP","NISP","NISP","NISP","NISP","NISP","NISP","NISP","NISP","NISP","NISP","NISP","NISP","NISP","NISP","NISP","NISP","NISP","NISP","NISP","NISP","NISP","NISP","NISP","NISP","NISP","NISP","NISP","NISP","NISP","NISP","NISP","NISP","NISP","NISP","NISP","NISP","NISP","NISP","NISP","NISP","NISP","NISP","volume","quantity added","concentration","counted","pollen","pollen","pollen","pollen","pollen","pollen","pollen","spore","pollen","pollen","pollen","pollen","pollen","pollen","pollen","pollen","pollen","pollen","pollen","pollen","pollen","pollen","pollen","pollen","pollen","pollen","spore","pollen","pollen","pollen","pollen","spore","pollen","pollen","pollen","pollen","pollen","pollen","pollen","pollen","spore","pollen","pollen","pollen","pollen","spore","pollen","pollen","pollen","pollen","pollen","pollen","pollen","pollen","pollen","pollen","pollen","pollen","pollen","pollen","pollen","pollen","pollen","pollen","pollen","pollen","pollen","pollen/spore","pollen","pollen","pollen","pollen","pollen","pollen","pollen","pollen","spore","pollen","pollen","pollen","spore","pollen","pollen","pollen","pollen/spore","pollen","pollen","pollen","pollen","pollen","pollen","pollen","pollen","pollen","pollen","pollen","pollen","pollen","pollen","pollen","pollen","pollen","pollen","pollen","pollen","pollen","pollen","pollen","pollen","pollen","pollen","pollen","pollen","pollen","pollen","pollen","pollen","pollen","pollen","pollen","pollen","pollen","pollen","pollen","pollen","pollen","pollen","pollen","pollen","pollen","pollen","pollen","pollen","pollen","pollen/spore","pollen/spore","pollen","pollen","pollen","pollen","pollen","pollen","pollen","pollen","pollen","pollen","pollen","pollen/spore","pollen","pollen","pollen","pollen","pollen","pollen","pollen","pollen","pollen","pollen","pollen","pollen","pollen","pollen","pollen","pollen","pollen","pollen","pollen","pollen","pollen","pollen","pollen","pollen/spore","spore","spore","spore","spore","spore","spore","spore","spore","spore","spore","pollen","pollen","pollen","pollen","pollen","pollen","spore","spore","spore","spore","spore","spore","spore","spore","Lake Victoria (Shirati Bay) LV2",33.9463333333333,33.9463333333333,-1.13083333333333,-1.13083333333333,1135,6880000,"Tanzania",NA,NA,NA,NA,68,33134,"LVC18_S2","Lake Victoria LV2","Core","UWITEC piston corer","2018-10-01",NA,"Natural Lake",22.6,NA,NA,NA,NA,NA,NA,NA,NA,"2,3,6,7,10",44876,"8777,15357,20039,20044,9599","Gobet, E.|Grosjean, M.|Muschick, M.|Seehausen, O.|Tinner, W.",5,"Depth",9,"Carbon-14","Radiocarbon years BP",241,2,"BE-15544",2870,40,40,1,40,"False","Pollen concentrate","Corrected to 2300 +/- 410 radiocarbon yr BP","Temoltzin-Loranca et al. 2023",1,20036,"Temoltzin-Loranca, Y.","Radiocarbon",2910,2830,3,15357,15357,"Grosjean, Martin","Grosjean, M.","Grosjean","Martin","M.","Prof. Dr.","active","Institute of Geography
University of Bern
Erlachstrasse 9a
3012 Bern, Switzerland","martin.grosjean@giub.unibe.ch","","","",1,"true","journal article",20442,"https://doi.org/10.1016/j.quascirev.2022.107915",2023,"Temoltzin-Loranca, Y., E. Gobet, B. Vannière, J.F.N. van Leeuwen, G. Wienhues, S. Szidat, C. Courtney-Mustaphi, M. Kishe, M. Muschick, O. Seehausen, M. Grosjean, and W. Tinner. 2023. A chronologically reliable record of 17,000 years of biomass burning in the Lake Victoria area. Quaternary Science Reviews 301:107915. [DOI: https://doi.org/10.1016/j.quascirev.2022.107915]","A chronologically reliable record of 17,000 years of biomass burning in the Lake Victoria area","Quaternary Science Reviews",301,107915,1,12,"Vannière","B.","20036,8777,9974,15224,20037,13851,18278,20038,20039,20044,15357,9599","Temoltzin-Loranca, Y.|Gobet, E.|Vannière, B.|van Leeuwen, J.F.N.|Wienhues, G.|Szidat, S.|Courtney-Mustaphi, C.J.|Kishe, M.|Muschick, M.|Seehausen, O.|Grosjean, M.|Tinner, W.",15695,"18278,8777,15357,20038,20039,20044,13851,20036,9599,15224,9974,20037","Morales-Molino, C.","Courtney-Mustaphi, C.J.|Gobet, E.|Grosjean, M.|Kishe, M.|Muschick, M.|Seehausen, O.|Szidat, S.|Temoltzin-Loranca, Y.|Tinner, W.|van Leeuwen, J.F.N.|Vannière, B.|Wienhues, G.","Pollen","LV2 pollen",1,"Temoltzin-Loranca et al. (2023)","Calendar years BP","True",NA,"rbacon",15500,-60,NA,"Temoltzin-Loranca, Y.",9,20036,"Temoltzin-Loranca, Y.",NA,NA,NA,NA
209,1,1,2172,1,4,9666,305,22,20,48,14,7,18,0,0,0,0,0,0,0,0,0,0,0,0,0,0,0,0,0,0,0,0,0,0,0,0,0,0,0,0,0,0,0,0,0,0,0,0,0,0,0,0,0,0,0,0,0,0,0,0,0,0,0,0,0,0,0,0,0,0,0,0,0,0,0,0,0,0,0,0,0,0,0,0,0,0,0,0,1,194,18,26,13,1,2,2,0,4,2,0,0,16,1,3,3,0,0,0,0,0,1,4,0,0,0,0,0,0,0,0,1,0,0,0,0,0,0,0,0,3,2,0,0,0,1,0,0,0,0,7,2,0,3,0,1,1,0,0,2,0,0,0,0,1,0,2,4,0,0,0,1,0,0,0,0,0,0,0,0,0,0,6,1,0,0,0,0,24,0,4,0,0,0,0,0,0,0,0,0,0,1,0,0,0,1,1,0,0,0,0,0,0,"ml","number","spores/tablet","number","NISP","NISP","NISP","NISP","NISP","NISP","NISP","NISP","NISP","NISP","NISP","NISP","NISP","NISP","NISP","NISP","NISP","NISP","NISP","NISP","NISP","NISP","NISP","NISP","NISP","NISP","NISP","NISP","NISP","NISP","NISP","NISP","NISP","NISP","NISP","NISP","NISP","NISP","NISP","NISP","NISP","NISP","NISP","NISP","NISP","NISP","NISP","NISP","NISP","NISP","NISP","NISP","NISP","NISP","NISP","NISP","NISP","NISP","NISP","NISP","NISP","NISP","NISP","NISP","NISP","NISP","NISP","NISP","NISP","NISP","NISP","NISP","NISP","NISP","NISP","NISP","NISP","NISP","NISP","NISP","NISP","NISP","NISP","NISP","NISP","NISP","NISP","NISP","NISP","NISP","NISP","NISP","NISP","NISP","NISP","NISP","NISP","NISP","NISP","NISP","NISP","NISP","NISP","NISP","NISP","NISP","NISP","NISP","NISP","NISP","NISP","NISP","NISP","NISP","NISP","NISP","NISP","NISP","NISP","NISP","NISP","NISP","NISP","NISP","NISP","NISP","NISP","NISP","NISP","NISP","NISP","NISP","NISP","NISP","NISP","NISP","NISP","NISP","NISP","NISP","NISP","NISP","NISP","NISP","NISP","NISP","NISP","NISP","NISP","NISP","NISP","NISP","NISP","NISP","NISP","NISP","NISP","NISP","NISP","NISP","NISP","NISP","NISP","NISP","NISP","NISP","NISP","NISP","NISP","NISP","NISP","NISP","NISP","NISP","NISP","NISP","NISP","NISP","NISP","NISP","NISP","NISP","NISP","NISP","NISP","NISP","NISP","NISP","NISP","NISP","NISP","NISP","NISP","NISP","NISP","NISP","volume","quantity added","concentration","counted","pollen","pollen","pollen","pollen","pollen","pollen","pollen","spore","pollen","pollen","pollen","pollen","pollen","pollen","pollen","pollen","pollen","pollen","pollen","pollen","pollen","pollen","pollen","pollen","pollen","pollen","spore","pollen","pollen","pollen","pollen","spore","pollen","pollen","pollen","pollen","pollen","pollen","pollen","pollen","spore","pollen","pollen","pollen","pollen","spore","pollen","pollen","pollen","pollen","pollen","pollen","pollen","pollen","pollen","pollen","pollen","pollen","pollen","pollen","pollen","pollen","pollen","pollen","pollen","pollen","pollen","pollen/spore","pollen","pollen","pollen","pollen","pollen","pollen","pollen","pollen","spore","pollen","pollen","pollen","spore","pollen","pollen","pollen","pollen/spore","pollen","pollen","pollen","pollen","pollen","pollen","pollen","pollen","pollen","pollen","pollen","pollen","pollen","pollen","pollen","pollen","pollen","pollen","pollen","pollen","pollen","pollen","pollen","pollen","pollen","pollen","pollen","pollen","pollen","pollen","pollen","pollen","pollen","pollen","pollen","pollen","pollen","pollen","pollen","pollen","pollen","pollen","pollen","pollen","pollen","pollen","pollen","pollen","pollen","pollen/spore","pollen/spore","pollen","pollen","pollen","pollen","pollen","pollen","pollen","pollen","pollen","pollen","pollen","pollen/spore","pollen","pollen","pollen","pollen","pollen","pollen","pollen","pollen","pollen","pollen","pollen","pollen","pollen","pollen","pollen","pollen","pollen","pollen","pollen","pollen","pollen","pollen","pollen","pollen/spore","spore","spore","spore","spore","spore","spore","spore","spore","spore","spore","pollen","pollen","pollen","pollen","pollen","pollen","spore","spore","spore","spore","spore","spore","spore","spore","Lake Victoria (Shirati Bay) LV2",33.9463333333333,33.9463333333333,-1.13083333333333,-1.13083333333333,1135,6880000,"Tanzania",NA,NA,NA,NA,68,33134,"LVC18_S2","Lake Victoria LV2","Core","UWITEC piston corer","2018-10-01",NA,"Natural Lake",22.6,NA,NA,NA,NA,NA,NA,NA,NA,"2,3,6,7,10",44876,"8777,15357,20039,20044,9599","Gobet, E.|Grosjean, M.|Muschick, M.|Seehausen, O.|Tinner, W.",6,"Depth",9,"Carbon-14","Radiocarbon years BP",269,2,"BE-15545",3310,30,30,1,30,"False","Pollen concentrate","Corrected to 2740 +/- 410 radiocarbon yr BP","Temoltzin-Loranca et al. 2023",1,20036,"Temoltzin-Loranca, Y.","Radiocarbon",3340,3280,3,15357,15357,"Grosjean, Martin","Grosjean, M.","Grosjean","Martin","M.","Prof. Dr.","active","Institute of Geography
University of Bern
Erlachstrasse 9a
3012 Bern, Switzerland","martin.grosjean@giub.unibe.ch","","","",1,"true","journal article",20442,"https://doi.org/10.1016/j.quascirev.2022.107915",2023,"Temoltzin-Loranca, Y., E. Gobet, B. Vannière, J.F.N. van Leeuwen, G. Wienhues, S. Szidat, C. Courtney-Mustaphi, M. Kishe, M. Muschick, O. Seehausen, M. Grosjean, and W. Tinner. 2023. A chronologically reliable record of 17,000 years of biomass burning in the Lake Victoria area. Quaternary Science Reviews 301:107915. [DOI: https://doi.org/10.1016/j.quascirev.2022.107915]","A chronologically reliable record of 17,000 years of biomass burning in the Lake Victoria area","Quaternary Science Reviews",301,107915,1,12,"Vannière","B.","20036,8777,9974,15224,20037,13851,18278,20038,20039,20044,15357,9599","Temoltzin-Loranca, Y.|Gobet, E.|Vannière, B.|van Leeuwen, J.F.N.|Wienhues, G.|Szidat, S.|Courtney-Mustaphi, C.J.|Kishe, M.|Muschick, M.|Seehausen, O.|Grosjean, M.|Tinner, W.",15695,"18278,8777,15357,20038,20039,20044,13851,20036,9599,15224,9974,20037","Morales-Molino, C.","Courtney-Mustaphi, C.J.|Gobet, E.|Grosjean, M.|Kishe, M.|Muschick, M.|Seehausen, O.|Szidat, S.|Temoltzin-Loranca, Y.|Tinner, W.|van Leeuwen, J.F.N.|Vannière, B.|Wienhues, G.","Pollen","LV2 pollen",1,"Temoltzin-Loranca et al. (2023)","Calendar years BP","True",NA,"rbacon",15500,-60,NA,"Temoltzin-Loranca, Y.",9,20036,"Temoltzin-Loranca, Y.",NA,NA,NA,NA
247,1,1,2791,1,4,9666,320,25,16,57,13,10,18,0,0,0,0,0,0,0,0,0,0,0,0,0,0,0,0,0,0,0,0,0,0,0,0,0,0,0,0,0,0,0,0,0,0,0,0,0,0,0,0,0,0,0,0,0,0,0,0,0,0,0,0,0,0,0,0,0,0,0,0,0,0,0,0,0,0,0,0,0,0,0,0,0,0,0,0,3,227,13,33,5,1,2,3,2,3,0,0,3,24,1,2,0,0,0,0,0,1,0,1,0,0,0,0,0,0,2,1,2,0,0,0,0,0,0,0,0,1,1,1,0,0,0,0,0,0,0,4,1,0,0,0,0,0,0,0,1,0,0,0,0,0,1,1,2,0,1,0,1,0,0,0,0,1,0,0,0,0,0,3,2,2,0,0,0,30,3,1,0,0,0,0,0,1,1,0,0,0,2,0,0,0,1,0,0,0,0,0,0,0,"ml","number","spores/tablet","number","NISP","NISP","NISP","NISP","NISP","NISP","NISP","NISP","NISP","NISP","NISP","NISP","NISP","NISP","NISP","NISP","NISP","NISP","NISP","NISP","NISP","NISP","NISP","NISP","NISP","NISP","NISP","NISP","NISP","NISP","NISP","NISP","NISP","NISP","NISP","NISP","NISP","NISP","NISP","NISP","NISP","NISP","NISP","NISP","NISP","NISP","NISP","NISP","NISP","NISP","NISP","NISP","NISP","NISP","NISP","NISP","NISP","NISP","NISP","NISP","NISP","NISP","NISP","NISP","NISP","NISP","NISP","NISP","NISP","NISP","NISP","NISP","NISP","NISP","NISP","NISP","NISP","NISP","NISP","NISP","NISP","NISP","NISP","NISP","NISP","NISP","NISP","NISP","NISP","NISP","NISP","NISP","NISP","NISP","NISP","NISP","NISP","NISP","NISP","NISP","NISP","NISP","NISP","NISP","NISP","NISP","NISP","NISP","NISP","NISP","NISP","NISP","NISP","NISP","NISP","NISP","NISP","NISP","NISP","NISP","NISP","NISP","NISP","NISP","NISP","NISP","NISP","NISP","NISP","NISP","NISP","NISP","NISP","NISP","NISP","NISP","NISP","NISP","NISP","NISP","NISP","NISP","NISP","NISP","NISP","NISP","NISP","NISP","NISP","NISP","NISP","NISP","NISP","NISP","NISP","NISP","NISP","NISP","NISP","NISP","NISP","NISP","NISP","NISP","NISP","NISP","NISP","NISP","NISP","NISP","NISP","NISP","NISP","NISP","NISP","NISP","NISP","NISP","NISP","NISP","NISP","NISP","NISP","NISP","NISP","NISP","NISP","NISP","NISP","NISP","NISP","NISP","NISP","NISP","NISP","NISP","volume","quantity added","concentration","counted","pollen","pollen","pollen","pollen","pollen","pollen","pollen","spore","pollen","pollen","pollen","pollen","pollen","pollen","pollen","pollen","pollen","pollen","pollen","pollen","pollen","pollen","pollen","pollen","pollen","pollen","spore","pollen","pollen","pollen","pollen","spore","pollen","pollen","pollen","pollen","pollen","pollen","pollen","pollen","spore","pollen","pollen","pollen","pollen","spore","pollen","pollen","pollen","pollen","pollen","pollen","pollen","pollen","pollen","pollen","pollen","pollen","pollen","pollen","pollen","pollen","pollen","pollen","pollen","pollen","pollen","pollen/spore","pollen","pollen","pollen","pollen","pollen","pollen","pollen","pollen","spore","pollen","pollen","pollen","spore","pollen","pollen","pollen","pollen/spore","pollen","pollen","pollen","pollen","pollen","pollen","pollen","pollen","pollen","pollen","pollen","pollen","pollen","pollen","pollen","pollen","pollen","pollen","pollen","pollen","pollen","pollen","pollen","pollen","pollen","pollen","pollen","pollen","pollen","pollen","pollen","pollen","pollen","pollen","pollen","pollen","pollen","pollen","pollen","pollen","pollen","pollen","pollen","pollen","pollen","pollen","pollen","pollen","pollen","pollen/spore","pollen/spore","pollen","pollen","pollen","pollen","pollen","pollen","pollen","pollen","pollen","pollen","pollen","pollen/spore","pollen","pollen","pollen","pollen","pollen","pollen","pollen","pollen","pollen","pollen","pollen","pollen","pollen","pollen","pollen","pollen","pollen","pollen","pollen","pollen","pollen","pollen","pollen","pollen/spore","spore","spore","spore","spore","spore","spore","spore","spore","spore","spore","pollen","pollen","pollen","pollen","pollen","pollen","spore","spore","spore","spore","spore","spore","spore","spore","Lake Victoria (Shirati Bay) LV2",33.9463333333333,33.9463333333333,-1.13083333333333,-1.13083333333333,1135,6880000,"Tanzania",NA,NA,NA,NA,68,33134,"LVC18_S2","Lake Victoria LV2","Core","UWITEC piston corer","2018-10-01",NA,"Natural Lake",22.6,NA,NA,NA,NA,NA,NA,NA,NA,"2,3,6,7,10",44876,"8777,15357,20039,20044,9599","Gobet, E.|Grosjean, M.|Muschick, M.|Seehausen, O.|Tinner, W.",7,"Depth",9,"Carbon-14","Radiocarbon years BP",323,6,"BE-14367",4160,100,100,1,100,"False","Charcoal, terrestrial plant remains","","Temoltzin-Loranca et al. 2023",1,20036,"Temoltzin-Loranca, Y.","Radiocarbon",4260,4060,4,20038,20038,"Kishe, Mary","Kishe, M.","Kishe","Mary","M.","","unknown","Tanzania Fisheries Research Institute
Dar es Salaam, Tanzania","","","","",1,"true","journal article",20442,"https://doi.org/10.1016/j.quascirev.2022.107915",2023,"Temoltzin-Loranca, Y., E. Gobet, B. Vannière, J.F.N. van Leeuwen, G. Wienhues, S. Szidat, C. Courtney-Mustaphi, M. Kishe, M. Muschick, O. Seehausen, M. Grosjean, and W. Tinner. 2023. A chronologically reliable record of 17,000 years of biomass burning in the Lake Victoria area. Quaternary Science Reviews 301:107915. [DOI: https://doi.org/10.1016/j.quascirev.2022.107915]","A chronologically reliable record of 17,000 years of biomass burning in the Lake Victoria area","Quaternary Science Reviews",301,107915,1,11,"van Leeuwen","J.F.N.","20036,8777,9974,15224,20037,13851,18278,20038,20039,20044,15357,9599","Temoltzin-Loranca, Y.|Gobet, E.|Vannière, B.|van Leeuwen, J.F.N.|Wienhues, G.|Szidat, S.|Courtney-Mustaphi, C.J.|Kishe, M.|Muschick, M.|Seehausen, O.|Grosjean, M.|Tinner, W.",15695,"18278,8777,15357,20038,20039,20044,13851,20036,9599,15224,9974,20037","Morales-Molino, C.","Courtney-Mustaphi, C.J.|Gobet, E.|Grosjean, M.|Kishe, M.|Muschick, M.|Seehausen, O.|Szidat, S.|Temoltzin-Loranca, Y.|Tinner, W.|van Leeuwen, J.F.N.|Vannière, B.|Wienhues, G.","Pollen","LV2 pollen",1,"Temoltzin-Loranca et al. (2023)","Calendar years BP","True",NA,"rbacon",15500,-60,NA,"Temoltzin-Loranca, Y.",9,20036,"Temoltzin-Loranca, Y.",NA,NA,NA,NA
287,1,1,3723,1,4,9666,477,29,23,48,14,8,14,0,0,0,0,0,0,0,0,0,0,0,0,0,0,0,0,0,0,0,0,0,0,0,0,0,0,0,0,0,0,0,0,0,0,0,0,0,0,0,0,0,0,0,0,0,0,0,0,0,0,0,0,0,0,0,0,0,0,0,0,0,0,0,0,0,0,0,0,0,0,0,0,0,0,0,0,0,209,12,20,4,1,0,3,0,1,0,0,3,20,0,2,0,0,0,0,0,0,0,0,0,0,0,0,1,1,3,0,2,0,0,0,0,0,0,0,0,0,0,0,1,0,1,0,1,0,0,6,0,0,0,0,2,1,0,0,2,0,0,0,0,1,1,0,0,0,1,0,1,2,0,0,1,0,1,2,0,0,0,6,2,1,0,0,0,22,1,5,0,0,0,1,0,0,2,0,0,0,2,0,0,0,0,0,0,0,0,0,0,0,"ml","number","spores/tablet","number","NISP","NISP","NISP","NISP","NISP","NISP","NISP","NISP","NISP","NISP","NISP","NISP","NISP","NISP","NISP","NISP","NISP","NISP","NISP","NISP","NISP","NISP","NISP","NISP","NISP","NISP","NISP","NISP","NISP","NISP","NISP","NISP","NISP","NISP","NISP","NISP","NISP","NISP","NISP","NISP","NISP","NISP","NISP","NISP","NISP","NISP","NISP","NISP","NISP","NISP","NISP","NISP","NISP","NISP","NISP","NISP","NISP","NISP","NISP","NISP","NISP","NISP","NISP","NISP","NISP","NISP","NISP","NISP","NISP","NISP","NISP","NISP","NISP","NISP","NISP","NISP","NISP","NISP","NISP","NISP","NISP","NISP","NISP","NISP","NISP","NISP","NISP","NISP","NISP","NISP","NISP","NISP","NISP","NISP","NISP","NISP","NISP","NISP","NISP","NISP","NISP","NISP","NISP","NISP","NISP","NISP","NISP","NISP","NISP","NISP","NISP","NISP","NISP","NISP","NISP","NISP","NISP","NISP","NISP","NISP","NISP","NISP","NISP","NISP","NISP","NISP","NISP","NISP","NISP","NISP","NISP","NISP","NISP","NISP","NISP","NISP","NISP","NISP","NISP","NISP","NISP","NISP","NISP","NISP","NISP","NISP","NISP","NISP","NISP","NISP","NISP","NISP","NISP","NISP","NISP","NISP","NISP","NISP","NISP","NISP","NISP","NISP","NISP","NISP","NISP","NISP","NISP","NISP","NISP","NISP","NISP","NISP","NISP","NISP","NISP","NISP","NISP","NISP","NISP","NISP","NISP","NISP","NISP","NISP","NISP","NISP","NISP","NISP","NISP","NISP","NISP","NISP","NISP","NISP","NISP","NISP","volume","quantity added","concentration","counted","pollen","pollen","pollen","pollen","pollen","pollen","pollen","spore","pollen","pollen","pollen","pollen","pollen","pollen","pollen","pollen","pollen","pollen","pollen","pollen","pollen","pollen","pollen","pollen","pollen","pollen","spore","pollen","pollen","pollen","pollen","spore","pollen","pollen","pollen","pollen","pollen","pollen","pollen","pollen","spore","pollen","pollen","pollen","pollen","spore","pollen","pollen","pollen","pollen","pollen","pollen","pollen","pollen","pollen","pollen","pollen","pollen","pollen","pollen","pollen","pollen","pollen","pollen","pollen","pollen","pollen","pollen/spore","pollen","pollen","pollen","pollen","pollen","pollen","pollen","pollen","spore","pollen","pollen","pollen","spore","pollen","pollen","pollen","pollen/spore","pollen","pollen","pollen","pollen","pollen","pollen","pollen","pollen","pollen","pollen","pollen","pollen","pollen","pollen","pollen","pollen","pollen","pollen","pollen","pollen","pollen","pollen","pollen","pollen","pollen","pollen","pollen","pollen","pollen","pollen","pollen","pollen","pollen","pollen","pollen","pollen","pollen","pollen","pollen","pollen","pollen","pollen","pollen","pollen","pollen","pollen","pollen","pollen","pollen","pollen/spore","pollen/spore","pollen","pollen","pollen","pollen","pollen","pollen","pollen","pollen","pollen","pollen","pollen","pollen/spore","pollen","pollen","pollen","pollen","pollen","pollen","pollen","pollen","pollen","pollen","pollen","pollen","pollen","pollen","pollen","pollen","pollen","pollen","pollen","pollen","pollen","pollen","pollen","pollen/spore","spore","spore","spore","spore","spore","spore","spore","spore","spore","spore","pollen","pollen","pollen","pollen","pollen","pollen","spore","spore","spore","spore","spore","spore","spore","spore","Lake Victoria (Shirati Bay) LV2",33.9463333333333,33.9463333333333,-1.13083333333333,-1.13083333333333,1135,6880000,"Tanzania",NA,NA,NA,NA,68,33134,"LVC18_S2","Lake Victoria LV2","Core","UWITEC piston corer","2018-10-01",NA,"Natural Lake",22.6,NA,NA,NA,NA,NA,NA,NA,NA,"2,3,6,7,10",44876,"8777,15357,20039,20044,9599","Gobet, E.|Grosjean, M.|Muschick, M.|Seehausen, O.|Tinner, W.",8,"Depth",9,"Carbon-14","Radiocarbon years BP",403.5,1,"BE-13426",5360,20,20,1,20,"False","Lakeshore plant root/stem (Poales)","","Temoltzin-Loranca et al. 2023",1,20036,"Temoltzin-Loranca, Y.","Radiocarbon",5380,5340,4,20038,20038,"Kishe, Mary","Kishe, M.","Kishe","Mary","M.","","unknown","Tanzania Fisheries Research Institute
Dar es Salaam, Tanzania","","","","",1,"true","journal article",20442,"https://doi.org/10.1016/j.quascirev.2022.107915",2023,"Temoltzin-Loranca, Y., E. Gobet, B. Vannière, J.F.N. van Leeuwen, G. Wienhues, S. Szidat, C. Courtney-Mustaphi, M. Kishe, M. Muschick, O. Seehausen, M. Grosjean, and W. Tinner. 2023. A chronologically reliable record of 17,000 years of biomass burning in the Lake Victoria area. Quaternary Science Reviews 301:107915. [DOI: https://doi.org/10.1016/j.quascirev.2022.107915]","A chronologically reliable record of 17,000 years of biomass burning in the Lake Victoria area","Quaternary Science Reviews",301,107915,1,11,"van Leeuwen","J.F.N.","20036,8777,9974,15224,20037,13851,18278,20038,20039,20044,15357,9599","Temoltzin-Loranca, Y.|Gobet, E.|Vannière, B.|van Leeuwen, J.F.N.|Wienhues, G.|Szidat, S.|Courtney-Mustaphi, C.J.|Kishe, M.|Muschick, M.|Seehausen, O.|Grosjean, M.|Tinner, W.",15695,"18278,8777,15357,20038,20039,20044,13851,20036,9599,15224,9974,20037","Morales-Molino, C.","Courtney-Mustaphi, C.J.|Gobet, E.|Grosjean, M.|Kishe, M.|Muschick, M.|Seehausen, O.|Szidat, S.|Temoltzin-Loranca, Y.|Tinner, W.|van Leeuwen, J.F.N.|Vannière, B.|Wienhues, G.","Pollen","LV2 pollen",1,"Temoltzin-Loranca et al. (2023)","Calendar years BP","True",NA,"rbacon",15500,-60,NA,"Temoltzin-Loranca, Y.",9,20036,"Temoltzin-Loranca, Y.",NA,NA,NA,NA
325,1,1,4705,1,4,9666,482,43,17,51,8,10,16,0,0,0,0,0,0,0,0,0,0,0,0,0,0,0,0,0,0,0,0,0,0,0,0,0,0,0,0,0,0,0,0,0,0,0,0,0,0,0,0,0,0,0,0,0,0,0,0,0,0,0,0,0,0,0,0,0,0,0,0,0,0,0,0,0,0,0,0,0,0,0,0,0,0,0,0,3,143,27,23,1,0,0,1,1,3,1,0,1,6,0,0,0,0,0,1,0,0,2,2,0,0,0,1,0,0,0,0,2,0,0,1,0,0,0,0,0,2,1,0,0,0,0,0,0,0,0,4,2,1,3,0,0,0,0,0,2,0,0,0,0,0,0,0,2,0,0,0,0,0,0,1,0,1,1,0,0,1,0,3,2,1,0,0,0,24,0,7,0,0,0,0,0,0,0,0,0,0,0,0,0,0,0,0,0,0,0,0,1,1,"ml","number","spores/tablet","number","NISP","NISP","NISP","NISP","NISP","NISP","NISP","NISP","NISP","NISP","NISP","NISP","NISP","NISP","NISP","NISP","NISP","NISP","NISP","NISP","NISP","NISP","NISP","NISP","NISP","NISP","NISP","NISP","NISP","NISP","NISP","NISP","NISP","NISP","NISP","NISP","NISP","NISP","NISP","NISP","NISP","NISP","NISP","NISP","NISP","NISP","NISP","NISP","NISP","NISP","NISP","NISP","NISP","NISP","NISP","NISP","NISP","NISP","NISP","NISP","NISP","NISP","NISP","NISP","NISP","NISP","NISP","NISP","NISP","NISP","NISP","NISP","NISP","NISP","NISP","NISP","NISP","NISP","NISP","NISP","NISP","NISP","NISP","NISP","NISP","NISP","NISP","NISP","NISP","NISP","NISP","NISP","NISP","NISP","NISP","NISP","NISP","NISP","NISP","NISP","NISP","NISP","NISP","NISP","NISP","NISP","NISP","NISP","NISP","NISP","NISP","NISP","NISP","NISP","NISP","NISP","NISP","NISP","NISP","NISP","NISP","NISP","NISP","NISP","NISP","NISP","NISP","NISP","NISP","NISP","NISP","NISP","NISP","NISP","NISP","NISP","NISP","NISP","NISP","NISP","NISP","NISP","NISP","NISP","NISP","NISP","NISP","NISP","NISP","NISP","NISP","NISP","NISP","NISP","NISP","NISP","NISP","NISP","NISP","NISP","NISP","NISP","NISP","NISP","NISP","NISP","NISP","NISP","NISP","NISP","NISP","NISP","NISP","NISP","NISP","NISP","NISP","NISP","NISP","NISP","NISP","NISP","NISP","NISP","NISP","NISP","NISP","NISP","NISP","NISP","NISP","NISP","NISP","NISP","NISP","NISP","volume","quantity added","concentration","counted","pollen","pollen","pollen","pollen","pollen","pollen","pollen","spore","pollen","pollen","pollen","pollen","pollen","pollen","pollen","pollen","pollen","pollen","pollen","pollen","pollen","pollen","pollen","pollen","pollen","pollen","spore","pollen","pollen","pollen","pollen","spore","pollen","pollen","pollen","pollen","pollen","pollen","pollen","pollen","spore","pollen","pollen","pollen","pollen","spore","pollen","pollen","pollen","pollen","pollen","pollen","pollen","pollen","pollen","pollen","pollen","pollen","pollen","pollen","pollen","pollen","pollen","pollen","pollen","pollen","pollen","pollen/spore","pollen","pollen","pollen","pollen","pollen","pollen","pollen","pollen","spore","pollen","pollen","pollen","spore","pollen","pollen","pollen","pollen/spore","pollen","pollen","pollen","pollen","pollen","pollen","pollen","pollen","pollen","pollen","pollen","pollen","pollen","pollen","pollen","pollen","pollen","pollen","pollen","pollen","pollen","pollen","pollen","pollen","pollen","pollen","pollen","pollen","pollen","pollen","pollen","pollen","pollen","pollen","pollen","pollen","pollen","pollen","pollen","pollen","pollen","pollen","pollen","pollen","pollen","pollen","pollen","pollen","pollen","pollen/spore","pollen/spore","pollen","pollen","pollen","pollen","pollen","pollen","pollen","pollen","pollen","pollen","pollen","pollen/spore","pollen","pollen","pollen","pollen","pollen","pollen","pollen","pollen","pollen","pollen","pollen","pollen","pollen","pollen","pollen","pollen","pollen","pollen","pollen","pollen","pollen","pollen","pollen","pollen/spore","spore","spore","spore","spore","spore","spore","spore","spore","spore","spore","pollen","pollen","pollen","pollen","pollen","pollen","spore","spore","spore","spore","spore","spore","spore","spore","Lake Victoria (Shirati Bay) LV2",33.9463333333333,33.9463333333333,-1.13083333333333,-1.13083333333333,1135,6880000,"Tanzania",NA,NA,NA,NA,68,33134,"LVC18_S2","Lake Victoria LV2","Core","UWITEC piston corer","2018-10-01",NA,"Natural Lake",22.6,NA,NA,NA,NA,NA,NA,NA,NA,"2,3,6,7,10",44876,"8777,15357,20039,20044,9599","Gobet, E.|Grosjean, M.|Muschick, M.|Seehausen, O.|Tinner, W.",9,"Depth",9,"Carbon-14","Radiocarbon years BP",433,2,"BE-14370",5470,80,80,1,80,"False","Charcoal","","Temoltzin-Loranca et al. 2023",1,20036,"Temoltzin-Loranca, Y.","Radiocarbon",5550,5390,5,15695,15695,"Morales-Molino, César","Morales-Molino, C.","Morales-Molino","César","C.","","active","Departamento de Ciencias de la Vida
Facultad de Ciencias
Universidad de Alcala
28805 Alcala de Henares, Madrid, Spain","cesarmoralesdelmolino@gmail.com; cesar.morales@uah.es","","","",1,"true","journal article",20442,"https://doi.org/10.1016/j.quascirev.2022.107915",2023,"Temoltzin-Loranca, Y., E. Gobet, B. Vannière, J.F.N. van Leeuwen, G. Wienhues, S. Szidat, C. Courtney-Mustaphi, M. Kishe, M. Muschick, O. Seehausen, M. Grosjean, and W. Tinner. 2023. A chronologically reliable record of 17,000 years of biomass burning in the Lake Victoria area. Quaternary Science Reviews 301:107915. [DOI: https://doi.org/10.1016/j.quascirev.2022.107915]","A chronologically reliable record of 17,000 years of biomass burning in the Lake Victoria area","Quaternary Science Reviews",301,107915,1,13,"Wienhues","G.","20036,8777,9974,15224,20037,13851,18278,20038,20039,20044,15357,9599","Temoltzin-Loranca, Y.|Gobet, E.|Vannière, B.|van Leeuwen, J.F.N.|Wienhues, G.|Szidat, S.|Courtney-Mustaphi, C.J.|Kishe, M.|Muschick, M.|Seehausen, O.|Grosjean, M.|Tinner, W.",15695,"18278,8777,15357,20038,20039,20044,13851,20036,9599,15224,9974,20037","Morales-Molino, C.","Courtney-Mustaphi, C.J.|Gobet, E.|Grosjean, M.|Kishe, M.|Muschick, M.|Seehausen, O.|Szidat, S.|Temoltzin-Loranca, Y.|Tinner, W.|van Leeuwen, J.F.N.|Vannière, B.|Wienhues, G.","Pollen","LV2 pollen",1,"Temoltzin-Loranca et al. (2023)","Calendar years BP","True",NA,"rbacon",15500,-60,NA,"Temoltzin-Loranca, Y.",9,20036,"Temoltzin-Loranca, Y.",NA,NA,NA,NA
365,1,1,5422,1,4,9666,378,61,9,68,5,10,29,0,0,0,0,0,0,0,0,0,0,0,0,0,0,0,0,0,0,0,0,0,0,0,0,0,0,0,0,0,0,0,0,0,0,0,0,0,0,0,0,0,0,0,0,0,0,0,0,0,0,0,0,0,0,0,0,0,0,0,0,0,0,0,0,0,0,0,0,0,0,0,0,0,0,0,0,2,156,18,14,3,0,0,0,0,1,1,0,1,6,0,0,0,0,1,0,0,0,0,0,1,0,0,0,0,0,2,0,4,1,0,1,0,1,0,0,0,1,0,1,0,0,0,0,0,0,0,1,0,0,0,0,1,0,0,0,0,0,0,0,0,2,0,0,1,0,0,0,0,0,0,0,0,0,0,0,0,0,0,10,3,0,0,0,0,16,0,5,1,0,0,0,0,0,0,0,0,0,0,0,0,0,3,1,0,1,0,0,1,0,"ml","number","spores/tablet","number","NISP","NISP","NISP","NISP","NISP","NISP","NISP","NISP","NISP","NISP","NISP","NISP","NISP","NISP","NISP","NISP","NISP","NISP","NISP","NISP","NISP","NISP","NISP","NISP","NISP","NISP","NISP","NISP","NISP","NISP","NISP","NISP","NISP","NISP","NISP","NISP","NISP","NISP","NISP","NISP","NISP","NISP","NISP","NISP","NISP","NISP","NISP","NISP","NISP","NISP","NISP","NISP","NISP","NISP","NISP","NISP","NISP","NISP","NISP","NISP","NISP","NISP","NISP","NISP","NISP","NISP","NISP","NISP","NISP","NISP","NISP","NISP","NISP","NISP","NISP","NISP","NISP","NISP","NISP","NISP","NISP","NISP","NISP","NISP","NISP","NISP","NISP","NISP","NISP","NISP","NISP","NISP","NISP","NISP","NISP","NISP","NISP","NISP","NISP","NISP","NISP","NISP","NISP","NISP","NISP","NISP","NISP","NISP","NISP","NISP","NISP","NISP","NISP","NISP","NISP","NISP","NISP","NISP","NISP","NISP","NISP","NISP","NISP","NISP","NISP","NISP","NISP","NISP","NISP","NISP","NISP","NISP","NISP","NISP","NISP","NISP","NISP","NISP","NISP","NISP","NISP","NISP","NISP","NISP","NISP","NISP","NISP","NISP","NISP","NISP","NISP","NISP","NISP","NISP","NISP","NISP","NISP","NISP","NISP","NISP","NISP","NISP","NISP","NISP","NISP","NISP","NISP","NISP","NISP","NISP","NISP","NISP","NISP","NISP","NISP","NISP","NISP","NISP","NISP","NISP","NISP","NISP","NISP","NISP","NISP","NISP","NISP","NISP","NISP","NISP","NISP","NISP","NISP","NISP","NISP","NISP","volume","quantity added","concentration","counted","pollen","pollen","pollen","pollen","pollen","pollen","pollen","spore","pollen","pollen","pollen","pollen","pollen","pollen","pollen","pollen","pollen","pollen","pollen","pollen","pollen","pollen","pollen","pollen","pollen","pollen","spore","pollen","pollen","pollen","pollen","spore","pollen","pollen","pollen","pollen","pollen","pollen","pollen","pollen","spore","pollen","pollen","pollen","pollen","spore","pollen","pollen","pollen","pollen","pollen","pollen","pollen","pollen","pollen","pollen","pollen","pollen","pollen","pollen","pollen","pollen","pollen","pollen","pollen","pollen","pollen","pollen/spore","pollen","pollen","pollen","pollen","pollen","pollen","pollen","pollen","spore","pollen","pollen","pollen","spore","pollen","pollen","pollen","pollen/spore","pollen","pollen","pollen","pollen","pollen","pollen","pollen","pollen","pollen","pollen","pollen","pollen","pollen","pollen","pollen","pollen","pollen","pollen","pollen","pollen","pollen","pollen","pollen","pollen","pollen","pollen","pollen","pollen","pollen","pollen","pollen","pollen","pollen","pollen","pollen","pollen","pollen","pollen","pollen","pollen","pollen","pollen","pollen","pollen","pollen","pollen","pollen","pollen","pollen","pollen/spore","pollen/spore","pollen","pollen","pollen","pollen","pollen","pollen","pollen","pollen","pollen","pollen","pollen","pollen/spore","pollen","pollen","pollen","pollen","pollen","pollen","pollen","pollen","pollen","pollen","pollen","pollen","pollen","pollen","pollen","pollen","pollen","pollen","pollen","pollen","pollen","pollen","pollen","pollen/spore","spore","spore","spore","spore","spore","spore","spore","spore","spore","spore","pollen","pollen","pollen","pollen","pollen","pollen","spore","spore","spore","spore","spore","spore","spore","spore","Lake Victoria (Shirati Bay) LV2",33.9463333333333,33.9463333333333,-1.13083333333333,-1.13083333333333,1135,6880000,"Tanzania",NA,NA,NA,NA,68,33134,"LVC18_S2","Lake Victoria LV2","Core","UWITEC piston corer","2018-10-01",NA,"Natural Lake",22.6,NA,NA,NA,NA,NA,NA,NA,NA,"2,3,6,7,10",44876,"8777,15357,20039,20044,9599","Gobet, E.|Grosjean, M.|Muschick, M.|Seehausen, O.|Tinner, W.",10,"Depth",9,"Carbon-14","Radiocarbon years BP",462,8,"BE-14372",6170,120,120,1,120,"False","Charcoal","","Temoltzin-Loranca et al. 2023",1,20036,"Temoltzin-Loranca, Y.","Radiocarbon",6290,6050,5,15695,15695,"Morales-Molino, César","Morales-Molino, C.","Morales-Molino","César","C.","","active","Departamento de Ciencias de la Vida
Facultad de Ciencias
Universidad de Alcala
28805 Alcala de Henares, Madrid, Spain","cesarmoralesdelmolino@gmail.com; cesar.morales@uah.es","","","",1,"true","journal article",20442,"https://doi.org/10.1016/j.quascirev.2022.107915",2023,"Temoltzin-Loranca, Y., E. Gobet, B. Vannière, J.F.N. van Leeuwen, G. Wienhues, S. Szidat, C. Courtney-Mustaphi, M. Kishe, M. Muschick, O. Seehausen, M. Grosjean, and W. Tinner. 2023. A chronologically reliable record of 17,000 years of biomass burning in the Lake Victoria area. Quaternary Science Reviews 301:107915. [DOI: https://doi.org/10.1016/j.quascirev.2022.107915]","A chronologically reliable record of 17,000 years of biomass burning in the Lake Victoria area","Quaternary Science Reviews",301,107915,1,13,"Wienhues","G.","20036,8777,9974,15224,20037,13851,18278,20038,20039,20044,15357,9599","Temoltzin-Loranca, Y.|Gobet, E.|Vannière, B.|van Leeuwen, J.F.N.|Wienhues, G.|Szidat, S.|Courtney-Mustaphi, C.J.|Kishe, M.|Muschick, M.|Seehausen, O.|Grosjean, M.|Tinner, W.",15695,"18278,8777,15357,20038,20039,20044,13851,20036,9599,15224,9974,20037","Morales-Molino, C.","Courtney-Mustaphi, C.J.|Gobet, E.|Grosjean, M.|Kishe, M.|Muschick, M.|Seehausen, O.|Szidat, S.|Temoltzin-Loranca, Y.|Tinner, W.|van Leeuwen, J.F.N.|Vannière, B.|Wienhues, G.","Pollen","LV2 pollen",1,"Temoltzin-Loranca et al. (2023)","Calendar years BP","True",NA,"rbacon",15500,-60,NA,"Temoltzin-Loranca, Y.",9,20036,"Temoltzin-Loranca, Y.",NA,NA,NA,NA
403,1,1,6104,1,4,9666,331,77,12,77,4,16,22,0,0,0,0,0,0,0,0,0,0,0,0,0,0,0,0,0,0,0,0,0,0,0,0,0,0,0,0,0,0,0,0,0,0,0,0,0,0,0,0,0,0,0,0,0,0,0,0,0,0,0,0,0,0,0,0,0,0,0,0,0,0,0,0,0,0,0,0,0,0,0,0,0,0,0,0,7,144,12,31,3,0,0,0,1,4,2,0,1,1,0,1,1,0,0,0,0,0,1,0,0,0,0,1,0,0,1,0,4,2,0,0,0,0,3,0,0,1,0,1,1,0,1,0,2,0,0,4,1,0,1,0,1,0,0,0,0,1,0,0,0,0,0,0,1,0,0,0,0,0,0,1,0,1,0,0,0,0,1,9,2,2,0,1,0,16,3,2,0,0,0,3,0,1,1,0,0,0,1,0,0,0,1,0,0,0,0,0,0,0,"ml","number","spores/tablet","number","NISP","NISP","NISP","NISP","NISP","NISP","NISP","NISP","NISP","NISP","NISP","NISP","NISP","NISP","NISP","NISP","NISP","NISP","NISP","NISP","NISP","NISP","NISP","NISP","NISP","NISP","NISP","NISP","NISP","NISP","NISP","NISP","NISP","NISP","NISP","NISP","NISP","NISP","NISP","NISP","NISP","NISP","NISP","NISP","NISP","NISP","NISP","NISP","NISP","NISP","NISP","NISP","NISP","NISP","NISP","NISP","NISP","NISP","NISP","NISP","NISP","NISP","NISP","NISP","NISP","NISP","NISP","NISP","NISP","NISP","NISP","NISP","NISP","NISP","NISP","NISP","NISP","NISP","NISP","NISP","NISP","NISP","NISP","NISP","NISP","NISP","NISP","NISP","NISP","NISP","NISP","NISP","NISP","NISP","NISP","NISP","NISP","NISP","NISP","NISP","NISP","NISP","NISP","NISP","NISP","NISP","NISP","NISP","NISP","NISP","NISP","NISP","NISP","NISP","NISP","NISP","NISP","NISP","NISP","NISP","NISP","NISP","NISP","NISP","NISP","NISP","NISP","NISP","NISP","NISP","NISP","NISP","NISP","NISP","NISP","NISP","NISP","NISP","NISP","NISP","NISP","NISP","NISP","NISP","NISP","NISP","NISP","NISP","NISP","NISP","NISP","NISP","NISP","NISP","NISP","NISP","NISP","NISP","NISP","NISP","NISP","NISP","NISP","NISP","NISP","NISP","NISP","NISP","NISP","NISP","NISP","NISP","NISP","NISP","NISP","NISP","NISP","NISP","NISP","NISP","NISP","NISP","NISP","NISP","NISP","NISP","NISP","NISP","NISP","NISP","NISP","NISP","NISP","NISP","NISP","NISP","volume","quantity added","concentration","counted","pollen","pollen","pollen","pollen","pollen","pollen","pollen","spore","pollen","pollen","pollen","pollen","pollen","pollen","pollen","pollen","pollen","pollen","pollen","pollen","pollen","pollen","pollen","pollen","pollen","pollen","spore","pollen","pollen","pollen","pollen","spore","pollen","pollen","pollen","pollen","pollen","pollen","pollen","pollen","spore","pollen","pollen","pollen","pollen","spore","pollen","pollen","pollen","pollen","pollen","pollen","pollen","pollen","pollen","pollen","pollen","pollen","pollen","pollen","pollen","pollen","pollen","pollen","pollen","pollen","pollen","pollen/spore","pollen","pollen","pollen","pollen","pollen","pollen","pollen","pollen","spore","pollen","pollen","pollen","spore","pollen","pollen","pollen","pollen/spore","pollen","pollen","pollen","pollen","pollen","pollen","pollen","pollen","pollen","pollen","pollen","pollen","pollen","pollen","pollen","pollen","pollen","pollen","pollen","pollen","pollen","pollen","pollen","pollen","pollen","pollen","pollen","pollen","pollen","pollen","pollen","pollen","pollen","pollen","pollen","pollen","pollen","pollen","pollen","pollen","pollen","pollen","pollen","pollen","pollen","pollen","pollen","pollen","pollen","pollen/spore","pollen/spore","pollen","pollen","pollen","pollen","pollen","pollen","pollen","pollen","pollen","pollen","pollen","pollen/spore","pollen","pollen","pollen","pollen","pollen","pollen","pollen","pollen","pollen","pollen","pollen","pollen","pollen","pollen","pollen","pollen","pollen","pollen","pollen","pollen","pollen","pollen","pollen","pollen/spore","spore","spore","spore","spore","spore","spore","spore","spore","spore","spore","pollen","pollen","pollen","pollen","pollen","pollen","spore","spore","spore","spore","spore","spore","spore","spore","Lake Victoria (Shirati Bay) LV2",33.9463333333333,33.9463333333333,-1.13083333333333,-1.13083333333333,1135,6880000,"Tanzania",NA,NA,NA,NA,68,33134,"LVC18_S2","Lake Victoria LV2","Core","UWITEC piston corer","2018-10-01",NA,"Natural Lake",22.6,NA,NA,NA,NA,NA,NA,NA,NA,"2,3,6,7,10",44876,"8777,15357,20039,20044,9599","Gobet, E.|Grosjean, M.|Muschick, M.|Seehausen, O.|Tinner, W.",11,"Depth",9,"Carbon-14","Radiocarbon years BP",468,4,"BE-14366",6250,140,140,1,140,"False","Charcoal","","Temoltzin-Loranca et al. 2023",1,20036,"Temoltzin-Loranca, Y.","Radiocarbon",6390,6110,6,20039,20039,"Muschick, Moritz","Muschick, M.","Muschick","Moritz","M.","Dr.","active","Institute of Ecology and Evolution
University of Bern
Bern, Switzerland","","","","",1,"true","journal article",20442,"https://doi.org/10.1016/j.quascirev.2022.107915",2023,"Temoltzin-Loranca, Y., E. Gobet, B. Vannière, J.F.N. van Leeuwen, G. Wienhues, S. Szidat, C. Courtney-Mustaphi, M. Kishe, M. Muschick, O. Seehausen, M. Grosjean, and W. Tinner. 2023. A chronologically reliable record of 17,000 years of biomass burning in the Lake Victoria area. Quaternary Science Reviews 301:107915. [DOI: https://doi.org/10.1016/j.quascirev.2022.107915]","A chronologically reliable record of 17,000 years of biomass burning in the Lake Victoria area","Quaternary Science Reviews",301,107915,1,8,"Szidat","S.","20036,8777,9974,15224,20037,13851,18278,20038,20039,20044,15357,9599","Temoltzin-Loranca, Y.|Gobet, E.|Vannière, B.|van Leeuwen, J.F.N.|Wienhues, G.|Szidat, S.|Courtney-Mustaphi, C.J.|Kishe, M.|Muschick, M.|Seehausen, O.|Grosjean, M.|Tinner, W.",15695,"18278,8777,15357,20038,20039,20044,13851,20036,9599,15224,9974,20037","Morales-Molino, C.","Courtney-Mustaphi, C.J.|Gobet, E.|Grosjean, M.|Kishe, M.|Muschick, M.|Seehausen, O.|Szidat, S.|Temoltzin-Loranca, Y.|Tinner, W.|van Leeuwen, J.F.N.|Vannière, B.|Wienhues, G.","Pollen","LV2 pollen",1,"Temoltzin-Loranca et al. (2023)","Calendar years BP","True",NA,"rbacon",15500,-60,NA,"Temoltzin-Loranca, Y.",9,20036,"Temoltzin-Loranca, Y.",NA,NA,NA,NA
443,1,1,6501,1,4,9666,274,79,15,87,4,24,24,0,0,0,0,0,0,0,0,0,0,0,0,0,0,0,0,0,0,0,0,0,0,0,0,0,0,0,0,0,0,0,0,0,0,0,0,0,0,0,0,0,0,0,0,0,0,0,0,0,0,0,0,0,0,0,0,0,0,0,0,0,0,0,0,0,0,0,0,0,0,0,0,0,0,0,0,6,174,21,25,3,0,0,1,1,1,2,0,1,5,0,0,0,0,0,0,0,0,0,1,0,0,0,0,0,0,0,0,8,1,0,3,0,1,1,1,0,0,3,0,2,0,2,0,2,0,0,3,1,1,1,0,0,0,0,0,0,0,0,0,0,3,0,0,1,0,0,0,0,0,0,0,2,1,0,0,0,0,0,10,5,1,0,0,0,16,1,5,0,0,0,1,1,0,2,0,0,1,0,0,1,0,1,0,0,0,0,0,0,0,"ml","number","spores/tablet","number","NISP","NISP","NISP","NISP","NISP","NISP","NISP","NISP","NISP","NISP","NISP","NISP","NISP","NISP","NISP","NISP","NISP","NISP","NISP","NISP","NISP","NISP","NISP","NISP","NISP","NISP","NISP","NISP","NISP","NISP","NISP","NISP","NISP","NISP","NISP","NISP","NISP","NISP","NISP","NISP","NISP","NISP","NISP","NISP","NISP","NISP","NISP","NISP","NISP","NISP","NISP","NISP","NISP","NISP","NISP","NISP","NISP","NISP","NISP","NISP","NISP","NISP","NISP","NISP","NISP","NISP","NISP","NISP","NISP","NISP","NISP","NISP","NISP","NISP","NISP","NISP","NISP","NISP","NISP","NISP","NISP","NISP","NISP","NISP","NISP","NISP","NISP","NISP","NISP","NISP","NISP","NISP","NISP","NISP","NISP","NISP","NISP","NISP","NISP","NISP","NISP","NISP","NISP","NISP","NISP","NISP","NISP","NISP","NISP","NISP","NISP","NISP","NISP","NISP","NISP","NISP","NISP","NISP","NISP","NISP","NISP","NISP","NISP","NISP","NISP","NISP","NISP","NISP","NISP","NISP","NISP","NISP","NISP","NISP","NISP","NISP","NISP","NISP","NISP","NISP","NISP","NISP","NISP","NISP","NISP","NISP","NISP","NISP","NISP","NISP","NISP","NISP","NISP","NISP","NISP","NISP","NISP","NISP","NISP","NISP","NISP","NISP","NISP","NISP","NISP","NISP","NISP","NISP","NISP","NISP","NISP","NISP","NISP","NISP","NISP","NISP","NISP","NISP","NISP","NISP","NISP","NISP","NISP","NISP","NISP","NISP","NISP","NISP","NISP","NISP","NISP","NISP","NISP","NISP","NISP","NISP","volume","quantity added","concentration","counted","pollen","pollen","pollen","pollen","pollen","pollen","pollen","spore","pollen","pollen","pollen","pollen","pollen","pollen","pollen","pollen","pollen","pollen","pollen","pollen","pollen","pollen","pollen","pollen","pollen","pollen","spore","pollen","pollen","pollen","pollen","spore","pollen","pollen","pollen","pollen","pollen","pollen","pollen","pollen","spore","pollen","pollen","pollen","pollen","spore","pollen","pollen","pollen","pollen","pollen","pollen","pollen","pollen","pollen","pollen","pollen","pollen","pollen","pollen","pollen","pollen","pollen","pollen","pollen","pollen","pollen","pollen/spore","pollen","pollen","pollen","pollen","pollen","pollen","pollen","pollen","spore","pollen","pollen","pollen","spore","pollen","pollen","pollen","pollen/spore","pollen","pollen","pollen","pollen","pollen","pollen","pollen","pollen","pollen","pollen","pollen","pollen","pollen","pollen","pollen","pollen","pollen","pollen","pollen","pollen","pollen","pollen","pollen","pollen","pollen","pollen","pollen","pollen","pollen","pollen","pollen","pollen","pollen","pollen","pollen","pollen","pollen","pollen","pollen","pollen","pollen","pollen","pollen","pollen","pollen","pollen","pollen","pollen","pollen","pollen/spore","pollen/spore","pollen","pollen","pollen","pollen","pollen","pollen","pollen","pollen","pollen","pollen","pollen","pollen/spore","pollen","pollen","pollen","pollen","pollen","pollen","pollen","pollen","pollen","pollen","pollen","pollen","pollen","pollen","pollen","pollen","pollen","pollen","pollen","pollen","pollen","pollen","pollen","pollen/spore","spore","spore","spore","spore","spore","spore","spore","spore","spore","spore","pollen","pollen","pollen","pollen","pollen","pollen","spore","spore","spore","spore","spore","spore","spore","spore","Lake Victoria (Shirati Bay) LV2",33.9463333333333,33.9463333333333,-1.13083333333333,-1.13083333333333,1135,6880000,"Tanzania",NA,NA,NA,NA,68,33134,"LVC18_S2","Lake Victoria LV2","Core","UWITEC piston corer","2018-10-01",NA,"Natural Lake",22.6,NA,NA,NA,NA,NA,NA,NA,NA,"2,3,6,7,10",44876,"8777,15357,20039,20044,9599","Gobet, E.|Grosjean, M.|Muschick, M.|Seehausen, O.|Tinner, W.",12,"Depth",9,"Carbon-14","Radiocarbon years BP",507,2,"BE-15546",7280,40,40,1,40,"False","Pollen concentrate","Corrected to 6710 +/- 410 radiocarbon yr BP","Temoltzin-Loranca et al. 2023",1,20036,"Temoltzin-Loranca, Y.","Radiocarbon",7320,7240,6,20039,20039,"Muschick, Moritz","Muschick, M.","Muschick","Moritz","M.","Dr.","active","Institute of Ecology and Evolution
University of Bern
Bern, Switzerland","","","","",1,"true","journal article",20442,"https://doi.org/10.1016/j.quascirev.2022.107915",2023,"Temoltzin-Loranca, Y., E. Gobet, B. Vannière, J.F.N. van Leeuwen, G. Wienhues, S. Szidat, C. Courtney-Mustaphi, M. Kishe, M. Muschick, O. Seehausen, M. Grosjean, and W. Tinner. 2023. A chronologically reliable record of 17,000 years of biomass burning in the Lake Victoria area. Quaternary Science Reviews 301:107915. [DOI: https://doi.org/10.1016/j.quascirev.2022.107915]","A chronologically reliable record of 17,000 years of biomass burning in the Lake Victoria area","Quaternary Science Reviews",301,107915,1,8,"Szidat","S.","20036,8777,9974,15224,20037,13851,18278,20038,20039,20044,15357,9599","Temoltzin-Loranca, Y.|Gobet, E.|Vannière, B.|van Leeuwen, J.F.N.|Wienhues, G.|Szidat, S.|Courtney-Mustaphi, C.J.|Kishe, M.|Muschick, M.|Seehausen, O.|Grosjean, M.|Tinner, W.",15695,"18278,8777,15357,20038,20039,20044,13851,20036,9599,15224,9974,20037","Morales-Molino, C.","Courtney-Mustaphi, C.J.|Gobet, E.|Grosjean, M.|Kishe, M.|Muschick, M.|Seehausen, O.|Szidat, S.|Temoltzin-Loranca, Y.|Tinner, W.|van Leeuwen, J.F.N.|Vannière, B.|Wienhues, G.","Pollen","LV2 pollen",1,"Temoltzin-Loranca et al. (2023)","Calendar years BP","True",NA,"rbacon",15500,-60,NA,"Temoltzin-Loranca, Y.",9,20036,"Temoltzin-Loranca, Y.",NA,NA,NA,NA
481,1,1,7321,1,4,9666,307,90,17,78,4,34,34,0,0,0,0,0,0,0,0,0,0,0,0,0,0,0,0,0,0,0,0,0,0,0,0,0,0,0,0,0,0,0,0,0,0,0,0,0,0,0,0,0,0,0,0,0,0,0,0,0,0,0,0,0,0,0,0,0,0,0,0,0,0,0,0,0,0,0,0,0,0,0,0,0,0,0,0,10,143,11,20,2,1,1,0,1,0,0,1,0,1,0,0,0,1,0,1,1,0,1,1,1,1,0,0,0,0,0,0,3,1,0,0,0,0,2,0,0,1,1,0,0,0,0,0,1,0,0,6,0,1,0,0,0,0,0,0,1,0,0,0,0,2,1,1,1,0,0,0,1,1,0,0,2,1,0,0,0,0,0,10,3,3,0,0,1,15,1,7,0,0,0,3,0,0,0,0,0,0,0,0,1,0,0,0,0,0,0,0,0,0,"ml","number","spores/tablet","number","NISP","NISP","NISP","NISP","NISP","NISP","NISP","NISP","NISP","NISP","NISP","NISP","NISP","NISP","NISP","NISP","NISP","NISP","NISP","NISP","NISP","NISP","NISP","NISP","NISP","NISP","NISP","NISP","NISP","NISP","NISP","NISP","NISP","NISP","NISP","NISP","NISP","NISP","NISP","NISP","NISP","NISP","NISP","NISP","NISP","NISP","NISP","NISP","NISP","NISP","NISP","NISP","NISP","NISP","NISP","NISP","NISP","NISP","NISP","NISP","NISP","NISP","NISP","NISP","NISP","NISP","NISP","NISP","NISP","NISP","NISP","NISP","NISP","NISP","NISP","NISP","NISP","NISP","NISP","NISP","NISP","NISP","NISP","NISP","NISP","NISP","NISP","NISP","NISP","NISP","NISP","NISP","NISP","NISP","NISP","NISP","NISP","NISP","NISP","NISP","NISP","NISP","NISP","NISP","NISP","NISP","NISP","NISP","NISP","NISP","NISP","NISP","NISP","NISP","NISP","NISP","NISP","NISP","NISP","NISP","NISP","NISP","NISP","NISP","NISP","NISP","NISP","NISP","NISP","NISP","NISP","NISP","NISP","NISP","NISP","NISP","NISP","NISP","NISP","NISP","NISP","NISP","NISP","NISP","NISP","NISP","NISP","NISP","NISP","NISP","NISP","NISP","NISP","NISP","NISP","NISP","NISP","NISP","NISP","NISP","NISP","NISP","NISP","NISP","NISP","NISP","NISP","NISP","NISP","NISP","NISP","NISP","NISP","NISP","NISP","NISP","NISP","NISP","NISP","NISP","NISP","NISP","NISP","NISP","NISP","NISP","NISP","NISP","NISP","NISP","NISP","NISP","NISP","NISP","NISP","NISP","volume","quantity added","concentration","counted","pollen","pollen","pollen","pollen","pollen","pollen","pollen","spore","pollen","pollen","pollen","pollen","pollen","pollen","pollen","pollen","pollen","pollen","pollen","pollen","pollen","pollen","pollen","pollen","pollen","pollen","spore","pollen","pollen","pollen","pollen","spore","pollen","pollen","pollen","pollen","pollen","pollen","pollen","pollen","spore","pollen","pollen","pollen","pollen","spore","pollen","pollen","pollen","pollen","pollen","pollen","pollen","pollen","pollen","pollen","pollen","pollen","pollen","pollen","pollen","pollen","pollen","pollen","pollen","pollen","pollen","pollen/spore","pollen","pollen","pollen","pollen","pollen","pollen","pollen","pollen","spore","pollen","pollen","pollen","spore","pollen","pollen","pollen","pollen/spore","pollen","pollen","pollen","pollen","pollen","pollen","pollen","pollen","pollen","pollen","pollen","pollen","pollen","pollen","pollen","pollen","pollen","pollen","pollen","pollen","pollen","pollen","pollen","pollen","pollen","pollen","pollen","pollen","pollen","pollen","pollen","pollen","pollen","pollen","pollen","pollen","pollen","pollen","pollen","pollen","pollen","pollen","pollen","pollen","pollen","pollen","pollen","pollen","pollen","pollen/spore","pollen/spore","pollen","pollen","pollen","pollen","pollen","pollen","pollen","pollen","pollen","pollen","pollen","pollen/spore","pollen","pollen","pollen","pollen","pollen","pollen","pollen","pollen","pollen","pollen","pollen","pollen","pollen","pollen","pollen","pollen","pollen","pollen","pollen","pollen","pollen","pollen","pollen","pollen/spore","spore","spore","spore","spore","spore","spore","spore","spore","spore","spore","pollen","pollen","pollen","pollen","pollen","pollen","spore","spore","spore","spore","spore","spore","spore","spore","Lake Victoria (Shirati Bay) LV2",33.9463333333333,33.9463333333333,-1.13083333333333,-1.13083333333333,1135,6880000,"Tanzania",NA,NA,NA,NA,68,33134,"LVC18_S2","Lake Victoria LV2","Core","UWITEC piston corer","2018-10-01",NA,"Natural Lake",22.6,NA,NA,NA,NA,NA,NA,NA,NA,"2,3,6,7,10",44876,"8777,15357,20039,20044,9599","Gobet, E.|Grosjean, M.|Muschick, M.|Seehausen, O.|Tinner, W.",13,"Depth",9,"Carbon-14","Radiocarbon years BP",551,2,"BE-14375",7920,110,110,1,110,"False","Charcoal","","Temoltzin-Loranca et al. 2023",1,20036,"Temoltzin-Loranca, Y.","Radiocarbon",8030,7810,7,20044,20044,"Seehausen, Ole","Seehausen, O.","Seehausen","Ole","O.","Prof. Dr.","active","Institute of Ecology and Evolution
University of Bern
Bern, Switzerland","","","","",1,"true","journal article",20442,"https://doi.org/10.1016/j.quascirev.2022.107915",2023,"Temoltzin-Loranca, Y., E. Gobet, B. Vannière, J.F.N. van Leeuwen, G. Wienhues, S. Szidat, C. Courtney-Mustaphi, M. Kishe, M. Muschick, O. Seehausen, M. Grosjean, and W. Tinner. 2023. A chronologically reliable record of 17,000 years of biomass burning in the Lake Victoria area. Quaternary Science Reviews 301:107915. [DOI: https://doi.org/10.1016/j.quascirev.2022.107915]","A chronologically reliable record of 17,000 years of biomass burning in the Lake Victoria area","Quaternary Science Reviews",301,107915,1,1,"Courtney-Mustaphi","C.","20036,8777,9974,15224,20037,13851,18278,20038,20039,20044,15357,9599","Temoltzin-Loranca, Y.|Gobet, E.|Vannière, B.|van Leeuwen, J.F.N.|Wienhues, G.|Szidat, S.|Courtney-Mustaphi, C.J.|Kishe, M.|Muschick, M.|Seehausen, O.|Grosjean, M.|Tinner, W.",15695,"18278,8777,15357,20038,20039,20044,13851,20036,9599,15224,9974,20037","Morales-Molino, C.","Courtney-Mustaphi, C.J.|Gobet, E.|Grosjean, M.|Kishe, M.|Muschick, M.|Seehausen, O.|Szidat, S.|Temoltzin-Loranca, Y.|Tinner, W.|van Leeuwen, J.F.N.|Vannière, B.|Wienhues, G.","Pollen","LV2 pollen",1,"Temoltzin-Loranca et al. (2023)","Calendar years BP","True",NA,"rbacon",15500,-60,NA,"Temoltzin-Loranca, Y.",9,20036,"Temoltzin-Loranca, Y.",NA,NA,NA,NA
521,1,1,8091,1,4,9666,356,160,10,29,1,18,27,0,0,0,0,0,0,0,0,0,0,0,0,0,0,0,0,0,0,0,0,0,0,0,0,0,0,0,0,0,0,0,0,0,0,0,0,0,0,0,0,0,0,0,0,0,0,0,0,0,0,0,0,0,0,0,0,0,0,0,0,0,0,0,0,0,0,0,0,0,0,0,0,0,0,0,0,9,117,22,20,0,1,0,0,1,1,1,0,1,0,1,2,0,0,0,0,0,0,3,1,0,0,0,0,0,2,0,0,1,3,0,0,0,0,4,1,0,1,3,0,1,0,0,0,0,0,0,4,0,1,0,0,0,0,0,0,1,0,0,0,0,0,1,0,0,0,1,0,0,0,0,0,2,0,0,0,0,0,0,16,4,1,0,0,0,18,4,8,0,0,0,0,0,1,0,1,0,0,0,0,0,0,1,3,1,0,0,0,0,0,"ml","number","spores/tablet","number","NISP","NISP","NISP","NISP","NISP","NISP","NISP","NISP","NISP","NISP","NISP","NISP","NISP","NISP","NISP","NISP","NISP","NISP","NISP","NISP","NISP","NISP","NISP","NISP","NISP","NISP","NISP","NISP","NISP","NISP","NISP","NISP","NISP","NISP","NISP","NISP","NISP","NISP","NISP","NISP","NISP","NISP","NISP","NISP","NISP","NISP","NISP","NISP","NISP","NISP","NISP","NISP","NISP","NISP","NISP","NISP","NISP","NISP","NISP","NISP","NISP","NISP","NISP","NISP","NISP","NISP","NISP","NISP","NISP","NISP","NISP","NISP","NISP","NISP","NISP","NISP","NISP","NISP","NISP","NISP","NISP","NISP","NISP","NISP","NISP","NISP","NISP","NISP","NISP","NISP","NISP","NISP","NISP","NISP","NISP","NISP","NISP","NISP","NISP","NISP","NISP","NISP","NISP","NISP","NISP","NISP","NISP","NISP","NISP","NISP","NISP","NISP","NISP","NISP","NISP","NISP","NISP","NISP","NISP","NISP","NISP","NISP","NISP","NISP","NISP","NISP","NISP","NISP","NISP","NISP","NISP","NISP","NISP","NISP","NISP","NISP","NISP","NISP","NISP","NISP","NISP","NISP","NISP","NISP","NISP","NISP","NISP","NISP","NISP","NISP","NISP","NISP","NISP","NISP","NISP","NISP","NISP","NISP","NISP","NISP","NISP","NISP","NISP","NISP","NISP","NISP","NISP","NISP","NISP","NISP","NISP","NISP","NISP","NISP","NISP","NISP","NISP","NISP","NISP","NISP","NISP","NISP","NISP","NISP","NISP","NISP","NISP","NISP","NISP","NISP","NISP","NISP","NISP","NISP","NISP","NISP","volume","quantity added","concentration","counted","pollen","pollen","pollen","pollen","pollen","pollen","pollen","spore","pollen","pollen","pollen","pollen","pollen","pollen","pollen","pollen","pollen","pollen","pollen","pollen","pollen","pollen","pollen","pollen","pollen","pollen","spore","pollen","pollen","pollen","pollen","spore","pollen","pollen","pollen","pollen","pollen","pollen","pollen","pollen","spore","pollen","pollen","pollen","pollen","spore","pollen","pollen","pollen","pollen","pollen","pollen","pollen","pollen","pollen","pollen","pollen","pollen","pollen","pollen","pollen","pollen","pollen","pollen","pollen","pollen","pollen","pollen/spore","pollen","pollen","pollen","pollen","pollen","pollen","pollen","pollen","spore","pollen","pollen","pollen","spore","pollen","pollen","pollen","pollen/spore","pollen","pollen","pollen","pollen","pollen","pollen","pollen","pollen","pollen","pollen","pollen","pollen","pollen","pollen","pollen","pollen","pollen","pollen","pollen","pollen","pollen","pollen","pollen","pollen","pollen","pollen","pollen","pollen","pollen","pollen","pollen","pollen","pollen","pollen","pollen","pollen","pollen","pollen","pollen","pollen","pollen","pollen","pollen","pollen","pollen","pollen","pollen","pollen","pollen","pollen/spore","pollen/spore","pollen","pollen","pollen","pollen","pollen","pollen","pollen","pollen","pollen","pollen","pollen","pollen/spore","pollen","pollen","pollen","pollen","pollen","pollen","pollen","pollen","pollen","pollen","pollen","pollen","pollen","pollen","pollen","pollen","pollen","pollen","pollen","pollen","pollen","pollen","pollen","pollen/spore","spore","spore","spore","spore","spore","spore","spore","spore","spore","spore","pollen","pollen","pollen","pollen","pollen","pollen","spore","spore","spore","spore","spore","spore","spore","spore","Lake Victoria (Shirati Bay) LV2",33.9463333333333,33.9463333333333,-1.13083333333333,-1.13083333333333,1135,6880000,"Tanzania",NA,NA,NA,NA,68,33134,"LVC18_S2","Lake Victoria LV2","Core","UWITEC piston corer","2018-10-01",NA,"Natural Lake",22.6,NA,NA,NA,NA,NA,NA,NA,NA,"2,3,6,7,10",44876,"8777,15357,20039,20044,9599","Gobet, E.|Grosjean, M.|Muschick, M.|Seehausen, O.|Tinner, W.",14,"Depth",9,"Carbon-14","Radiocarbon years BP",590,4,"BE-14371",7200,180,180,1,180,"False","Charcoal, wood","","Temoltzin-Loranca et al. 2023",1,20036,"Temoltzin-Loranca, Y.","Radiocarbon",7380,7020,7,20044,20044,"Seehausen, Ole","Seehausen, O.","Seehausen","Ole","O.","Prof. Dr.","active","Institute of Ecology and Evolution
University of Bern
Bern, Switzerland","","","","",1,"true","journal article",20442,"https://doi.org/10.1016/j.quascirev.2022.107915",2023,"Temoltzin-Loranca, Y., E. Gobet, B. Vannière, J.F.N. van Leeuwen, G. Wienhues, S. Szidat, C. Courtney-Mustaphi, M. Kishe, M. Muschick, O. Seehausen, M. Grosjean, and W. Tinner. 2023. A chronologically reliable record of 17,000 years of biomass burning in the Lake Victoria area. Quaternary Science Reviews 301:107915. [DOI: https://doi.org/10.1016/j.quascirev.2022.107915]","A chronologically reliable record of 17,000 years of biomass burning in the Lake Victoria area","Quaternary Science Reviews",301,107915,1,1,"Courtney-Mustaphi","C.","20036,8777,9974,15224,20037,13851,18278,20038,20039,20044,15357,9599","Temoltzin-Loranca, Y.|Gobet, E.|Vannière, B.|van Leeuwen, J.F.N.|Wienhues, G.|Szidat, S.|Courtney-Mustaphi, C.J.|Kishe, M.|Muschick, M.|Seehausen, O.|Grosjean, M.|Tinner, W.",15695,"18278,8777,15357,20038,20039,20044,13851,20036,9599,15224,9974,20037","Morales-Molino, C.","Courtney-Mustaphi, C.J.|Gobet, E.|Grosjean, M.|Kishe, M.|Muschick, M.|Seehausen, O.|Szidat, S.|Temoltzin-Loranca, Y.|Tinner, W.|van Leeuwen, J.F.N.|Vannière, B.|Wienhues, G.","Pollen","LV2 pollen",1,"Temoltzin-Loranca et al. (2023)","Calendar years BP","True",NA,"rbacon",15500,-60,NA,"Temoltzin-Loranca, Y.",9,20036,"Temoltzin-Loranca, Y.",NA,NA,NA,NA
559,1,1,8890,1,4,9666,237,132,23,26,0,27,34,0,0,0,0,0,0,0,0,0,0,0,0,0,0,0,0,0,0,0,0,0,0,0,0,0,0,0,0,0,0,0,0,0,0,0,0,0,0,0,0,0,0,0,0,0,0,0,0,0,0,0,0,0,0,0,0,0,0,0,0,0,0,0,0,0,0,0,0,0,0,0,0,0,0,0,0,15,124,18,22,2,0,0,0,0,1,1,0,0,4,0,1,0,0,0,1,0,0,0,0,0,0,0,0,0,1,0,0,6,0,0,1,0,0,1,0,0,0,1,0,0,0,0,0,0,0,0,3,0,1,1,0,0,0,0,0,0,0,0,0,0,1,0,0,0,0,0,0,0,0,0,0,1,0,0,1,0,0,0,20,3,3,0,0,0,10,1,3,0,0,0,1,0,1,1,0,0,0,0,0,0,0,0,0,0,0,0,0,0,0,"ml","number","spores/tablet","number","NISP","NISP","NISP","NISP","NISP","NISP","NISP","NISP","NISP","NISP","NISP","NISP","NISP","NISP","NISP","NISP","NISP","NISP","NISP","NISP","NISP","NISP","NISP","NISP","NISP","NISP","NISP","NISP","NISP","NISP","NISP","NISP","NISP","NISP","NISP","NISP","NISP","NISP","NISP","NISP","NISP","NISP","NISP","NISP","NISP","NISP","NISP","NISP","NISP","NISP","NISP","NISP","NISP","NISP","NISP","NISP","NISP","NISP","NISP","NISP","NISP","NISP","NISP","NISP","NISP","NISP","NISP","NISP","NISP","NISP","NISP","NISP","NISP","NISP","NISP","NISP","NISP","NISP","NISP","NISP","NISP","NISP","NISP","NISP","NISP","NISP","NISP","NISP","NISP","NISP","NISP","NISP","NISP","NISP","NISP","NISP","NISP","NISP","NISP","NISP","NISP","NISP","NISP","NISP","NISP","NISP","NISP","NISP","NISP","NISP","NISP","NISP","NISP","NISP","NISP","NISP","NISP","NISP","NISP","NISP","NISP","NISP","NISP","NISP","NISP","NISP","NISP","NISP","NISP","NISP","NISP","NISP","NISP","NISP","NISP","NISP","NISP","NISP","NISP","NISP","NISP","NISP","NISP","NISP","NISP","NISP","NISP","NISP","NISP","NISP","NISP","NISP","NISP","NISP","NISP","NISP","NISP","NISP","NISP","NISP","NISP","NISP","NISP","NISP","NISP","NISP","NISP","NISP","NISP","NISP","NISP","NISP","NISP","NISP","NISP","NISP","NISP","NISP","NISP","NISP","NISP","NISP","NISP","NISP","NISP","NISP","NISP","NISP","NISP","NISP","NISP","NISP","NISP","NISP","NISP","NISP","volume","quantity added","concentration","counted","pollen","pollen","pollen","pollen","pollen","pollen","pollen","spore","pollen","pollen","pollen","pollen","pollen","pollen","pollen","pollen","pollen","pollen","pollen","pollen","pollen","pollen","pollen","pollen","pollen","pollen","spore","pollen","pollen","pollen","pollen","spore","pollen","pollen","pollen","pollen","pollen","pollen","pollen","pollen","spore","pollen","pollen","pollen","pollen","spore","pollen","pollen","pollen","pollen","pollen","pollen","pollen","pollen","pollen","pollen","pollen","pollen","pollen","pollen","pollen","pollen","pollen","pollen","pollen","pollen","pollen","pollen/spore","pollen","pollen","pollen","pollen","pollen","pollen","pollen","pollen","spore","pollen","pollen","pollen","spore","pollen","pollen","pollen","pollen/spore","pollen","pollen","pollen","pollen","pollen","pollen","pollen","pollen","pollen","pollen","pollen","pollen","pollen","pollen","pollen","pollen","pollen","pollen","pollen","pollen","pollen","pollen","pollen","pollen","pollen","pollen","pollen","pollen","pollen","pollen","pollen","pollen","pollen","pollen","pollen","pollen","pollen","pollen","pollen","pollen","pollen","pollen","pollen","pollen","pollen","pollen","pollen","pollen","pollen","pollen/spore","pollen/spore","pollen","pollen","pollen","pollen","pollen","pollen","pollen","pollen","pollen","pollen","pollen","pollen/spore","pollen","pollen","pollen","pollen","pollen","pollen","pollen","pollen","pollen","pollen","pollen","pollen","pollen","pollen","pollen","pollen","pollen","pollen","pollen","pollen","pollen","pollen","pollen","pollen/spore","spore","spore","spore","spore","spore","spore","spore","spore","spore","spore","pollen","pollen","pollen","pollen","pollen","pollen","spore","spore","spore","spore","spore","spore","spore","spore","Lake Victoria (Shirati Bay) LV2",33.9463333333333,33.9463333333333,-1.13083333333333,-1.13083333333333,1135,6880000,"Tanzania",NA,NA,NA,NA,68,33134,"LVC18_S2","Lake Victoria LV2","Core","UWITEC piston corer","2018-10-01",NA,"Natural Lake",22.6,NA,NA,NA,NA,NA,NA,NA,NA,"2,3,6,7,10",44876,"8777,15357,20039,20044,9599","Gobet, E.|Grosjean, M.|Muschick, M.|Seehausen, O.|Tinner, W.",15,"Depth",9,"Carbon-14","Radiocarbon years BP",605,2,"BE-15547",8780,40,40,1,40,"False","Pollen concentrate","Corrected to 8200 +/- 410 radiocarbon yr BP","Temoltzin-Loranca et al. 2023",1,20036,"Temoltzin-Loranca, Y.","Radiocarbon",8820,8740,8,13851,13851,"Szidat, Sonke","Szidat, S.","Szidat","Sonke","S.","Prof. Dr.","active","Department of Chemistry and Biochemistry and Oeschger Centre for Climate Change Research
University of Bern
Freiestrasse 3
CH-3012 Bern Switzerland","soenke.szidat@dcb.unibe.ch","+41 31 631 43 08","","",1,"true","journal article",20442,"https://doi.org/10.1016/j.quascirev.2022.107915",2023,"Temoltzin-Loranca, Y., E. Gobet, B. Vannière, J.F.N. van Leeuwen, G. Wienhues, S. Szidat, C. Courtney-Mustaphi, M. Kishe, M. Muschick, O. Seehausen, M. Grosjean, and W. Tinner. 2023. A chronologically reliable record of 17,000 years of biomass burning in the Lake Victoria area. Quaternary Science Reviews 301:107915. [DOI: https://doi.org/10.1016/j.quascirev.2022.107915]","A chronologically reliable record of 17,000 years of biomass burning in the Lake Victoria area","Quaternary Science Reviews",301,107915,1,4,"Kishe","M.","20036,8777,9974,15224,20037,13851,18278,20038,20039,20044,15357,9599","Temoltzin-Loranca, Y.|Gobet, E.|Vannière, B.|van Leeuwen, J.F.N.|Wienhues, G.|Szidat, S.|Courtney-Mustaphi, C.J.|Kishe, M.|Muschick, M.|Seehausen, O.|Grosjean, M.|Tinner, W.",15695,"18278,8777,15357,20038,20039,20044,13851,20036,9599,15224,9974,20037","Morales-Molino, C.","Courtney-Mustaphi, C.J.|Gobet, E.|Grosjean, M.|Kishe, M.|Muschick, M.|Seehausen, O.|Szidat, S.|Temoltzin-Loranca, Y.|Tinner, W.|van Leeuwen, J.F.N.|Vannière, B.|Wienhues, G.","Pollen","LV2 pollen",1,"Temoltzin-Loranca et al. (2023)","Calendar years BP","True",NA,"rbacon",15500,-60,NA,"Temoltzin-Loranca, Y.",9,20036,"Temoltzin-Loranca, Y.",NA,NA,NA,NA
599,1,1,9481,1,4,9666,291,85,8,23,2,21,42,0,0,0,0,0,0,0,0,0,0,0,0,0,0,0,0,0,0,0,0,0,0,0,0,0,0,0,0,0,0,0,0,0,0,0,0,0,0,0,0,0,0,0,0,0,0,0,0,0,0,0,0,0,0,0,0,0,0,0,0,0,0,0,0,0,0,0,0,0,0,0,0,0,0,0,0,14,120,25,19,1,0,1,0,0,0,0,0,0,0,0,1,0,0,0,1,0,0,2,2,0,0,0,1,0,0,0,0,5,0,0,0,0,0,1,0,0,0,1,0,0,0,3,0,0,1,0,6,1,0,0,0,0,0,0,0,1,0,0,0,0,0,1,0,0,0,0,0,0,0,0,0,2,1,0,0,0,0,0,24,2,1,0,0,0,19,3,4,0,0,0,1,0,1,0,0,0,0,0,0,1,0,1,0,0,0,0,0,0,0,"ml","number","spores/tablet","number","NISP","NISP","NISP","NISP","NISP","NISP","NISP","NISP","NISP","NISP","NISP","NISP","NISP","NISP","NISP","NISP","NISP","NISP","NISP","NISP","NISP","NISP","NISP","NISP","NISP","NISP","NISP","NISP","NISP","NISP","NISP","NISP","NISP","NISP","NISP","NISP","NISP","NISP","NISP","NISP","NISP","NISP","NISP","NISP","NISP","NISP","NISP","NISP","NISP","NISP","NISP","NISP","NISP","NISP","NISP","NISP","NISP","NISP","NISP","NISP","NISP","NISP","NISP","NISP","NISP","NISP","NISP","NISP","NISP","NISP","NISP","NISP","NISP","NISP","NISP","NISP","NISP","NISP","NISP","NISP","NISP","NISP","NISP","NISP","NISP","NISP","NISP","NISP","NISP","NISP","NISP","NISP","NISP","NISP","NISP","NISP","NISP","NISP","NISP","NISP","NISP","NISP","NISP","NISP","NISP","NISP","NISP","NISP","NISP","NISP","NISP","NISP","NISP","NISP","NISP","NISP","NISP","NISP","NISP","NISP","NISP","NISP","NISP","NISP","NISP","NISP","NISP","NISP","NISP","NISP","NISP","NISP","NISP","NISP","NISP","NISP","NISP","NISP","NISP","NISP","NISP","NISP","NISP","NISP","NISP","NISP","NISP","NISP","NISP","NISP","NISP","NISP","NISP","NISP","NISP","NISP","NISP","NISP","NISP","NISP","NISP","NISP","NISP","NISP","NISP","NISP","NISP","NISP","NISP","NISP","NISP","NISP","NISP","NISP","NISP","NISP","NISP","NISP","NISP","NISP","NISP","NISP","NISP","NISP","NISP","NISP","NISP","NISP","NISP","NISP","NISP","NISP","NISP","NISP","NISP","NISP","volume","quantity added","concentration","counted","pollen","pollen","pollen","pollen","pollen","pollen","pollen","spore","pollen","pollen","pollen","pollen","pollen","pollen","pollen","pollen","pollen","pollen","pollen","pollen","pollen","pollen","pollen","pollen","pollen","pollen","spore","pollen","pollen","pollen","pollen","spore","pollen","pollen","pollen","pollen","pollen","pollen","pollen","pollen","spore","pollen","pollen","pollen","pollen","spore","pollen","pollen","pollen","pollen","pollen","pollen","pollen","pollen","pollen","pollen","pollen","pollen","pollen","pollen","pollen","pollen","pollen","pollen","pollen","pollen","pollen","pollen/spore","pollen","pollen","pollen","pollen","pollen","pollen","pollen","pollen","spore","pollen","pollen","pollen","spore","pollen","pollen","pollen","pollen/spore","pollen","pollen","pollen","pollen","pollen","pollen","pollen","pollen","pollen","pollen","pollen","pollen","pollen","pollen","pollen","pollen","pollen","pollen","pollen","pollen","pollen","pollen","pollen","pollen","pollen","pollen","pollen","pollen","pollen","pollen","pollen","pollen","pollen","pollen","pollen","pollen","pollen","pollen","pollen","pollen","pollen","pollen","pollen","pollen","pollen","pollen","pollen","pollen","pollen","pollen/spore","pollen/spore","pollen","pollen","pollen","pollen","pollen","pollen","pollen","pollen","pollen","pollen","pollen","pollen/spore","pollen","pollen","pollen","pollen","pollen","pollen","pollen","pollen","pollen","pollen","pollen","pollen","pollen","pollen","pollen","pollen","pollen","pollen","pollen","pollen","pollen","pollen","pollen","pollen/spore","spore","spore","spore","spore","spore","spore","spore","spore","spore","spore","pollen","pollen","pollen","pollen","pollen","pollen","spore","spore","spore","spore","spore","spore","spore","spore","Lake Victoria (Shirati Bay) LV2",33.9463333333333,33.9463333333333,-1.13083333333333,-1.13083333333333,1135,6880000,"Tanzania",NA,NA,NA,NA,68,33134,"LVC18_S2","Lake Victoria LV2","Core","UWITEC piston corer","2018-10-01",NA,"Natural Lake",22.6,NA,NA,NA,NA,NA,NA,NA,NA,"2,3,6,7,10",44876,"8777,15357,20039,20044,9599","Gobet, E.|Grosjean, M.|Muschick, M.|Seehausen, O.|Tinner, W.",16,"Depth",9,"Carbon-14","Radiocarbon years BP",633,10,"BE-14364",9030,130,130,1,130,"False","Charcoal","","Temoltzin-Loranca et al. 2023",1,20036,"Temoltzin-Loranca, Y.","Radiocarbon",9160,8900,8,13851,13851,"Szidat, Sonke","Szidat, S.","Szidat","Sonke","S.","Prof. Dr.","active","Department of Chemistry and Biochemistry and Oeschger Centre for Climate Change Research
University of Bern
Freiestrasse 3
CH-3012 Bern Switzerland","soenke.szidat@dcb.unibe.ch","+41 31 631 43 08","","",1,"true","journal article",20442,"https://doi.org/10.1016/j.quascirev.2022.107915",2023,"Temoltzin-Loranca, Y., E. Gobet, B. Vannière, J.F.N. van Leeuwen, G. Wienhues, S. Szidat, C. Courtney-Mustaphi, M. Kishe, M. Muschick, O. Seehausen, M. Grosjean, and W. Tinner. 2023. A chronologically reliable record of 17,000 years of biomass burning in the Lake Victoria area. Quaternary Science Reviews 301:107915. [DOI: https://doi.org/10.1016/j.quascirev.2022.107915]","A chronologically reliable record of 17,000 years of biomass burning in the Lake Victoria area","Quaternary Science Reviews",301,107915,1,4,"Kishe","M.","20036,8777,9974,15224,20037,13851,18278,20038,20039,20044,15357,9599","Temoltzin-Loranca, Y.|Gobet, E.|Vannière, B.|van Leeuwen, J.F.N.|Wienhues, G.|Szidat, S.|Courtney-Mustaphi, C.J.|Kishe, M.|Muschick, M.|Seehausen, O.|Grosjean, M.|Tinner, W.",15695,"18278,8777,15357,20038,20039,20044,13851,20036,9599,15224,9974,20037","Morales-Molino, C.","Courtney-Mustaphi, C.J.|Gobet, E.|Grosjean, M.|Kishe, M.|Muschick, M.|Seehausen, O.|Szidat, S.|Temoltzin-Loranca, Y.|Tinner, W.|van Leeuwen, J.F.N.|Vannière, B.|Wienhues, G.","Pollen","LV2 pollen",1,"Temoltzin-Loranca et al. (2023)","Calendar years BP","True",NA,"rbacon",15500,-60,NA,"Temoltzin-Loranca, Y.",9,20036,"Temoltzin-Loranca, Y.",NA,NA,NA,NA
637,1,1,10267,1,4,9666,247,41,3,11,0,6,29,0,0,0,0,0,0,0,0,0,0,0,0,0,0,0,0,0,0,0,0,0,0,0,0,0,0,0,0,0,0,0,0,0,0,0,0,0,0,0,0,0,0,0,0,0,0,0,0,0,0,0,0,0,0,0,0,0,0,0,0,0,0,0,0,0,0,0,0,0,0,0,0,0,0,0,0,6,98,13,12,0,0,1,0,0,0,0,0,0,1,0,0,0,0,0,0,0,0,4,1,0,0,0,0,0,0,0,0,2,0,0,0,0,0,0,0,0,0,1,0,0,0,0,0,2,0,0,4,0,1,0,0,0,0,0,0,2,1,0,0,0,0,0,1,0,0,0,0,0,0,0,0,3,0,0,1,0,0,0,4,0,4,0,0,0,8,2,8,1,0,0,1,0,0,0,0,0,1,1,0,0,1,0,0,0,0,0,0,0,0,"ml","number","spores/tablet","number","NISP","NISP","NISP","NISP","NISP","NISP","NISP","NISP","NISP","NISP","NISP","NISP","NISP","NISP","NISP","NISP","NISP","NISP","NISP","NISP","NISP","NISP","NISP","NISP","NISP","NISP","NISP","NISP","NISP","NISP","NISP","NISP","NISP","NISP","NISP","NISP","NISP","NISP","NISP","NISP","NISP","NISP","NISP","NISP","NISP","NISP","NISP","NISP","NISP","NISP","NISP","NISP","NISP","NISP","NISP","NISP","NISP","NISP","NISP","NISP","NISP","NISP","NISP","NISP","NISP","NISP","NISP","NISP","NISP","NISP","NISP","NISP","NISP","NISP","NISP","NISP","NISP","NISP","NISP","NISP","NISP","NISP","NISP","NISP","NISP","NISP","NISP","NISP","NISP","NISP","NISP","NISP","NISP","NISP","NISP","NISP","NISP","NISP","NISP","NISP","NISP","NISP","NISP","NISP","NISP","NISP","NISP","NISP","NISP","NISP","NISP","NISP","NISP","NISP","NISP","NISP","NISP","NISP","NISP","NISP","NISP","NISP","NISP","NISP","NISP","NISP","NISP","NISP","NISP","NISP","NISP","NISP","NISP","NISP","NISP","NISP","NISP","NISP","NISP","NISP","NISP","NISP","NISP","NISP","NISP","NISP","NISP","NISP","NISP","NISP","NISP","NISP","NISP","NISP","NISP","NISP","NISP","NISP","NISP","NISP","NISP","NISP","NISP","NISP","NISP","NISP","NISP","NISP","NISP","NISP","NISP","NISP","NISP","NISP","NISP","NISP","NISP","NISP","NISP","NISP","NISP","NISP","NISP","NISP","NISP","NISP","NISP","NISP","NISP","NISP","NISP","NISP","NISP","NISP","NISP","NISP","volume","quantity added","concentration","counted","pollen","pollen","pollen","pollen","pollen","pollen","pollen","spore","pollen","pollen","pollen","pollen","pollen","pollen","pollen","pollen","pollen","pollen","pollen","pollen","pollen","pollen","pollen","pollen","pollen","pollen","spore","pollen","pollen","pollen","pollen","spore","pollen","pollen","pollen","pollen","pollen","pollen","pollen","pollen","spore","pollen","pollen","pollen","pollen","spore","pollen","pollen","pollen","pollen","pollen","pollen","pollen","pollen","pollen","pollen","pollen","pollen","pollen","pollen","pollen","pollen","pollen","pollen","pollen","pollen","pollen","pollen/spore","pollen","pollen","pollen","pollen","pollen","pollen","pollen","pollen","spore","pollen","pollen","pollen","spore","pollen","pollen","pollen","pollen/spore","pollen","pollen","pollen","pollen","pollen","pollen","pollen","pollen","pollen","pollen","pollen","pollen","pollen","pollen","pollen","pollen","pollen","pollen","pollen","pollen","pollen","pollen","pollen","pollen","pollen","pollen","pollen","pollen","pollen","pollen","pollen","pollen","pollen","pollen","pollen","pollen","pollen","pollen","pollen","pollen","pollen","pollen","pollen","pollen","pollen","pollen","pollen","pollen","pollen","pollen/spore","pollen/spore","pollen","pollen","pollen","pollen","pollen","pollen","pollen","pollen","pollen","pollen","pollen","pollen/spore","pollen","pollen","pollen","pollen","pollen","pollen","pollen","pollen","pollen","pollen","pollen","pollen","pollen","pollen","pollen","pollen","pollen","pollen","pollen","pollen","pollen","pollen","pollen","pollen/spore","spore","spore","spore","spore","spore","spore","spore","spore","spore","spore","pollen","pollen","pollen","pollen","pollen","pollen","spore","spore","spore","spore","spore","spore","spore","spore","Lake Victoria (Shirati Bay) LV2",33.9463333333333,33.9463333333333,-1.13083333333333,-1.13083333333333,1135,6880000,"Tanzania",NA,NA,NA,NA,68,33134,"LVC18_S2","Lake Victoria LV2","Core","UWITEC piston corer","2018-10-01",NA,"Natural Lake",22.6,NA,NA,NA,NA,NA,NA,NA,NA,"2,3,6,7,10",44876,"8777,15357,20039,20044,9599","Gobet, E.|Grosjean, M.|Muschick, M.|Seehausen, O.|Tinner, W.",17,"Depth",9,"Carbon-14","Radiocarbon years BP",635,2,"BE-15548",9180,40,40,1,40,"False","Pollen concentrate","Corrected to 8610 +/- 410 radiocarbon yr BP","Temoltzin-Loranca et al. 2023",1,20036,"Temoltzin-Loranca, Y.","Radiocarbon",9220,9140,9,20036,20036,"Temoltzin-Loranca, Yunuén","Temoltzin-Loranca, Y.","Temoltzin-Loranca","Yunuén","Y.","Dr.","inactive","Institute of Geography and Oeschger Center for Climate Change Research
University of Bern
Bern, Switzerland","","","","",1,"true","journal article",20442,"https://doi.org/10.1016/j.quascirev.2022.107915",2023,"Temoltzin-Loranca, Y., E. Gobet, B. Vannière, J.F.N. van Leeuwen, G. Wienhues, S. Szidat, C. Courtney-Mustaphi, M. Kishe, M. Muschick, O. Seehausen, M. Grosjean, and W. Tinner. 2023. A chronologically reliable record of 17,000 years of biomass burning in the Lake Victoria area. Quaternary Science Reviews 301:107915. [DOI: https://doi.org/10.1016/j.quascirev.2022.107915]","A chronologically reliable record of 17,000 years of biomass burning in the Lake Victoria area","Quaternary Science Reviews",301,107915,1,6,"Muschick","M.","20036,8777,9974,15224,20037,13851,18278,20038,20039,20044,15357,9599","Temoltzin-Loranca, Y.|Gobet, E.|Vannière, B.|van Leeuwen, J.F.N.|Wienhues, G.|Szidat, S.|Courtney-Mustaphi, C.J.|Kishe, M.|Muschick, M.|Seehausen, O.|Grosjean, M.|Tinner, W.",15695,"18278,8777,15357,20038,20039,20044,13851,20036,9599,15224,9974,20037","Morales-Molino, C.","Courtney-Mustaphi, C.J.|Gobet, E.|Grosjean, M.|Kishe, M.|Muschick, M.|Seehausen, O.|Szidat, S.|Temoltzin-Loranca, Y.|Tinner, W.|van Leeuwen, J.F.N.|Vannière, B.|Wienhues, G.","Pollen","LV2 pollen",1,"Temoltzin-Loranca et al. (2023)","Calendar years BP","True",NA,"rbacon",15500,-60,NA,"Temoltzin-Loranca, Y.",9,20036,"Temoltzin-Loranca, Y.",NA,NA,NA,NA
657,1,1,10550,1,4,9666,179,18,2,6,2,7,33,0,0,0,0,0,0,0,0,0,0,0,0,0,0,0,0,0,0,0,0,0,0,0,0,0,0,0,0,0,0,0,0,0,0,0,0,0,0,0,0,0,0,0,0,0,0,0,0,0,0,0,0,0,0,0,0,0,0,0,0,0,0,0,0,0,0,0,0,0,0,0,0,0,0,0,0,13,114,13,14,0,0,1,0,0,1,0,0,0,0,1,0,0,1,0,0,0,0,1,0,0,0,0,0,0,1,0,0,0,2,0,0,0,0,0,0,0,0,0,1,0,0,0,0,1,0,0,6,0,0,0,0,0,0,0,0,0,1,0,0,0,0,1,0,0,0,1,0,1,0,0,0,1,0,0,0,0,0,0,6,0,0,0,0,0,6,1,6,1,0,0,0,0,0,0,0,0,0,1,0,0,0,0,0,0,0,0,0,0,0,"ml","number","spores/tablet","number","NISP","NISP","NISP","NISP","NISP","NISP","NISP","NISP","NISP","NISP","NISP","NISP","NISP","NISP","NISP","NISP","NISP","NISP","NISP","NISP","NISP","NISP","NISP","NISP","NISP","NISP","NISP","NISP","NISP","NISP","NISP","NISP","NISP","NISP","NISP","NISP","NISP","NISP","NISP","NISP","NISP","NISP","NISP","NISP","NISP","NISP","NISP","NISP","NISP","NISP","NISP","NISP","NISP","NISP","NISP","NISP","NISP","NISP","NISP","NISP","NISP","NISP","NISP","NISP","NISP","NISP","NISP","NISP","NISP","NISP","NISP","NISP","NISP","NISP","NISP","NISP","NISP","NISP","NISP","NISP","NISP","NISP","NISP","NISP","NISP","NISP","NISP","NISP","NISP","NISP","NISP","NISP","NISP","NISP","NISP","NISP","NISP","NISP","NISP","NISP","NISP","NISP","NISP","NISP","NISP","NISP","NISP","NISP","NISP","NISP","NISP","NISP","NISP","NISP","NISP","NISP","NISP","NISP","NISP","NISP","NISP","NISP","NISP","NISP","NISP","NISP","NISP","NISP","NISP","NISP","NISP","NISP","NISP","NISP","NISP","NISP","NISP","NISP","NISP","NISP","NISP","NISP","NISP","NISP","NISP","NISP","NISP","NISP","NISP","NISP","NISP","NISP","NISP","NISP","NISP","NISP","NISP","NISP","NISP","NISP","NISP","NISP","NISP","NISP","NISP","NISP","NISP","NISP","NISP","NISP","NISP","NISP","NISP","NISP","NISP","NISP","NISP","NISP","NISP","NISP","NISP","NISP","NISP","NISP","NISP","NISP","NISP","NISP","NISP","NISP","NISP","NISP","NISP","NISP","NISP","NISP","volume","quantity added","concentration","counted","pollen","pollen","pollen","pollen","pollen","pollen","pollen","spore","pollen","pollen","pollen","pollen","pollen","pollen","pollen","pollen","pollen","pollen","pollen","pollen","pollen","pollen","pollen","pollen","pollen","pollen","spore","pollen","pollen","pollen","pollen","spore","pollen","pollen","pollen","pollen","pollen","pollen","pollen","pollen","spore","pollen","pollen","pollen","pollen","spore","pollen","pollen","pollen","pollen","pollen","pollen","pollen","pollen","pollen","pollen","pollen","pollen","pollen","pollen","pollen","pollen","pollen","pollen","pollen","pollen","pollen","pollen/spore","pollen","pollen","pollen","pollen","pollen","pollen","pollen","pollen","spore","pollen","pollen","pollen","spore","pollen","pollen","pollen","pollen/spore","pollen","pollen","pollen","pollen","pollen","pollen","pollen","pollen","pollen","pollen","pollen","pollen","pollen","pollen","pollen","pollen","pollen","pollen","pollen","pollen","pollen","pollen","pollen","pollen","pollen","pollen","pollen","pollen","pollen","pollen","pollen","pollen","pollen","pollen","pollen","pollen","pollen","pollen","pollen","pollen","pollen","pollen","pollen","pollen","pollen","pollen","pollen","pollen","pollen","pollen/spore","pollen/spore","pollen","pollen","pollen","pollen","pollen","pollen","pollen","pollen","pollen","pollen","pollen","pollen/spore","pollen","pollen","pollen","pollen","pollen","pollen","pollen","pollen","pollen","pollen","pollen","pollen","pollen","pollen","pollen","pollen","pollen","pollen","pollen","pollen","pollen","pollen","pollen","pollen/spore","spore","spore","spore","spore","spore","spore","spore","spore","spore","spore","pollen","pollen","pollen","pollen","pollen","pollen","spore","spore","spore","spore","spore","spore","spore","spore","Lake Victoria (Shirati Bay) LV2",33.9463333333333,33.9463333333333,-1.13083333333333,-1.13083333333333,1135,6880000,"Tanzania",NA,NA,NA,NA,68,33134,"LVC18_S2","Lake Victoria LV2","Core","UWITEC piston corer","2018-10-01",NA,"Natural Lake",22.6,NA,NA,NA,NA,NA,NA,NA,NA,"2,3,6,7,10",44876,"8777,15357,20039,20044,9599","Gobet, E.|Grosjean, M.|Muschick, M.|Seehausen, O.|Tinner, W.",18,"Depth",9,"Carbon-14","Radiocarbon years BP",641.5,1,"BE-13427",9240,20,20,1,20,"False","Twig","","Temoltzin-Loranca et al. 2023",1,20036,"Temoltzin-Loranca, Y.","Radiocarbon",9260,9220,9,20036,20036,"Temoltzin-Loranca, Yunuén","Temoltzin-Loranca, Y.","Temoltzin-Loranca","Yunuén","Y.","Dr.","inactive","Institute of Geography and Oeschger Center for Climate Change Research
University of Bern
Bern, Switzerland","","","","",1,"true","journal article",20442,"https://doi.org/10.1016/j.quascirev.2022.107915",2023,"Temoltzin-Loranca, Y., E. Gobet, B. Vannière, J.F.N. van Leeuwen, G. Wienhues, S. Szidat, C. Courtney-Mustaphi, M. Kishe, M. Muschick, O. Seehausen, M. Grosjean, and W. Tinner. 2023. A chronologically reliable record of 17,000 years of biomass burning in the Lake Victoria area. Quaternary Science Reviews 301:107915. [DOI: https://doi.org/10.1016/j.quascirev.2022.107915]","A chronologically reliable record of 17,000 years of biomass burning in the Lake Victoria area","Quaternary Science Reviews",301,107915,1,6,"Muschick","M.","20036,8777,9974,15224,20037,13851,18278,20038,20039,20044,15357,9599","Temoltzin-Loranca, Y.|Gobet, E.|Vannière, B.|van Leeuwen, J.F.N.|Wienhues, G.|Szidat, S.|Courtney-Mustaphi, C.J.|Kishe, M.|Muschick, M.|Seehausen, O.|Grosjean, M.|Tinner, W.",15695,"18278,8777,15357,20038,20039,20044,13851,20036,9599,15224,9974,20037","Morales-Molino, C.","Courtney-Mustaphi, C.J.|Gobet, E.|Grosjean, M.|Kishe, M.|Muschick, M.|Seehausen, O.|Szidat, S.|Temoltzin-Loranca, Y.|Tinner, W.|van Leeuwen, J.F.N.|Vannière, B.|Wienhues, G.","Pollen","LV2 pollen",1,"Temoltzin-Loranca et al. (2023)","Calendar years BP","True",NA,"rbacon",15500,-60,NA,"Temoltzin-Loranca, Y.",9,20036,"Temoltzin-Loranca, Y.",NA,NA,NA,NA
677,1,1,11518,1,4,9666,354,17,1,13,7,2,37,0,0,0,0,0,0,0,0,0,0,0,0,0,0,0,0,0,0,0,0,0,0,0,0,0,0,0,0,0,0,0,0,0,0,0,0,0,0,0,0,0,0,0,0,0,0,0,0,0,0,0,0,0,0,0,0,0,0,0,0,0,0,0,0,0,0,0,0,0,0,0,0,0,0,0,0,5,207,19,30,1,0,0,0,0,3,0,0,1,0,0,6,0,1,1,1,0,0,0,2,0,0,0,0,0,0,0,0,1,2,0,1,0,0,2,0,0,1,0,0,0,0,0,0,0,0,1,9,0,0,1,0,0,0,0,2,0,1,0,0,0,2,0,0,1,0,0,0,0,0,0,1,0,3,0,0,2,0,1,6,1,2,0,1,0,14,4,3,0,0,1,0,0,0,1,0,0,0,1,0,0,0,0,1,0,0,1,0,0,0,"ml","number","spores/tablet","number","NISP","NISP","NISP","NISP","NISP","NISP","NISP","NISP","NISP","NISP","NISP","NISP","NISP","NISP","NISP","NISP","NISP","NISP","NISP","NISP","NISP","NISP","NISP","NISP","NISP","NISP","NISP","NISP","NISP","NISP","NISP","NISP","NISP","NISP","NISP","NISP","NISP","NISP","NISP","NISP","NISP","NISP","NISP","NISP","NISP","NISP","NISP","NISP","NISP","NISP","NISP","NISP","NISP","NISP","NISP","NISP","NISP","NISP","NISP","NISP","NISP","NISP","NISP","NISP","NISP","NISP","NISP","NISP","NISP","NISP","NISP","NISP","NISP","NISP","NISP","NISP","NISP","NISP","NISP","NISP","NISP","NISP","NISP","NISP","NISP","NISP","NISP","NISP","NISP","NISP","NISP","NISP","NISP","NISP","NISP","NISP","NISP","NISP","NISP","NISP","NISP","NISP","NISP","NISP","NISP","NISP","NISP","NISP","NISP","NISP","NISP","NISP","NISP","NISP","NISP","NISP","NISP","NISP","NISP","NISP","NISP","NISP","NISP","NISP","NISP","NISP","NISP","NISP","NISP","NISP","NISP","NISP","NISP","NISP","NISP","NISP","NISP","NISP","NISP","NISP","NISP","NISP","NISP","NISP","NISP","NISP","NISP","NISP","NISP","NISP","NISP","NISP","NISP","NISP","NISP","NISP","NISP","NISP","NISP","NISP","NISP","NISP","NISP","NISP","NISP","NISP","NISP","NISP","NISP","NISP","NISP","NISP","NISP","NISP","NISP","NISP","NISP","NISP","NISP","NISP","NISP","NISP","NISP","NISP","NISP","NISP","NISP","NISP","NISP","NISP","NISP","NISP","NISP","NISP","NISP","NISP","volume","quantity added","concentration","counted","pollen","pollen","pollen","pollen","pollen","pollen","pollen","spore","pollen","pollen","pollen","pollen","pollen","pollen","pollen","pollen","pollen","pollen","pollen","pollen","pollen","pollen","pollen","pollen","pollen","pollen","spore","pollen","pollen","pollen","pollen","spore","pollen","pollen","pollen","pollen","pollen","pollen","pollen","pollen","spore","pollen","pollen","pollen","pollen","spore","pollen","pollen","pollen","pollen","pollen","pollen","pollen","pollen","pollen","pollen","pollen","pollen","pollen","pollen","pollen","pollen","pollen","pollen","pollen","pollen","pollen","pollen/spore","pollen","pollen","pollen","pollen","pollen","pollen","pollen","pollen","spore","pollen","pollen","pollen","spore","pollen","pollen","pollen","pollen/spore","pollen","pollen","pollen","pollen","pollen","pollen","pollen","pollen","pollen","pollen","pollen","pollen","pollen","pollen","pollen","pollen","pollen","pollen","pollen","pollen","pollen","pollen","pollen","pollen","pollen","pollen","pollen","pollen","pollen","pollen","pollen","pollen","pollen","pollen","pollen","pollen","pollen","pollen","pollen","pollen","pollen","pollen","pollen","pollen","pollen","pollen","pollen","pollen","pollen","pollen/spore","pollen/spore","pollen","pollen","pollen","pollen","pollen","pollen","pollen","pollen","pollen","pollen","pollen","pollen/spore","pollen","pollen","pollen","pollen","pollen","pollen","pollen","pollen","pollen","pollen","pollen","pollen","pollen","pollen","pollen","pollen","pollen","pollen","pollen","pollen","pollen","pollen","pollen","pollen/spore","spore","spore","spore","spore","spore","spore","spore","spore","spore","spore","pollen","pollen","pollen","pollen","pollen","pollen","spore","spore","spore","spore","spore","spore","spore","spore","Lake Victoria (Shirati Bay) LV2",33.9463333333333,33.9463333333333,-1.13083333333333,-1.13083333333333,1135,6880000,"Tanzania",NA,NA,NA,NA,68,33134,"LVC18_S2","Lake Victoria LV2","Core","UWITEC piston corer","2018-10-01",NA,"Natural Lake",22.6,NA,NA,NA,NA,NA,NA,NA,NA,"2,3,6,7,10",44876,"8777,15357,20039,20044,9599","Gobet, E.|Grosjean, M.|Muschick, M.|Seehausen, O.|Tinner, W.",19,"Depth",9,"Carbon-14","Radiocarbon years BP",643,2,"BE-14369",9320,300,300,1,300,"False","Charcoal","","Temoltzin-Loranca et al. 2023",1,20036,"Temoltzin-Loranca, Y.","Radiocarbon",9620,9020,10,9599,9599,"Tinner, Willy","Tinner, W.","Tinner","Willy","W.","Prof. Dr.","active","Paleoecology Section
Institute of Plant Sciences and Oeschger Centre for Climate Change Research
University of Bern
Altenbergrain 21
3013 Bern
Switzerland","willy.tinner@ips.unibe.ch","+4131631492","http://www.ips.unibe.ch/research/paleo/index_eng.html","",1,"true","journal article",20442,"https://doi.org/10.1016/j.quascirev.2022.107915",2023,"Temoltzin-Loranca, Y., E. Gobet, B. Vannière, J.F.N. van Leeuwen, G. Wienhues, S. Szidat, C. Courtney-Mustaphi, M. Kishe, M. Muschick, O. Seehausen, M. Grosjean, and W. Tinner. 2023. A chronologically reliable record of 17,000 years of biomass burning in the Lake Victoria area. Quaternary Science Reviews 301:107915. [DOI: https://doi.org/10.1016/j.quascirev.2022.107915]","A chronologically reliable record of 17,000 years of biomass burning in the Lake Victoria area","Quaternary Science Reviews",301,107915,1,7,"Seehausen","O.","20036,8777,9974,15224,20037,13851,18278,20038,20039,20044,15357,9599","Temoltzin-Loranca, Y.|Gobet, E.|Vannière, B.|van Leeuwen, J.F.N.|Wienhues, G.|Szidat, S.|Courtney-Mustaphi, C.J.|Kishe, M.|Muschick, M.|Seehausen, O.|Grosjean, M.|Tinner, W.",15695,"18278,8777,15357,20038,20039,20044,13851,20036,9599,15224,9974,20037","Morales-Molino, C.","Courtney-Mustaphi, C.J.|Gobet, E.|Grosjean, M.|Kishe, M.|Muschick, M.|Seehausen, O.|Szidat, S.|Temoltzin-Loranca, Y.|Tinner, W.|van Leeuwen, J.F.N.|Vannière, B.|Wienhues, G.","Pollen","LV2 pollen",1,"Temoltzin-Loranca et al. (2023)","Calendar years BP","True",NA,"rbacon",15500,-60,NA,"Temoltzin-Loranca, Y.",9,20036,"Temoltzin-Loranca, Y.",NA,NA,NA,NA
697,1,1,12026,1,4,9666,323,15,1,7,7,0,30,0,0,0,0,0,0,0,0,0,0,0,0,0,0,0,0,0,0,0,0,0,0,0,0,0,0,0,0,0,0,0,0,0,0,0,0,0,0,0,0,0,0,0,0,0,0,0,0,0,0,0,0,0,0,0,0,0,0,0,0,0,0,0,0,0,0,0,0,0,0,0,0,0,0,0,0,5,238,33,36,3,1,1,0,0,5,0,0,0,0,0,1,0,0,0,0,1,0,1,1,0,0,0,0,0,1,0,0,0,2,0,0,0,0,0,0,0,2,1,1,0,0,2,0,1,0,0,8,1,1,1,0,0,0,1,0,0,0,0,0,0,4,0,2,0,0,0,1,1,1,0,0,0,0,0,0,0,0,0,3,0,0,0,0,0,16,9,6,0,0,0,0,0,0,0,0,0,0,0,0,0,0,0,0,0,0,0,1,0,0,"ml","number","spores/tablet","number","NISP","NISP","NISP","NISP","NISP","NISP","NISP","NISP","NISP","NISP","NISP","NISP","NISP","NISP","NISP","NISP","NISP","NISP","NISP","NISP","NISP","NISP","NISP","NISP","NISP","NISP","NISP","NISP","NISP","NISP","NISP","NISP","NISP","NISP","NISP","NISP","NISP","NISP","NISP","NISP","NISP","NISP","NISP","NISP","NISP","NISP","NISP","NISP","NISP","NISP","NISP","NISP","NISP","NISP","NISP","NISP","NISP","NISP","NISP","NISP","NISP","NISP","NISP","NISP","NISP","NISP","NISP","NISP","NISP","NISP","NISP","NISP","NISP","NISP","NISP","NISP","NISP","NISP","NISP","NISP","NISP","NISP","NISP","NISP","NISP","NISP","NISP","NISP","NISP","NISP","NISP","NISP","NISP","NISP","NISP","NISP","NISP","NISP","NISP","NISP","NISP","NISP","NISP","NISP","NISP","NISP","NISP","NISP","NISP","NISP","NISP","NISP","NISP","NISP","NISP","NISP","NISP","NISP","NISP","NISP","NISP","NISP","NISP","NISP","NISP","NISP","NISP","NISP","NISP","NISP","NISP","NISP","NISP","NISP","NISP","NISP","NISP","NISP","NISP","NISP","NISP","NISP","NISP","NISP","NISP","NISP","NISP","NISP","NISP","NISP","NISP","NISP","NISP","NISP","NISP","NISP","NISP","NISP","NISP","NISP","NISP","NISP","NISP","NISP","NISP","NISP","NISP","NISP","NISP","NISP","NISP","NISP","NISP","NISP","NISP","NISP","NISP","NISP","NISP","NISP","NISP","NISP","NISP","NISP","NISP","NISP","NISP","NISP","NISP","NISP","NISP","NISP","NISP","NISP","NISP","NISP","volume","quantity added","concentration","counted","pollen","pollen","pollen","pollen","pollen","pollen","pollen","spore","pollen","pollen","pollen","pollen","pollen","pollen","pollen","pollen","pollen","pollen","pollen","pollen","pollen","pollen","pollen","pollen","pollen","pollen","spore","pollen","pollen","pollen","pollen","spore","pollen","pollen","pollen","pollen","pollen","pollen","pollen","pollen","spore","pollen","pollen","pollen","pollen","spore","pollen","pollen","pollen","pollen","pollen","pollen","pollen","pollen","pollen","pollen","pollen","pollen","pollen","pollen","pollen","pollen","pollen","pollen","pollen","pollen","pollen","pollen/spore","pollen","pollen","pollen","pollen","pollen","pollen","pollen","pollen","spore","pollen","pollen","pollen","spore","pollen","pollen","pollen","pollen/spore","pollen","pollen","pollen","pollen","pollen","pollen","pollen","pollen","pollen","pollen","pollen","pollen","pollen","pollen","pollen","pollen","pollen","pollen","pollen","pollen","pollen","pollen","pollen","pollen","pollen","pollen","pollen","pollen","pollen","pollen","pollen","pollen","pollen","pollen","pollen","pollen","pollen","pollen","pollen","pollen","pollen","pollen","pollen","pollen","pollen","pollen","pollen","pollen","pollen","pollen/spore","pollen/spore","pollen","pollen","pollen","pollen","pollen","pollen","pollen","pollen","pollen","pollen","pollen","pollen/spore","pollen","pollen","pollen","pollen","pollen","pollen","pollen","pollen","pollen","pollen","pollen","pollen","pollen","pollen","pollen","pollen","pollen","pollen","pollen","pollen","pollen","pollen","pollen","pollen/spore","spore","spore","spore","spore","spore","spore","spore","spore","spore","spore","pollen","pollen","pollen","pollen","pollen","pollen","spore","spore","spore","spore","spore","spore","spore","spore","Lake Victoria (Shirati Bay) LV2",33.9463333333333,33.9463333333333,-1.13083333333333,-1.13083333333333,1135,6880000,"Tanzania",NA,NA,NA,NA,68,33134,"LVC18_S2","Lake Victoria LV2","Core","UWITEC piston corer","2018-10-01",NA,"Natural Lake",22.6,NA,NA,NA,NA,NA,NA,NA,NA,"2,3,6,7,10",44876,"8777,15357,20039,20044,9599","Gobet, E.|Grosjean, M.|Muschick, M.|Seehausen, O.|Tinner, W.",20,"Depth",9,"Carbon-14","Radiocarbon years BP",644.5,1,"BE-13428",9230,20,20,1,20,"False","Twig","","Temoltzin-Loranca et al. 2023",1,20036,"Temoltzin-Loranca, Y.","Radiocarbon",9250,9210,10,9599,9599,"Tinner, Willy","Tinner, W.","Tinner","Willy","W.","Prof. Dr.","active","Paleoecology Section
Institute of Plant Sciences and Oeschger Centre for Climate Change Research
University of Bern
Altenbergrain 21
3013 Bern
Switzerland","willy.tinner@ips.unibe.ch","+4131631492","http://www.ips.unibe.ch/research/paleo/index_eng.html","",1,"true","journal article",20442,"https://doi.org/10.1016/j.quascirev.2022.107915",2023,"Temoltzin-Loranca, Y., E. Gobet, B. Vannière, J.F.N. van Leeuwen, G. Wienhues, S. Szidat, C. Courtney-Mustaphi, M. Kishe, M. Muschick, O. Seehausen, M. Grosjean, and W. Tinner. 2023. A chronologically reliable record of 17,000 years of biomass burning in the Lake Victoria area. Quaternary Science Reviews 301:107915. [DOI: https://doi.org/10.1016/j.quascirev.2022.107915]","A chronologically reliable record of 17,000 years of biomass burning in the Lake Victoria area","Quaternary Science Reviews",301,107915,1,7,"Seehausen","O.","20036,8777,9974,15224,20037,13851,18278,20038,20039,20044,15357,9599","Temoltzin-Loranca, Y.|Gobet, E.|Vannière, B.|van Leeuwen, J.F.N.|Wienhues, G.|Szidat, S.|Courtney-Mustaphi, C.J.|Kishe, M.|Muschick, M.|Seehausen, O.|Grosjean, M.|Tinner, W.",15695,"18278,8777,15357,20038,20039,20044,13851,20036,9599,15224,9974,20037","Morales-Molino, C.","Courtney-Mustaphi, C.J.|Gobet, E.|Grosjean, M.|Kishe, M.|Muschick, M.|Seehausen, O.|Szidat, S.|Temoltzin-Loranca, Y.|Tinner, W.|van Leeuwen, J.F.N.|Vannière, B.|Wienhues, G.","Pollen","LV2 pollen",1,"Temoltzin-Loranca et al. (2023)","Calendar years BP","True",NA,"rbacon",15500,-60,NA,"Temoltzin-Loranca, Y.",9,20036,"Temoltzin-Loranca, Y.",NA,NA,NA,NA
715,1,1,12430,1,4,9666,215,10,0,5,2,3,21,0,0,0,0,0,0,0,0,0,0,0,0,0,0,0,0,0,0,0,0,0,0,0,0,0,0,0,0,0,0,0,0,0,0,0,0,0,0,0,0,0,0,0,0,0,0,0,0,0,0,0,0,0,0,0,0,0,0,0,0,0,0,0,0,0,0,0,0,0,0,0,0,0,0,0,0,5,184,34,39,1,0,0,0,1,1,0,0,0,0,0,1,1,0,0,0,0,0,0,1,0,0,0,1,1,1,0,0,1,2,0,0,0,0,0,0,1,0,3,2,0,0,0,0,0,0,0,4,0,1,0,0,0,0,0,0,0,0,1,0,0,1,0,0,0,0,0,0,0,0,0,0,0,0,0,1,0,0,0,6,1,1,0,0,0,5,7,3,0,0,0,0,0,0,0,0,0,0,3,0,0,1,0,0,0,0,0,0,0,0,"ml","number","spores/tablet","number","NISP","NISP","NISP","NISP","NISP","NISP","NISP","NISP","NISP","NISP","NISP","NISP","NISP","NISP","NISP","NISP","NISP","NISP","NISP","NISP","NISP","NISP","NISP","NISP","NISP","NISP","NISP","NISP","NISP","NISP","NISP","NISP","NISP","NISP","NISP","NISP","NISP","NISP","NISP","NISP","NISP","NISP","NISP","NISP","NISP","NISP","NISP","NISP","NISP","NISP","NISP","NISP","NISP","NISP","NISP","NISP","NISP","NISP","NISP","NISP","NISP","NISP","NISP","NISP","NISP","NISP","NISP","NISP","NISP","NISP","NISP","NISP","NISP","NISP","NISP","NISP","NISP","NISP","NISP","NISP","NISP","NISP","NISP","NISP","NISP","NISP","NISP","NISP","NISP","NISP","NISP","NISP","NISP","NISP","NISP","NISP","NISP","NISP","NISP","NISP","NISP","NISP","NISP","NISP","NISP","NISP","NISP","NISP","NISP","NISP","NISP","NISP","NISP","NISP","NISP","NISP","NISP","NISP","NISP","NISP","NISP","NISP","NISP","NISP","NISP","NISP","NISP","NISP","NISP","NISP","NISP","NISP","NISP","NISP","NISP","NISP","NISP","NISP","NISP","NISP","NISP","NISP","NISP","NISP","NISP","NISP","NISP","NISP","NISP","NISP","NISP","NISP","NISP","NISP","NISP","NISP","NISP","NISP","NISP","NISP","NISP","NISP","NISP","NISP","NISP","NISP","NISP","NISP","NISP","NISP","NISP","NISP","NISP","NISP","NISP","NISP","NISP","NISP","NISP","NISP","NISP","NISP","NISP","NISP","NISP","NISP","NISP","NISP","NISP","NISP","NISP","NISP","NISP","NISP","NISP","NISP","volume","quantity added","concentration","counted","pollen","pollen","pollen","pollen","pollen","pollen","pollen","spore","pollen","pollen","pollen","pollen","pollen","pollen","pollen","pollen","pollen","pollen","pollen","pollen","pollen","pollen","pollen","pollen","pollen","pollen","spore","pollen","pollen","pollen","pollen","spore","pollen","pollen","pollen","pollen","pollen","pollen","pollen","pollen","spore","pollen","pollen","pollen","pollen","spore","pollen","pollen","pollen","pollen","pollen","pollen","pollen","pollen","pollen","pollen","pollen","pollen","pollen","pollen","pollen","pollen","pollen","pollen","pollen","pollen","pollen","pollen/spore","pollen","pollen","pollen","pollen","pollen","pollen","pollen","pollen","spore","pollen","pollen","pollen","spore","pollen","pollen","pollen","pollen/spore","pollen","pollen","pollen","pollen","pollen","pollen","pollen","pollen","pollen","pollen","pollen","pollen","pollen","pollen","pollen","pollen","pollen","pollen","pollen","pollen","pollen","pollen","pollen","pollen","pollen","pollen","pollen","pollen","pollen","pollen","pollen","pollen","pollen","pollen","pollen","pollen","pollen","pollen","pollen","pollen","pollen","pollen","pollen","pollen","pollen","pollen","pollen","pollen","pollen","pollen/spore","pollen/spore","pollen","pollen","pollen","pollen","pollen","pollen","pollen","pollen","pollen","pollen","pollen","pollen/spore","pollen","pollen","pollen","pollen","pollen","pollen","pollen","pollen","pollen","pollen","pollen","pollen","pollen","pollen","pollen","pollen","pollen","pollen","pollen","pollen","pollen","pollen","pollen","pollen/spore","spore","spore","spore","spore","spore","spore","spore","spore","spore","spore","pollen","pollen","pollen","pollen","pollen","pollen","spore","spore","spore","spore","spore","spore","spore","spore","Lake Victoria (Shirati Bay) LV2",33.9463333333333,33.9463333333333,-1.13083333333333,-1.13083333333333,1135,6880000,"Tanzania",NA,NA,NA,NA,68,33134,"LVC18_S2","Lake Victoria LV2","Core","UWITEC piston corer","2018-10-01",NA,"Natural Lake",22.6,NA,NA,NA,NA,NA,NA,NA,NA,"2,3,6,7,10",44876,"8777,15357,20039,20044,9599","Gobet, E.|Grosjean, M.|Muschick, M.|Seehausen, O.|Tinner, W.",21,"Depth",9,"Carbon-14","Radiocarbon years BP",657,6,"BE-14374",9110,130,130,1,130,"False","Charcoal","","Temoltzin-Loranca et al. 2023",1,20036,"Temoltzin-Loranca, Y.","Radiocarbon",9240,8980,11,15224,15224,"van Leeuwen, Jacqueline","van Leeuwen, J.F.N.","van Leeuwen","Jacqueline","J.F.N.","Mrs.","retired","Systematisch-GeobotanischesInstitut
Altenbergrain 21
CH-3013 Bern
SWITZERLAND","vanleeuwen@ips.unibe.ch","41 31 654925","","41 31 422059",1,"true","journal article",20442,"https://doi.org/10.1016/j.quascirev.2022.107915",2023,"Temoltzin-Loranca, Y., E. Gobet, B. Vannière, J.F.N. van Leeuwen, G. Wienhues, S. Szidat, C. Courtney-Mustaphi, M. Kishe, M. Muschick, O. Seehausen, M. Grosjean, and W. Tinner. 2023. A chronologically reliable record of 17,000 years of biomass burning in the Lake Victoria area. Quaternary Science Reviews 301:107915. [DOI: https://doi.org/10.1016/j.quascirev.2022.107915]","A chronologically reliable record of 17,000 years of biomass burning in the Lake Victoria area","Quaternary Science Reviews",301,107915,1,3,"Grosjean","M.","20036,8777,9974,15224,20037,13851,18278,20038,20039,20044,15357,9599","Temoltzin-Loranca, Y.|Gobet, E.|Vannière, B.|van Leeuwen, J.F.N.|Wienhues, G.|Szidat, S.|Courtney-Mustaphi, C.J.|Kishe, M.|Muschick, M.|Seehausen, O.|Grosjean, M.|Tinner, W.",15695,"18278,8777,15357,20038,20039,20044,13851,20036,9599,15224,9974,20037","Morales-Molino, C.","Courtney-Mustaphi, C.J.|Gobet, E.|Grosjean, M.|Kishe, M.|Muschick, M.|Seehausen, O.|Szidat, S.|Temoltzin-Loranca, Y.|Tinner, W.|van Leeuwen, J.F.N.|Vannière, B.|Wienhues, G.","Pollen","LV2 pollen",1,"Temoltzin-Loranca et al. (2023)","Calendar years BP","True",NA,"rbacon",15500,-60,NA,"Temoltzin-Loranca, Y.",9,20036,"Temoltzin-Loranca, Y.",NA,NA,NA,NA
731,1,1,12817,1,4,9666,654,4,1,9,5,1,29,0,0,0,0,0,0,0,0,0,0,0,0,0,0,0,0,0,0,0,0,0,0,0,0,0,0,0,0,0,0,0,0,0,0,0,0,0,0,0,0,0,0,0,0,0,0,0,0,0,0,0,0,0,0,0,0,0,0,0,0,0,0,0,0,0,0,0,0,0,0,0,0,0,0,0,0,6,235,31,35,4,1,1,1,0,2,0,2,0,0,0,0,0,0,1,0,0,0,0,3,0,0,0,0,0,1,0,0,0,2,0,1,0,0,0,1,0,0,1,0,0,0,0,0,1,0,0,4,1,0,1,0,0,0,0,1,0,0,0,1,0,0,0,1,1,1,0,0,1,0,0,0,0,1,0,0,2,0,0,9,0,0,0,0,0,7,3,6,0,0,0,1,0,0,0,0,0,0,0,0,2,1,0,0,0,0,0,0,0,0,"ml","number","spores/tablet","number","NISP","NISP","NISP","NISP","NISP","NISP","NISP","NISP","NISP","NISP","NISP","NISP","NISP","NISP","NISP","NISP","NISP","NISP","NISP","NISP","NISP","NISP","NISP","NISP","NISP","NISP","NISP","NISP","NISP","NISP","NISP","NISP","NISP","NISP","NISP","NISP","NISP","NISP","NISP","NISP","NISP","NISP","NISP","NISP","NISP","NISP","NISP","NISP","NISP","NISP","NISP","NISP","NISP","NISP","NISP","NISP","NISP","NISP","NISP","NISP","NISP","NISP","NISP","NISP","NISP","NISP","NISP","NISP","NISP","NISP","NISP","NISP","NISP","NISP","NISP","NISP","NISP","NISP","NISP","NISP","NISP","NISP","NISP","NISP","NISP","NISP","NISP","NISP","NISP","NISP","NISP","NISP","NISP","NISP","NISP","NISP","NISP","NISP","NISP","NISP","NISP","NISP","NISP","NISP","NISP","NISP","NISP","NISP","NISP","NISP","NISP","NISP","NISP","NISP","NISP","NISP","NISP","NISP","NISP","NISP","NISP","NISP","NISP","NISP","NISP","NISP","NISP","NISP","NISP","NISP","NISP","NISP","NISP","NISP","NISP","NISP","NISP","NISP","NISP","NISP","NISP","NISP","NISP","NISP","NISP","NISP","NISP","NISP","NISP","NISP","NISP","NISP","NISP","NISP","NISP","NISP","NISP","NISP","NISP","NISP","NISP","NISP","NISP","NISP","NISP","NISP","NISP","NISP","NISP","NISP","NISP","NISP","NISP","NISP","NISP","NISP","NISP","NISP","NISP","NISP","NISP","NISP","NISP","NISP","NISP","NISP","NISP","NISP","NISP","NISP","NISP","NISP","NISP","NISP","NISP","NISP","volume","quantity added","concentration","counted","pollen","pollen","pollen","pollen","pollen","pollen","pollen","spore","pollen","pollen","pollen","pollen","pollen","pollen","pollen","pollen","pollen","pollen","pollen","pollen","pollen","pollen","pollen","pollen","pollen","pollen","spore","pollen","pollen","pollen","pollen","spore","pollen","pollen","pollen","pollen","pollen","pollen","pollen","pollen","spore","pollen","pollen","pollen","pollen","spore","pollen","pollen","pollen","pollen","pollen","pollen","pollen","pollen","pollen","pollen","pollen","pollen","pollen","pollen","pollen","pollen","pollen","pollen","pollen","pollen","pollen","pollen/spore","pollen","pollen","pollen","pollen","pollen","pollen","pollen","pollen","spore","pollen","pollen","pollen","spore","pollen","pollen","pollen","pollen/spore","pollen","pollen","pollen","pollen","pollen","pollen","pollen","pollen","pollen","pollen","pollen","pollen","pollen","pollen","pollen","pollen","pollen","pollen","pollen","pollen","pollen","pollen","pollen","pollen","pollen","pollen","pollen","pollen","pollen","pollen","pollen","pollen","pollen","pollen","pollen","pollen","pollen","pollen","pollen","pollen","pollen","pollen","pollen","pollen","pollen","pollen","pollen","pollen","pollen","pollen/spore","pollen/spore","pollen","pollen","pollen","pollen","pollen","pollen","pollen","pollen","pollen","pollen","pollen","pollen/spore","pollen","pollen","pollen","pollen","pollen","pollen","pollen","pollen","pollen","pollen","pollen","pollen","pollen","pollen","pollen","pollen","pollen","pollen","pollen","pollen","pollen","pollen","pollen","pollen/spore","spore","spore","spore","spore","spore","spore","spore","spore","spore","spore","pollen","pollen","pollen","pollen","pollen","pollen","spore","spore","spore","spore","spore","spore","spore","spore","Lake Victoria (Shirati Bay) LV2",33.9463333333333,33.9463333333333,-1.13083333333333,-1.13083333333333,1135,6880000,"Tanzania",NA,NA,NA,NA,68,33134,"LVC18_S2","Lake Victoria LV2","Core","UWITEC piston corer","2018-10-01",NA,"Natural Lake",22.6,NA,NA,NA,NA,NA,NA,NA,NA,"2,3,6,7,10",44876,"8777,15357,20039,20044,9599","Gobet, E.|Grosjean, M.|Muschick, M.|Seehausen, O.|Tinner, W.",22,"Depth",9,"Carbon-14","Radiocarbon years BP",663,2,"BE-15549",10100,50,50,1,50,"False","Pollen concentrate","Corrected to 9560 +/- 410 radiocarbon yr BP","Temoltzin-Loranca et al. 2023",1,20036,"Temoltzin-Loranca, Y.","Radiocarbon",10150,10050,11,15224,15224,"van Leeuwen, Jacqueline","van Leeuwen, J.F.N.","van Leeuwen","Jacqueline","J.F.N.","Mrs.","retired","Systematisch-GeobotanischesInstitut
Altenbergrain 21
CH-3013 Bern
SWITZERLAND","vanleeuwen@ips.unibe.ch","41 31 654925","","41 31 422059",1,"true","journal article",20442,"https://doi.org/10.1016/j.quascirev.2022.107915",2023,"Temoltzin-Loranca, Y., E. Gobet, B. Vannière, J.F.N. van Leeuwen, G. Wienhues, S. Szidat, C. Courtney-Mustaphi, M. Kishe, M. Muschick, O. Seehausen, M. Grosjean, and W. Tinner. 2023. A chronologically reliable record of 17,000 years of biomass burning in the Lake Victoria area. Quaternary Science Reviews 301:107915. [DOI: https://doi.org/10.1016/j.quascirev.2022.107915]","A chronologically reliable record of 17,000 years of biomass burning in the Lake Victoria area","Quaternary Science Reviews",301,107915,1,3,"Grosjean","M.","20036,8777,9974,15224,20037,13851,18278,20038,20039,20044,15357,9599","Temoltzin-Loranca, Y.|Gobet, E.|Vannière, B.|van Leeuwen, J.F.N.|Wienhues, G.|Szidat, S.|Courtney-Mustaphi, C.J.|Kishe, M.|Muschick, M.|Seehausen, O.|Grosjean, M.|Tinner, W.",15695,"18278,8777,15357,20038,20039,20044,13851,20036,9599,15224,9974,20037","Morales-Molino, C.","Courtney-Mustaphi, C.J.|Gobet, E.|Grosjean, M.|Kishe, M.|Muschick, M.|Seehausen, O.|Szidat, S.|Temoltzin-Loranca, Y.|Tinner, W.|van Leeuwen, J.F.N.|Vannière, B.|Wienhues, G.","Pollen","LV2 pollen",1,"Temoltzin-Loranca et al. (2023)","Calendar years BP","True",NA,"rbacon",15500,-60,NA,"Temoltzin-Loranca, Y.",9,20036,"Temoltzin-Loranca, Y.",NA,NA,NA,NA
755,1,1,13603,1,4,9666,608,4,1,7,3,3,38,0,0,0,0,0,0,0,0,0,0,0,0,0,0,0,0,0,0,0,0,0,0,0,0,0,0,0,0,0,0,0,0,0,0,0,0,0,0,0,0,0,0,0,0,0,0,0,0,0,0,0,0,0,0,0,0,0,0,0,0,0,0,0,0,0,0,0,0,0,0,0,0,0,0,0,0,2,241,35,40,9,0,0,2,1,3,0,0,0,0,0,4,0,0,0,0,0,0,0,1,0,0,1,0,0,1,0,0,0,6,0,0,0,0,0,0,0,0,1,0,0,0,0,0,1,0,0,3,0,1,1,0,1,0,0,0,0,0,0,0,1,2,0,0,0,0,0,0,0,0,0,0,0,0,0,0,0,0,0,10,0,1,0,0,0,16,1,5,1,0,0,0,0,0,1,0,0,0,9,0,0,0,2,2,0,0,0,0,0,0,"ml","number","spores/tablet","number","NISP","NISP","NISP","NISP","NISP","NISP","NISP","NISP","NISP","NISP","NISP","NISP","NISP","NISP","NISP","NISP","NISP","NISP","NISP","NISP","NISP","NISP","NISP","NISP","NISP","NISP","NISP","NISP","NISP","NISP","NISP","NISP","NISP","NISP","NISP","NISP","NISP","NISP","NISP","NISP","NISP","NISP","NISP","NISP","NISP","NISP","NISP","NISP","NISP","NISP","NISP","NISP","NISP","NISP","NISP","NISP","NISP","NISP","NISP","NISP","NISP","NISP","NISP","NISP","NISP","NISP","NISP","NISP","NISP","NISP","NISP","NISP","NISP","NISP","NISP","NISP","NISP","NISP","NISP","NISP","NISP","NISP","NISP","NISP","NISP","NISP","NISP","NISP","NISP","NISP","NISP","NISP","NISP","NISP","NISP","NISP","NISP","NISP","NISP","NISP","NISP","NISP","NISP","NISP","NISP","NISP","NISP","NISP","NISP","NISP","NISP","NISP","NISP","NISP","NISP","NISP","NISP","NISP","NISP","NISP","NISP","NISP","NISP","NISP","NISP","NISP","NISP","NISP","NISP","NISP","NISP","NISP","NISP","NISP","NISP","NISP","NISP","NISP","NISP","NISP","NISP","NISP","NISP","NISP","NISP","NISP","NISP","NISP","NISP","NISP","NISP","NISP","NISP","NISP","NISP","NISP","NISP","NISP","NISP","NISP","NISP","NISP","NISP","NISP","NISP","NISP","NISP","NISP","NISP","NISP","NISP","NISP","NISP","NISP","NISP","NISP","NISP","NISP","NISP","NISP","NISP","NISP","NISP","NISP","NISP","NISP","NISP","NISP","NISP","NISP","NISP","NISP","NISP","NISP","NISP","NISP","volume","quantity added","concentration","counted","pollen","pollen","pollen","pollen","pollen","pollen","pollen","spore","pollen","pollen","pollen","pollen","pollen","pollen","pollen","pollen","pollen","pollen","pollen","pollen","pollen","pollen","pollen","pollen","pollen","pollen","spore","pollen","pollen","pollen","pollen","spore","pollen","pollen","pollen","pollen","pollen","pollen","pollen","pollen","spore","pollen","pollen","pollen","pollen","spore","pollen","pollen","pollen","pollen","pollen","pollen","pollen","pollen","pollen","pollen","pollen","pollen","pollen","pollen","pollen","pollen","pollen","pollen","pollen","pollen","pollen","pollen/spore","pollen","pollen","pollen","pollen","pollen","pollen","pollen","pollen","spore","pollen","pollen","pollen","spore","pollen","pollen","pollen","pollen/spore","pollen","pollen","pollen","pollen","pollen","pollen","pollen","pollen","pollen","pollen","pollen","pollen","pollen","pollen","pollen","pollen","pollen","pollen","pollen","pollen","pollen","pollen","pollen","pollen","pollen","pollen","pollen","pollen","pollen","pollen","pollen","pollen","pollen","pollen","pollen","pollen","pollen","pollen","pollen","pollen","pollen","pollen","pollen","pollen","pollen","pollen","pollen","pollen","pollen","pollen/spore","pollen/spore","pollen","pollen","pollen","pollen","pollen","pollen","pollen","pollen","pollen","pollen","pollen","pollen/spore","pollen","pollen","pollen","pollen","pollen","pollen","pollen","pollen","pollen","pollen","pollen","pollen","pollen","pollen","pollen","pollen","pollen","pollen","pollen","pollen","pollen","pollen","pollen","pollen/spore","spore","spore","spore","spore","spore","spore","spore","spore","spore","spore","pollen","pollen","pollen","pollen","pollen","pollen","spore","spore","spore","spore","spore","spore","spore","spore","Lake Victoria (Shirati Bay) LV2",33.9463333333333,33.9463333333333,-1.13083333333333,-1.13083333333333,1135,6880000,"Tanzania",NA,NA,NA,NA,68,33134,"LVC18_S2","Lake Victoria LV2","Core","UWITEC piston corer","2018-10-01",NA,"Natural Lake",22.6,NA,NA,NA,NA,NA,NA,NA,NA,"2,3,6,7,10",44876,"8777,15357,20039,20044,9599","Gobet, E.|Grosjean, M.|Muschick, M.|Seehausen, O.|Tinner, W.",23,"Depth",9,"Carbon-14","Radiocarbon years BP",683,2,"BE-14373",10300,150,150,1,150,"False","Charcoal","","Temoltzin-Loranca et al. 2023",1,20036,"Temoltzin-Loranca, Y.","Radiocarbon",10450,10150,12,9974,9974,"Vannière, Boris","Vannière, B.","Vannière","Boris","B.","Dr.","active","UMR 6249 Laboratoire Chrono-Environnement
Université de Franche-Comté
route de Gray
25030, Besançon
France","boris.vanniere@univ-fcomte.fr","","","",1,"true","journal article",20442,"https://doi.org/10.1016/j.quascirev.2022.107915",2023,"Temoltzin-Loranca, Y., E. Gobet, B. Vannière, J.F.N. van Leeuwen, G. Wienhues, S. Szidat, C. Courtney-Mustaphi, M. Kishe, M. Muschick, O. Seehausen, M. Grosjean, and W. Tinner. 2023. A chronologically reliable record of 17,000 years of biomass burning in the Lake Victoria area. Quaternary Science Reviews 301:107915. [DOI: https://doi.org/10.1016/j.quascirev.2022.107915]","A chronologically reliable record of 17,000 years of biomass burning in the Lake Victoria area","Quaternary Science Reviews",301,107915,1,10,"Tinner","W.","20036,8777,9974,15224,20037,13851,18278,20038,20039,20044,15357,9599","Temoltzin-Loranca, Y.|Gobet, E.|Vannière, B.|van Leeuwen, J.F.N.|Wienhues, G.|Szidat, S.|Courtney-Mustaphi, C.J.|Kishe, M.|Muschick, M.|Seehausen, O.|Grosjean, M.|Tinner, W.",15695,"18278,8777,15357,20038,20039,20044,13851,20036,9599,15224,9974,20037","Morales-Molino, C.","Courtney-Mustaphi, C.J.|Gobet, E.|Grosjean, M.|Kishe, M.|Muschick, M.|Seehausen, O.|Szidat, S.|Temoltzin-Loranca, Y.|Tinner, W.|van Leeuwen, J.F.N.|Vannière, B.|Wienhues, G.","Pollen","LV2 pollen",1,"Temoltzin-Loranca et al. (2023)","Calendar years BP","True",NA,"rbacon",15500,-60,NA,"Temoltzin-Loranca, Y.",9,20036,"Temoltzin-Loranca, Y.",NA,NA,NA,NA
761,1,1,13785,1,4,9666,390,1,0,2,6,0,24,0,0,0,0,0,0,0,0,0,0,0,0,0,0,0,0,0,0,0,0,0,0,0,0,0,0,0,0,0,0,0,0,0,0,0,0,0,0,0,0,0,0,0,0,0,0,0,0,0,0,0,0,0,0,0,0,0,0,0,0,0,0,0,0,0,0,0,0,0,0,0,0,0,0,0,0,1,164,21,28,8,2,0,0,0,2,0,0,0,0,0,0,0,0,1,0,0,0,0,4,0,0,0,0,0,2,0,0,0,6,0,1,0,0,1,0,0,0,1,0,0,0,0,0,2,0,0,3,1,1,1,0,0,0,0,0,0,0,0,0,0,1,0,1,0,0,0,0,0,0,0,0,0,1,0,0,2,0,1,4,0,3,0,0,0,8,1,1,0,0,0,0,0,0,0,0,0,0,4,0,0,0,1,0,0,0,0,0,0,0,"ml","number","spores/tablet","number","NISP","NISP","NISP","NISP","NISP","NISP","NISP","NISP","NISP","NISP","NISP","NISP","NISP","NISP","NISP","NISP","NISP","NISP","NISP","NISP","NISP","NISP","NISP","NISP","NISP","NISP","NISP","NISP","NISP","NISP","NISP","NISP","NISP","NISP","NISP","NISP","NISP","NISP","NISP","NISP","NISP","NISP","NISP","NISP","NISP","NISP","NISP","NISP","NISP","NISP","NISP","NISP","NISP","NISP","NISP","NISP","NISP","NISP","NISP","NISP","NISP","NISP","NISP","NISP","NISP","NISP","NISP","NISP","NISP","NISP","NISP","NISP","NISP","NISP","NISP","NISP","NISP","NISP","NISP","NISP","NISP","NISP","NISP","NISP","NISP","NISP","NISP","NISP","NISP","NISP","NISP","NISP","NISP","NISP","NISP","NISP","NISP","NISP","NISP","NISP","NISP","NISP","NISP","NISP","NISP","NISP","NISP","NISP","NISP","NISP","NISP","NISP","NISP","NISP","NISP","NISP","NISP","NISP","NISP","NISP","NISP","NISP","NISP","NISP","NISP","NISP","NISP","NISP","NISP","NISP","NISP","NISP","NISP","NISP","NISP","NISP","NISP","NISP","NISP","NISP","NISP","NISP","NISP","NISP","NISP","NISP","NISP","NISP","NISP","NISP","NISP","NISP","NISP","NISP","NISP","NISP","NISP","NISP","NISP","NISP","NISP","NISP","NISP","NISP","NISP","NISP","NISP","NISP","NISP","NISP","NISP","NISP","NISP","NISP","NISP","NISP","NISP","NISP","NISP","NISP","NISP","NISP","NISP","NISP","NISP","NISP","NISP","NISP","NISP","NISP","NISP","NISP","NISP","NISP","NISP","NISP","volume","quantity added","concentration","counted","pollen","pollen","pollen","pollen","pollen","pollen","pollen","spore","pollen","pollen","pollen","pollen","pollen","pollen","pollen","pollen","pollen","pollen","pollen","pollen","pollen","pollen","pollen","pollen","pollen","pollen","spore","pollen","pollen","pollen","pollen","spore","pollen","pollen","pollen","pollen","pollen","pollen","pollen","pollen","spore","pollen","pollen","pollen","pollen","spore","pollen","pollen","pollen","pollen","pollen","pollen","pollen","pollen","pollen","pollen","pollen","pollen","pollen","pollen","pollen","pollen","pollen","pollen","pollen","pollen","pollen","pollen/spore","pollen","pollen","pollen","pollen","pollen","pollen","pollen","pollen","spore","pollen","pollen","pollen","spore","pollen","pollen","pollen","pollen/spore","pollen","pollen","pollen","pollen","pollen","pollen","pollen","pollen","pollen","pollen","pollen","pollen","pollen","pollen","pollen","pollen","pollen","pollen","pollen","pollen","pollen","pollen","pollen","pollen","pollen","pollen","pollen","pollen","pollen","pollen","pollen","pollen","pollen","pollen","pollen","pollen","pollen","pollen","pollen","pollen","pollen","pollen","pollen","pollen","pollen","pollen","pollen","pollen","pollen","pollen/spore","pollen/spore","pollen","pollen","pollen","pollen","pollen","pollen","pollen","pollen","pollen","pollen","pollen","pollen/spore","pollen","pollen","pollen","pollen","pollen","pollen","pollen","pollen","pollen","pollen","pollen","pollen","pollen","pollen","pollen","pollen","pollen","pollen","pollen","pollen","pollen","pollen","pollen","pollen/spore","spore","spore","spore","spore","spore","spore","spore","spore","spore","spore","pollen","pollen","pollen","pollen","pollen","pollen","spore","spore","spore","spore","spore","spore","spore","spore","Lake Victoria (Shirati Bay) LV2",33.9463333333333,33.9463333333333,-1.13083333333333,-1.13083333333333,1135,6880000,"Tanzania",NA,NA,NA,NA,68,33134,"LVC18_S2","Lake Victoria LV2","Core","UWITEC piston corer","2018-10-01",NA,"Natural Lake",22.6,NA,NA,NA,NA,NA,NA,NA,NA,"2,3,6,7,10",44876,"8777,15357,20039,20044,9599","Gobet, E.|Grosjean, M.|Muschick, M.|Seehausen, O.|Tinner, W.",24,"Depth",9,"Carbon-14","Radiocarbon years BP",689,10,"BE-14368",10200,110,110,1,110,"False","Charcoal","","Temoltzin-Loranca et al. 2023",1,20036,"Temoltzin-Loranca, Y.","Radiocarbon",10310,10090,12,9974,9974,"Vannière, Boris","Vannière, B.","Vannière","Boris","B.","Dr.","active","UMR 6249 Laboratoire Chrono-Environnement
Université de Franche-Comté
route de Gray
25030, Besançon
France","boris.vanniere@univ-fcomte.fr","","","",1,"true","journal article",20442,"https://doi.org/10.1016/j.quascirev.2022.107915",2023,"Temoltzin-Loranca, Y., E. Gobet, B. Vannière, J.F.N. van Leeuwen, G. Wienhues, S. Szidat, C. Courtney-Mustaphi, M. Kishe, M. Muschick, O. Seehausen, M. Grosjean, and W. Tinner. 2023. A chronologically reliable record of 17,000 years of biomass burning in the Lake Victoria area. Quaternary Science Reviews 301:107915. [DOI: https://doi.org/10.1016/j.quascirev.2022.107915]","A chronologically reliable record of 17,000 years of biomass burning in the Lake Victoria area","Quaternary Science Reviews",301,107915,1,10,"Tinner","W.","20036,8777,9974,15224,20037,13851,18278,20038,20039,20044,15357,9599","Temoltzin-Loranca, Y.|Gobet, E.|Vannière, B.|van Leeuwen, J.F.N.|Wienhues, G.|Szidat, S.|Courtney-Mustaphi, C.J.|Kishe, M.|Muschick, M.|Seehausen, O.|Grosjean, M.|Tinner, W.",15695,"18278,8777,15357,20038,20039,20044,13851,20036,9599,15224,9974,20037","Morales-Molino, C.","Courtney-Mustaphi, C.J.|Gobet, E.|Grosjean, M.|Kishe, M.|Muschick, M.|Seehausen, O.|Szidat, S.|Temoltzin-Loranca, Y.|Tinner, W.|van Leeuwen, J.F.N.|Vannière, B.|Wienhues, G.","Pollen","LV2 pollen",1,"Temoltzin-Loranca et al. (2023)","Calendar years BP","True",NA,"rbacon",15500,-60,NA,"Temoltzin-Loranca, Y.",9,20036,"Temoltzin-Loranca, Y.",NA,NA,NA,NA
771,1,1,14212,1,4,9666,2448,3,1,1,2,0,2,0,0,0,0,0,0,0,0,0,0,0,0,0,0,0,0,0,0,0,0,0,0,0,0,0,0,0,0,0,0,0,0,0,0,0,0,0,0,0,0,0,0,0,0,0,0,0,0,0,0,0,0,0,0,0,0,0,0,0,0,0,0,0,0,0,0,0,0,0,0,0,0,0,0,0,0,0,63,22,12,3,0,0,1,0,0,0,1,0,0,0,0,0,0,0,0,0,0,0,2,0,0,0,0,0,0,0,0,0,1,0,0,0,0,0,0,0,1,0,0,0,0,0,0,0,0,0,1,0,0,4,0,1,0,1,0,2,1,0,0,0,2,0,0,0,0,0,0,0,0,0,0,0,0,0,0,0,0,0,1,0,0,0,0,0,3,0,1,0,0,0,0,0,0,0,0,0,0,8,0,0,0,0,0,0,0,0,0,0,0,"ml","number","spores/tablet","number","NISP","NISP","NISP","NISP","NISP","NISP","NISP","NISP","NISP","NISP","NISP","NISP","NISP","NISP","NISP","NISP","NISP","NISP","NISP","NISP","NISP","NISP","NISP","NISP","NISP","NISP","NISP","NISP","NISP","NISP","NISP","NISP","NISP","NISP","NISP","NISP","NISP","NISP","NISP","NISP","NISP","NISP","NISP","NISP","NISP","NISP","NISP","NISP","NISP","NISP","NISP","NISP","NISP","NISP","NISP","NISP","NISP","NISP","NISP","NISP","NISP","NISP","NISP","NISP","NISP","NISP","NISP","NISP","NISP","NISP","NISP","NISP","NISP","NISP","NISP","NISP","NISP","NISP","NISP","NISP","NISP","NISP","NISP","NISP","NISP","NISP","NISP","NISP","NISP","NISP","NISP","NISP","NISP","NISP","NISP","NISP","NISP","NISP","NISP","NISP","NISP","NISP","NISP","NISP","NISP","NISP","NISP","NISP","NISP","NISP","NISP","NISP","NISP","NISP","NISP","NISP","NISP","NISP","NISP","NISP","NISP","NISP","NISP","NISP","NISP","NISP","NISP","NISP","NISP","NISP","NISP","NISP","NISP","NISP","NISP","NISP","NISP","NISP","NISP","NISP","NISP","NISP","NISP","NISP","NISP","NISP","NISP","NISP","NISP","NISP","NISP","NISP","NISP","NISP","NISP","NISP","NISP","NISP","NISP","NISP","NISP","NISP","NISP","NISP","NISP","NISP","NISP","NISP","NISP","NISP","NISP","NISP","NISP","NISP","NISP","NISP","NISP","NISP","NISP","NISP","NISP","NISP","NISP","NISP","NISP","NISP","NISP","NISP","NISP","NISP","NISP","NISP","NISP","NISP","NISP","NISP","volume","quantity added","concentration","counted","pollen","pollen","pollen","pollen","pollen","pollen","pollen","spore","pollen","pollen","pollen","pollen","pollen","pollen","pollen","pollen","pollen","pollen","pollen","pollen","pollen","pollen","pollen","pollen","pollen","pollen","spore","pollen","pollen","pollen","pollen","spore","pollen","pollen","pollen","pollen","pollen","pollen","pollen","pollen","spore","pollen","pollen","pollen","pollen","spore","pollen","pollen","pollen","pollen","pollen","pollen","pollen","pollen","pollen","pollen","pollen","pollen","pollen","pollen","pollen","pollen","pollen","pollen","pollen","pollen","pollen","pollen/spore","pollen","pollen","pollen","pollen","pollen","pollen","pollen","pollen","spore","pollen","pollen","pollen","spore","pollen","pollen","pollen","pollen/spore","pollen","pollen","pollen","pollen","pollen","pollen","pollen","pollen","pollen","pollen","pollen","pollen","pollen","pollen","pollen","pollen","pollen","pollen","pollen","pollen","pollen","pollen","pollen","pollen","pollen","pollen","pollen","pollen","pollen","pollen","pollen","pollen","pollen","pollen","pollen","pollen","pollen","pollen","pollen","pollen","pollen","pollen","pollen","pollen","pollen","pollen","pollen","pollen","pollen","pollen/spore","pollen/spore","pollen","pollen","pollen","pollen","pollen","pollen","pollen","pollen","pollen","pollen","pollen","pollen/spore","pollen","pollen","pollen","pollen","pollen","pollen","pollen","pollen","pollen","pollen","pollen","pollen","pollen","pollen","pollen","pollen","pollen","pollen","pollen","pollen","pollen","pollen","pollen","pollen/spore","spore","spore","spore","spore","spore","spore","spore","spore","spore","spore","pollen","pollen","pollen","pollen","pollen","pollen","spore","spore","spore","spore","spore","spore","spore","spore","Lake Victoria (Shirati Bay) LV2",33.9463333333333,33.9463333333333,-1.13083333333333,-1.13083333333333,1135,6880000,"Tanzania",NA,NA,NA,NA,68,33134,"LVC18_S2","Lake Victoria LV2","Core","UWITEC piston corer","2018-10-01",NA,"Natural Lake",22.6,NA,NA,NA,NA,NA,NA,NA,NA,"2,3,6,7,10",44876,"8777,15357,20039,20044,9599","Gobet, E.|Grosjean, M.|Muschick, M.|Seehausen, O.|Tinner, W.",25,"Depth",9,"Carbon-14","Radiocarbon years BP",691,2,"BE-15550",10500,50,50,1,50,"False","Pollen concentrate","Corrected to 9970 +/- 410 radiocarbon yr BP","Temoltzin-Loranca et al. 2023",1,20036,"Temoltzin-Loranca, Y.","Radiocarbon",10550,10450,13,20037,20037,"Wienhues, Giulia","Wienhues, G.","Wienhues","Giulia","G.","Dr.","unknown","Institute of Geography and Oeschger Center for Climate Change Research
University of Bern
Bern, Switzerland","","","","",1,"true","journal article",20442,"https://doi.org/10.1016/j.quascirev.2022.107915",2023,"Temoltzin-Loranca, Y., E. Gobet, B. Vannière, J.F.N. van Leeuwen, G. Wienhues, S. Szidat, C. Courtney-Mustaphi, M. Kishe, M. Muschick, O. Seehausen, M. Grosjean, and W. Tinner. 2023. A chronologically reliable record of 17,000 years of biomass burning in the Lake Victoria area. Quaternary Science Reviews 301:107915. [DOI: https://doi.org/10.1016/j.quascirev.2022.107915]","A chronologically reliable record of 17,000 years of biomass burning in the Lake Victoria area","Quaternary Science Reviews",301,107915,1,9,"Temoltzin-Loranca","Y.","20036,8777,9974,15224,20037,13851,18278,20038,20039,20044,15357,9599","Temoltzin-Loranca, Y.|Gobet, E.|Vannière, B.|van Leeuwen, J.F.N.|Wienhues, G.|Szidat, S.|Courtney-Mustaphi, C.J.|Kishe, M.|Muschick, M.|Seehausen, O.|Grosjean, M.|Tinner, W.",15695,"18278,8777,15357,20038,20039,20044,13851,20036,9599,15224,9974,20037","Morales-Molino, C.","Courtney-Mustaphi, C.J.|Gobet, E.|Grosjean, M.|Kishe, M.|Muschick, M.|Seehausen, O.|Szidat, S.|Temoltzin-Loranca, Y.|Tinner, W.|van Leeuwen, J.F.N.|Vannière, B.|Wienhues, G.","Pollen","LV2 pollen",1,"Temoltzin-Loranca et al. (2023)","Calendar years BP","True",NA,"rbacon",15500,-60,NA,"Temoltzin-Loranca, Y.",9,20036,"Temoltzin-Loranca, Y.",NA,NA,NA,NA
781,1,1,14603,1,4,9666,1301,1,0,0,0,0,6,0,0,0,0,0,0,0,0,0,0,0,0,0,0,0,0,0,0,0,0,0,0,0,0,0,0,0,0,0,0,0,0,0,0,0,0,0,0,0,0,0,0,0,0,0,0,0,0,0,0,0,0,0,0,0,0,0,0,0,0,0,0,0,0,0,0,0,0,0,0,0,0,0,0,0,0,0,107,45,6,1,1,0,0,0,0,0,0,0,0,0,0,0,0,0,0,0,0,0,1,0,0,0,0,0,0,0,0,0,0,0,0,0,0,0,0,0,0,0,0,0,0,0,0,0,0,0,3,1,0,0,0,0,0,0,0,0,0,0,0,0,7,0,1,0,0,0,0,0,1,0,0,0,1,0,0,0,0,0,0,0,0,0,0,0,4,1,1,0,0,0,0,0,0,0,0,0,0,10,0,0,0,0,0,0,0,0,0,0,0,"ml","number","spores/tablet","number","NISP","NISP","NISP","NISP","NISP","NISP","NISP","NISP","NISP","NISP","NISP","NISP","NISP","NISP","NISP","NISP","NISP","NISP","NISP","NISP","NISP","NISP","NISP","NISP","NISP","NISP","NISP","NISP","NISP","NISP","NISP","NISP","NISP","NISP","NISP","NISP","NISP","NISP","NISP","NISP","NISP","NISP","NISP","NISP","NISP","NISP","NISP","NISP","NISP","NISP","NISP","NISP","NISP","NISP","NISP","NISP","NISP","NISP","NISP","NISP","NISP","NISP","NISP","NISP","NISP","NISP","NISP","NISP","NISP","NISP","NISP","NISP","NISP","NISP","NISP","NISP","NISP","NISP","NISP","NISP","NISP","NISP","NISP","NISP","NISP","NISP","NISP","NISP","NISP","NISP","NISP","NISP","NISP","NISP","NISP","NISP","NISP","NISP","NISP","NISP","NISP","NISP","NISP","NISP","NISP","NISP","NISP","NISP","NISP","NISP","NISP","NISP","NISP","NISP","NISP","NISP","NISP","NISP","NISP","NISP","NISP","NISP","NISP","NISP","NISP","NISP","NISP","NISP","NISP","NISP","NISP","NISP","NISP","NISP","NISP","NISP","NISP","NISP","NISP","NISP","NISP","NISP","NISP","NISP","NISP","NISP","NISP","NISP","NISP","NISP","NISP","NISP","NISP","NISP","NISP","NISP","NISP","NISP","NISP","NISP","NISP","NISP","NISP","NISP","NISP","NISP","NISP","NISP","NISP","NISP","NISP","NISP","NISP","NISP","NISP","NISP","NISP","NISP","NISP","NISP","NISP","NISP","NISP","NISP","NISP","NISP","NISP","NISP","NISP","NISP","NISP","NISP","NISP","NISP","NISP","NISP","volume","quantity added","concentration","counted","pollen","pollen","pollen","pollen","pollen","pollen","pollen","spore","pollen","pollen","pollen","pollen","pollen","pollen","pollen","pollen","pollen","pollen","pollen","pollen","pollen","pollen","pollen","pollen","pollen","pollen","spore","pollen","pollen","pollen","pollen","spore","pollen","pollen","pollen","pollen","pollen","pollen","pollen","pollen","spore","pollen","pollen","pollen","pollen","spore","pollen","pollen","pollen","pollen","pollen","pollen","pollen","pollen","pollen","pollen","pollen","pollen","pollen","pollen","pollen","pollen","pollen","pollen","pollen","pollen","pollen","pollen/spore","pollen","pollen","pollen","pollen","pollen","pollen","pollen","pollen","spore","pollen","pollen","pollen","spore","pollen","pollen","pollen","pollen/spore","pollen","pollen","pollen","pollen","pollen","pollen","pollen","pollen","pollen","pollen","pollen","pollen","pollen","pollen","pollen","pollen","pollen","pollen","pollen","pollen","pollen","pollen","pollen","pollen","pollen","pollen","pollen","pollen","pollen","pollen","pollen","pollen","pollen","pollen","pollen","pollen","pollen","pollen","pollen","pollen","pollen","pollen","pollen","pollen","pollen","pollen","pollen","pollen","pollen","pollen/spore","pollen/spore","pollen","pollen","pollen","pollen","pollen","pollen","pollen","pollen","pollen","pollen","pollen","pollen/spore","pollen","pollen","pollen","pollen","pollen","pollen","pollen","pollen","pollen","pollen","pollen","pollen","pollen","pollen","pollen","pollen","pollen","pollen","pollen","pollen","pollen","pollen","pollen","pollen/spore","spore","spore","spore","spore","spore","spore","spore","spore","spore","spore","pollen","pollen","pollen","pollen","pollen","pollen","spore","spore","spore","spore","spore","spore","spore","spore","Lake Victoria (Shirati Bay) LV2",33.9463333333333,33.9463333333333,-1.13083333333333,-1.13083333333333,1135,6880000,"Tanzania",NA,NA,NA,NA,68,33134,"LVC18_S2","Lake Victoria LV2","Core","UWITEC piston corer","2018-10-01",NA,"Natural Lake",22.6,NA,NA,NA,NA,NA,NA,NA,NA,"2,3,6,7,10",44876,"8777,15357,20039,20044,9599","Gobet, E.|Grosjean, M.|Muschick, M.|Seehausen, O.|Tinner, W.",26,"Depth",9,"Carbon-14","Radiocarbon years BP",718,8,"BE-14365",10400,160,160,1,160,"False","Charcoal","","Temoltzin-Loranca et al. 2023",1,20036,"Temoltzin-Loranca, Y.","Radiocarbon",10560,10240,13,20037,20037,"Wienhues, Giulia","Wienhues, G.","Wienhues","Giulia","G.","Dr.","unknown","Institute of Geography and Oeschger Center for Climate Change Research
University of Bern
Bern, Switzerland","","","","",1,"true","journal article",20442,"https://doi.org/10.1016/j.quascirev.2022.107915",2023,"Temoltzin-Loranca, Y., E. Gobet, B. Vannière, J.F.N. van Leeuwen, G. Wienhues, S. Szidat, C. Courtney-Mustaphi, M. Kishe, M. Muschick, O. Seehausen, M. Grosjean, and W. Tinner. 2023. A chronologically reliable record of 17,000 years of biomass burning in the Lake Victoria area. Quaternary Science Reviews 301:107915. [DOI: https://doi.org/10.1016/j.quascirev.2022.107915]","A chronologically reliable record of 17,000 years of biomass burning in the Lake Victoria area","Quaternary Science Reviews",301,107915,1,2,"Gobet","E.","20036,8777,9974,15224,20037,13851,18278,20038,20039,20044,15357,9599","Temoltzin-Loranca, Y.|Gobet, E.|Vannière, B.|van Leeuwen, J.F.N.|Wienhues, G.|Szidat, S.|Courtney-Mustaphi, C.J.|Kishe, M.|Muschick, M.|Seehausen, O.|Grosjean, M.|Tinner, W.",15695,"18278,8777,15357,20038,20039,20044,13851,20036,9599,15224,9974,20037","Morales-Molino, C.","Courtney-Mustaphi, C.J.|Gobet, E.|Grosjean, M.|Kishe, M.|Muschick, M.|Seehausen, O.|Szidat, S.|Temoltzin-Loranca, Y.|Tinner, W.|van Leeuwen, J.F.N.|Vannière, B.|Wienhues, G.","Pollen","LV2 pollen",1,"Temoltzin-Loranca et al. (2023)","Calendar years BP","True",NA,"rbacon",15500,-60,NA,"Temoltzin-Loranca, Y.",9,20036,"Temoltzin-Loranca, Y.",NA,NA,NA,NA
802,1,1,15517,1,4,9666,1303,0,0,0,0,0,1,0,0,0,0,0,0,0,0,0,0,0,0,0,0,0,0,0,0,0,0,0,0,0,0,0,0,0,0,0,0,0,0,0,0,0,0,0,0,0,0,0,0,0,0,0,0,0,0,0,0,0,0,0,0,0,0,0,0,0,0,0,0,0,0,0,0,0,0,0,0,0,0,0,0,0,0,0,235,62,0,0,0,0,0,0,0,0,0,0,0,0,0,0,0,0,0,0,0,0,0,0,0,0,0,0,0,0,0,0,0,0,0,0,0,0,0,0,0,1,0,0,0,0,0,0,0,0,1,0,0,0,0,0,0,0,1,1,2,0,0,0,11,1,0,0,0,0,0,0,0,0,0,0,0,0,0,0,0,1,0,0,0,0,0,0,20,0,0,0,0,0,0,0,0,0,0,0,0,70,4,0,0,0,0,0,0,0,0,0,0,"ml","number","spores/tablet","number","NISP","NISP","NISP","NISP","NISP","NISP","NISP","NISP","NISP","NISP","NISP","NISP","NISP","NISP","NISP","NISP","NISP","NISP","NISP","NISP","NISP","NISP","NISP","NISP","NISP","NISP","NISP","NISP","NISP","NISP","NISP","NISP","NISP","NISP","NISP","NISP","NISP","NISP","NISP","NISP","NISP","NISP","NISP","NISP","NISP","NISP","NISP","NISP","NISP","NISP","NISP","NISP","NISP","NISP","NISP","NISP","NISP","NISP","NISP","NISP","NISP","NISP","NISP","NISP","NISP","NISP","NISP","NISP","NISP","NISP","NISP","NISP","NISP","NISP","NISP","NISP","NISP","NISP","NISP","NISP","NISP","NISP","NISP","NISP","NISP","NISP","NISP","NISP","NISP","NISP","NISP","NISP","NISP","NISP","NISP","NISP","NISP","NISP","NISP","NISP","NISP","NISP","NISP","NISP","NISP","NISP","NISP","NISP","NISP","NISP","NISP","NISP","NISP","NISP","NISP","NISP","NISP","NISP","NISP","NISP","NISP","NISP","NISP","NISP","NISP","NISP","NISP","NISP","NISP","NISP","NISP","NISP","NISP","NISP","NISP","NISP","NISP","NISP","NISP","NISP","NISP","NISP","NISP","NISP","NISP","NISP","NISP","NISP","NISP","NISP","NISP","NISP","NISP","NISP","NISP","NISP","NISP","NISP","NISP","NISP","NISP","NISP","NISP","NISP","NISP","NISP","NISP","NISP","NISP","NISP","NISP","NISP","NISP","NISP","NISP","NISP","NISP","NISP","NISP","NISP","NISP","NISP","NISP","NISP","NISP","NISP","NISP","NISP","NISP","NISP","NISP","NISP","NISP","NISP","NISP","NISP","volume","quantity added","concentration","counted","pollen","pollen","pollen","pollen","pollen","pollen","pollen","spore","pollen","pollen","pollen","pollen","pollen","pollen","pollen","pollen","pollen","pollen","pollen","pollen","pollen","pollen","pollen","pollen","pollen","pollen","spore","pollen","pollen","pollen","pollen","spore","pollen","pollen","pollen","pollen","pollen","pollen","pollen","pollen","spore","pollen","pollen","pollen","pollen","spore","pollen","pollen","pollen","pollen","pollen","pollen","pollen","pollen","pollen","pollen","pollen","pollen","pollen","pollen","pollen","pollen","pollen","pollen","pollen","pollen","pollen","pollen/spore","pollen","pollen","pollen","pollen","pollen","pollen","pollen","pollen","spore","pollen","pollen","pollen","spore","pollen","pollen","pollen","pollen/spore","pollen","pollen","pollen","pollen","pollen","pollen","pollen","pollen","pollen","pollen","pollen","pollen","pollen","pollen","pollen","pollen","pollen","pollen","pollen","pollen","pollen","pollen","pollen","pollen","pollen","pollen","pollen","pollen","pollen","pollen","pollen","pollen","pollen","pollen","pollen","pollen","pollen","pollen","pollen","pollen","pollen","pollen","pollen","pollen","pollen","pollen","pollen","pollen","pollen","pollen/spore","pollen/spore","pollen","pollen","pollen","pollen","pollen","pollen","pollen","pollen","pollen","pollen","pollen","pollen/spore","pollen","pollen","pollen","pollen","pollen","pollen","pollen","pollen","pollen","pollen","pollen","pollen","pollen","pollen","pollen","pollen","pollen","pollen","pollen","pollen","pollen","pollen","pollen","pollen/spore","spore","spore","spore","spore","spore","spore","spore","spore","spore","spore","pollen","pollen","pollen","pollen","pollen","pollen","spore","spore","spore","spore","spore","spore","spore","spore","Lake Victoria (Shirati Bay) LV2",33.9463333333333,33.9463333333333,-1.13083333333333,-1.13083333333333,1135,6880000,"Tanzania",NA,NA,NA,NA,68,33134,"LVC18_S2","Lake Victoria LV2","Core","UWITEC piston corer","2018-10-01",NA,"Natural Lake",22.6,NA,NA,NA,NA,NA,NA,NA,NA,"2,3,6,7,10",44876,"8777,15357,20039,20044,9599","Gobet, E.|Grosjean, M.|Muschick, M.|Seehausen, O.|Tinner, W.",27,"Depth",9,"Carbon-14","Radiocarbon years BP",719,2,"BE-15551",11200,50,50,1,50,"False","Pollen concentrate","Corrected to 10630 +/- 410 radiocarbon yr BP","Temoltzin-Loranca et al. 2023",1,20036,"Temoltzin-Loranca, Y.","Radiocarbon",11250,11150,1,18278,18278,"Courtney-Mustaphi, Colin","Courtney-Mustaphi, C.J.","Courtney-Mustaphi","Colin","C.J.","Dr.","active","Department of Environmental Sciences
Geoecology
University of Basel
Basel, Switzerland","","","","",1,"true","journal article",20442,"https://doi.org/10.1016/j.quascirev.2022.107915",2023,"Temoltzin-Loranca, Y., E. Gobet, B. Vannière, J.F.N. van Leeuwen, G. Wienhues, S. Szidat, C. Courtney-Mustaphi, M. Kishe, M. Muschick, O. Seehausen, M. Grosjean, and W. Tinner. 2023. A chronologically reliable record of 17,000 years of biomass burning in the Lake Victoria area. Quaternary Science Reviews 301:107915. [DOI: https://doi.org/10.1016/j.quascirev.2022.107915]","A chronologically reliable record of 17,000 years of biomass burning in the Lake Victoria area","Quaternary Science Reviews",301,107915,1,12,"Vannière","B.","20036,8777,9974,15224,20037,13851,18278,20038,20039,20044,15357,9599","Temoltzin-Loranca, Y.|Gobet, E.|Vannière, B.|van Leeuwen, J.F.N.|Wienhues, G.|Szidat, S.|Courtney-Mustaphi, C.J.|Kishe, M.|Muschick, M.|Seehausen, O.|Grosjean, M.|Tinner, W.",15695,"18278,8777,15357,20038,20039,20044,13851,20036,9599,15224,9974,20037","Morales-Molino, C.","Courtney-Mustaphi, C.J.|Gobet, E.|Grosjean, M.|Kishe, M.|Muschick, M.|Seehausen, O.|Szidat, S.|Temoltzin-Loranca, Y.|Tinner, W.|van Leeuwen, J.F.N.|Vannière, B.|Wienhues, G.","Pollen","LV2 pollen",1,"Temoltzin-Loranca et al. (2023)","Calendar years BP","True",NA,"rbacon",15500,-60,NA,"Temoltzin-Loranca, Y.",9,20036,"Temoltzin-Loranca, Y.",NA,NA,NA,NA
9,1,1,-7,1,4,9666,282,10,18,14,15,5,13,0,0,0,0,0,0,0,0,0,0,0,0,0,0,0,0,0,0,0,0,0,0,0,0,0,0,0,0,0,0,0,0,0,0,0,0,0,0,0,0,0,0,0,0,0,0,0,0,0,0,0,0,0,0,0,0,0,0,0,0,0,0,0,0,0,0,0,0,0,0,0,0,0,0,0,0,0,204,29,31,28,0,3,5,0,3,0,0,0,5,0,2,0,1,1,0,0,0,2,2,0,0,0,0,0,1,0,0,0,0,0,0,0,0,0,0,0,1,2,0,1,0,0,0,0,0,0,3,1,0,1,0,0,0,0,0,1,2,0,0,0,2,1,1,0,0,0,0,0,0,0,0,1,1,0,0,0,0,0,3,1,0,1,0,0,15,1,1,0,1,0,0,0,0,0,0,0,0,1,0,0,0,1,0,0,0,0,0,0,0,"ml","number","spores/tablet","number","NISP","NISP","NISP","NISP","NISP","NISP","NISP","NISP","NISP","NISP","NISP","NISP","NISP","NISP","NISP","NISP","NISP","NISP","NISP","NISP","NISP","NISP","NISP","NISP","NISP","NISP","NISP","NISP","NISP","NISP","NISP","NISP","NISP","NISP","NISP","NISP","NISP","NISP","NISP","NISP","NISP","NISP","NISP","NISP","NISP","NISP","NISP","NISP","NISP","NISP","NISP","NISP","NISP","NISP","NISP","NISP","NISP","NISP","NISP","NISP","NISP","NISP","NISP","NISP","NISP","NISP","NISP","NISP","NISP","NISP","NISP","NISP","NISP","NISP","NISP","NISP","NISP","NISP","NISP","NISP","NISP","NISP","NISP","NISP","NISP","NISP","NISP","NISP","NISP","NISP","NISP","NISP","NISP","NISP","NISP","NISP","NISP","NISP","NISP","NISP","NISP","NISP","NISP","NISP","NISP","NISP","NISP","NISP","NISP","NISP","NISP","NISP","NISP","NISP","NISP","NISP","NISP","NISP","NISP","NISP","NISP","NISP","NISP","NISP","NISP","NISP","NISP","NISP","NISP","NISP","NISP","NISP","NISP","NISP","NISP","NISP","NISP","NISP","NISP","NISP","NISP","NISP","NISP","NISP","NISP","NISP","NISP","NISP","NISP","NISP","NISP","NISP","NISP","NISP","NISP","NISP","NISP","NISP","NISP","NISP","NISP","NISP","NISP","NISP","NISP","NISP","NISP","NISP","NISP","NISP","NISP","NISP","NISP","NISP","NISP","NISP","NISP","NISP","NISP","NISP","NISP","NISP","NISP","NISP","NISP","NISP","NISP","NISP","NISP","NISP","NISP","NISP","NISP","NISP","NISP","NISP","volume","quantity added","concentration","counted","pollen","pollen","pollen","pollen","pollen","pollen","pollen","spore","pollen","pollen","pollen","pollen","pollen","pollen","pollen","pollen","pollen","pollen","pollen","pollen","pollen","pollen","pollen","pollen","pollen","pollen","spore","pollen","pollen","pollen","pollen","spore","pollen","pollen","pollen","pollen","pollen","pollen","pollen","pollen","spore","pollen","pollen","pollen","pollen","spore","pollen","pollen","pollen","pollen","pollen","pollen","pollen","pollen","pollen","pollen","pollen","pollen","pollen","pollen","pollen","pollen","pollen","pollen","pollen","pollen","pollen","pollen/spore","pollen","pollen","pollen","pollen","pollen","pollen","pollen","pollen","spore","pollen","pollen","pollen","spore","pollen","pollen","pollen","pollen/spore","pollen","pollen","pollen","pollen","pollen","pollen","pollen","pollen","pollen","pollen","pollen","pollen","pollen","pollen","pollen","pollen","pollen","pollen","pollen","pollen","pollen","pollen","pollen","pollen","pollen","pollen","pollen","pollen","pollen","pollen","pollen","pollen","pollen","pollen","pollen","pollen","pollen","pollen","pollen","pollen","pollen","pollen","pollen","pollen","pollen","pollen","pollen","pollen","pollen","pollen/spore","pollen/spore","pollen","pollen","pollen","pollen","pollen","pollen","pollen","pollen","pollen","pollen","pollen","pollen/spore","pollen","pollen","pollen","pollen","pollen","pollen","pollen","pollen","pollen","pollen","pollen","pollen","pollen","pollen","pollen","pollen","pollen","pollen","pollen","pollen","pollen","pollen","pollen","pollen/spore","spore","spore","spore","spore","spore","spore","spore","spore","spore","spore","pollen","pollen","pollen","pollen","pollen","pollen","spore","spore","spore","spore","spore","spore","spore","spore","Lake Victoria (Shirati Bay) LV2",33.9463333333333,33.9463333333333,-1.13083333333333,-1.13083333333333,1135,6880000,"Tanzania",NA,NA,NA,NA,68,33134,"LVC18_S2","Lake Victoria LV2","Core","UWITEC piston corer","2018-10-01",NA,"Natural Lake",22.6,NA,NA,NA,NA,NA,NA,NA,NA,"2,3,6,7,10",44876,"8777,15357,20039,20044,9599","Gobet, E.|Grosjean, M.|Muschick, M.|Seehausen, O.|Tinner, W.",28,"Depth",9,"Carbon-14","Radiocarbon years BP",747,2,"BE-15552",11900,50,50,1,50,"False","Pollen concentrate","Corrected to 11360 +/- 410 radiocarbon yr BP","Temoltzin-Loranca et al. 2023",1,20036,"Temoltzin-Loranca, Y.","Radiocarbon",11950,11850,2,8777,8777,"Gobet, Erika","Gobet, E.","Gobet","Erika","E.","Dr.","active","Institute of Plant Sciences & Oeschger Centre for Climate Change Research
University of Bern
Altenbergrain 21
CH-3013 Bern
Switzerland","erika.gobet@ips.unibe.ch","","","",1,"true","journal article",20442,"https://doi.org/10.1016/j.quascirev.2022.107915",2023,"Temoltzin-Loranca, Y., E. Gobet, B. Vannière, J.F.N. van Leeuwen, G. Wienhues, S. Szidat, C. Courtney-Mustaphi, M. Kishe, M. Muschick, O. Seehausen, M. Grosjean, and W. Tinner. 2023. A chronologically reliable record of 17,000 years of biomass burning in the Lake Victoria area. Quaternary Science Reviews 301:107915. [DOI: https://doi.org/10.1016/j.quascirev.2022.107915]","A chronologically reliable record of 17,000 years of biomass burning in the Lake Victoria area","Quaternary Science Reviews",301,107915,1,11,"van Leeuwen","J.F.N.","20036,8777,9974,15224,20037,13851,18278,20038,20039,20044,15357,9599","Temoltzin-Loranca, Y.|Gobet, E.|Vannière, B.|van Leeuwen, J.F.N.|Wienhues, G.|Szidat, S.|Courtney-Mustaphi, C.J.|Kishe, M.|Muschick, M.|Seehausen, O.|Grosjean, M.|Tinner, W.",15695,"18278,8777,15357,20038,20039,20044,13851,20036,9599,15224,9974,20037","Morales-Molino, C.","Courtney-Mustaphi, C.J.|Gobet, E.|Grosjean, M.|Kishe, M.|Muschick, M.|Seehausen, O.|Szidat, S.|Temoltzin-Loranca, Y.|Tinner, W.|van Leeuwen, J.F.N.|Vannière, B.|Wienhues, G.","Pollen","LV2 pollen",1,"Temoltzin-Loranca et al. (2023)","Calendar years BP","True",NA,"rbacon",15500,-60,NA,"Temoltzin-Loranca, Y.",9,20036,"Temoltzin-Loranca, Y.",NA,NA,NA,NA
49,1,1,365,1,4,9666,387,10,30,17,19,3,13,0,0,0,0,0,0,0,0,0,0,0,0,0,0,0,0,0,0,0,0,0,0,0,0,0,0,0,0,0,0,0,0,0,0,0,0,0,0,0,0,0,0,0,0,0,0,0,0,0,0,0,0,0,0,0,0,0,0,0,0,0,0,0,0,0,0,0,0,0,0,0,0,0,0,0,0,0,174,22,21,10,0,3,11,0,0,0,1,0,3,0,0,0,1,0,0,1,0,1,1,0,0,0,0,0,1,0,1,1,0,1,0,1,0,0,0,0,1,0,1,1,1,1,1,0,0,0,6,0,1,0,0,1,1,0,0,0,0,0,0,0,0,1,3,1,0,0,0,1,0,0,0,0,2,0,0,0,0,1,8,1,1,0,0,0,191,0,1,0,0,0,0,0,0,0,0,1,0,1,0,0,0,1,0,0,0,0,0,0,0,"ml","number","spores/tablet","number","NISP","NISP","NISP","NISP","NISP","NISP","NISP","NISP","NISP","NISP","NISP","NISP","NISP","NISP","NISP","NISP","NISP","NISP","NISP","NISP","NISP","NISP","NISP","NISP","NISP","NISP","NISP","NISP","NISP","NISP","NISP","NISP","NISP","NISP","NISP","NISP","NISP","NISP","NISP","NISP","NISP","NISP","NISP","NISP","NISP","NISP","NISP","NISP","NISP","NISP","NISP","NISP","NISP","NISP","NISP","NISP","NISP","NISP","NISP","NISP","NISP","NISP","NISP","NISP","NISP","NISP","NISP","NISP","NISP","NISP","NISP","NISP","NISP","NISP","NISP","NISP","NISP","NISP","NISP","NISP","NISP","NISP","NISP","NISP","NISP","NISP","NISP","NISP","NISP","NISP","NISP","NISP","NISP","NISP","NISP","NISP","NISP","NISP","NISP","NISP","NISP","NISP","NISP","NISP","NISP","NISP","NISP","NISP","NISP","NISP","NISP","NISP","NISP","NISP","NISP","NISP","NISP","NISP","NISP","NISP","NISP","NISP","NISP","NISP","NISP","NISP","NISP","NISP","NISP","NISP","NISP","NISP","NISP","NISP","NISP","NISP","NISP","NISP","NISP","NISP","NISP","NISP","NISP","NISP","NISP","NISP","NISP","NISP","NISP","NISP","NISP","NISP","NISP","NISP","NISP","NISP","NISP","NISP","NISP","NISP","NISP","NISP","NISP","NISP","NISP","NISP","NISP","NISP","NISP","NISP","NISP","NISP","NISP","NISP","NISP","NISP","NISP","NISP","NISP","NISP","NISP","NISP","NISP","NISP","NISP","NISP","NISP","NISP","NISP","NISP","NISP","NISP","NISP","NISP","NISP","NISP","volume","quantity added","concentration","counted","pollen","pollen","pollen","pollen","pollen","pollen","pollen","spore","pollen","pollen","pollen","pollen","pollen","pollen","pollen","pollen","pollen","pollen","pollen","pollen","pollen","pollen","pollen","pollen","pollen","pollen","spore","pollen","pollen","pollen","pollen","spore","pollen","pollen","pollen","pollen","pollen","pollen","pollen","pollen","spore","pollen","pollen","pollen","pollen","spore","pollen","pollen","pollen","pollen","pollen","pollen","pollen","pollen","pollen","pollen","pollen","pollen","pollen","pollen","pollen","pollen","pollen","pollen","pollen","pollen","pollen","pollen/spore","pollen","pollen","pollen","pollen","pollen","pollen","pollen","pollen","spore","pollen","pollen","pollen","spore","pollen","pollen","pollen","pollen/spore","pollen","pollen","pollen","pollen","pollen","pollen","pollen","pollen","pollen","pollen","pollen","pollen","pollen","pollen","pollen","pollen","pollen","pollen","pollen","pollen","pollen","pollen","pollen","pollen","pollen","pollen","pollen","pollen","pollen","pollen","pollen","pollen","pollen","pollen","pollen","pollen","pollen","pollen","pollen","pollen","pollen","pollen","pollen","pollen","pollen","pollen","pollen","pollen","pollen","pollen/spore","pollen/spore","pollen","pollen","pollen","pollen","pollen","pollen","pollen","pollen","pollen","pollen","pollen","pollen/spore","pollen","pollen","pollen","pollen","pollen","pollen","pollen","pollen","pollen","pollen","pollen","pollen","pollen","pollen","pollen","pollen","pollen","pollen","pollen","pollen","pollen","pollen","pollen","pollen/spore","spore","spore","spore","spore","spore","spore","spore","spore","spore","spore","pollen","pollen","pollen","pollen","pollen","pollen","spore","spore","spore","spore","spore","spore","spore","spore","Lake Victoria (Shirati Bay) LV2",33.9463333333333,33.9463333333333,-1.13083333333333,-1.13083333333333,1135,6880000,"Tanzania",NA,NA,NA,NA,68,33134,"LVC18_S2","Lake Victoria LV2","Core","UWITEC piston corer","2018-10-01",NA,"Natural Lake",22.6,NA,NA,NA,NA,NA,NA,NA,NA,"2,3,6,7,10",44876,"8777,15357,20039,20044,9599","Gobet, E.|Grosjean, M.|Muschick, M.|Seehausen, O.|Tinner, W.",29,"Depth",9,"Carbon-14","Radiocarbon years BP",749,2,"BE-14376",11500,140,140,1,140,"False","Charcoal","","Temoltzin-Loranca et al. 2023",1,20036,"Temoltzin-Loranca, Y.","Radiocarbon",11640,11360,3,15357,15357,"Grosjean, Martin","Grosjean, M.","Grosjean","Martin","M.","Prof. Dr.","active","Institute of Geography
University of Bern
Erlachstrasse 9a
3012 Bern, Switzerland","martin.grosjean@giub.unibe.ch","","","",1,"true","journal article",20442,"https://doi.org/10.1016/j.quascirev.2022.107915",2023,"Temoltzin-Loranca, Y., E. Gobet, B. Vannière, J.F.N. van Leeuwen, G. Wienhues, S. Szidat, C. Courtney-Mustaphi, M. Kishe, M. Muschick, O. Seehausen, M. Grosjean, and W. Tinner. 2023. A chronologically reliable record of 17,000 years of biomass burning in the Lake Victoria area. Quaternary Science Reviews 301:107915. [DOI: https://doi.org/10.1016/j.quascirev.2022.107915]","A chronologically reliable record of 17,000 years of biomass burning in the Lake Victoria area","Quaternary Science Reviews",301,107915,1,13,"Wienhues","G.","20036,8777,9974,15224,20037,13851,18278,20038,20039,20044,15357,9599","Temoltzin-Loranca, Y.|Gobet, E.|Vannière, B.|van Leeuwen, J.F.N.|Wienhues, G.|Szidat, S.|Courtney-Mustaphi, C.J.|Kishe, M.|Muschick, M.|Seehausen, O.|Grosjean, M.|Tinner, W.",15695,"18278,8777,15357,20038,20039,20044,13851,20036,9599,15224,9974,20037","Morales-Molino, C.","Courtney-Mustaphi, C.J.|Gobet, E.|Grosjean, M.|Kishe, M.|Muschick, M.|Seehausen, O.|Szidat, S.|Temoltzin-Loranca, Y.|Tinner, W.|van Leeuwen, J.F.N.|Vannière, B.|Wienhues, G.","Pollen","LV2 pollen",1,"Temoltzin-Loranca et al. (2023)","Calendar years BP","True",NA,"rbacon",15500,-60,NA,"Temoltzin-Loranca, Y.",9,20036,"Temoltzin-Loranca, Y.",NA,NA,NA,NA
89,1,1,804,1,4,9666,354,13,4,28,15,4,19,0,0,0,0,0,0,0,0,0,0,0,0,0,0,0,0,0,0,0,0,0,0,0,0,0,0,0,0,0,0,0,0,0,0,0,0,0,0,0,0,0,0,0,0,0,0,0,0,0,0,0,0,0,0,0,0,0,0,0,0,0,0,0,0,0,0,0,0,0,0,0,0,0,0,0,0,4,205,27,14,13,0,0,6,0,4,1,0,0,6,0,0,1,0,0,0,0,0,0,1,0,0,0,0,0,1,3,0,0,0,0,0,0,0,0,0,1,1,0,0,0,0,0,0,2,1,0,3,0,1,1,0,0,0,0,0,0,0,0,0,0,1,1,1,4,0,1,0,0,1,1,0,0,0,0,0,0,0,0,4,0,0,0,0,0,12,0,2,0,0,0,0,1,0,1,0,0,1,1,0,0,0,0,0,0,0,0,0,0,0,"ml","number","spores/tablet","number","NISP","NISP","NISP","NISP","NISP","NISP","NISP","NISP","NISP","NISP","NISP","NISP","NISP","NISP","NISP","NISP","NISP","NISP","NISP","NISP","NISP","NISP","NISP","NISP","NISP","NISP","NISP","NISP","NISP","NISP","NISP","NISP","NISP","NISP","NISP","NISP","NISP","NISP","NISP","NISP","NISP","NISP","NISP","NISP","NISP","NISP","NISP","NISP","NISP","NISP","NISP","NISP","NISP","NISP","NISP","NISP","NISP","NISP","NISP","NISP","NISP","NISP","NISP","NISP","NISP","NISP","NISP","NISP","NISP","NISP","NISP","NISP","NISP","NISP","NISP","NISP","NISP","NISP","NISP","NISP","NISP","NISP","NISP","NISP","NISP","NISP","NISP","NISP","NISP","NISP","NISP","NISP","NISP","NISP","NISP","NISP","NISP","NISP","NISP","NISP","NISP","NISP","NISP","NISP","NISP","NISP","NISP","NISP","NISP","NISP","NISP","NISP","NISP","NISP","NISP","NISP","NISP","NISP","NISP","NISP","NISP","NISP","NISP","NISP","NISP","NISP","NISP","NISP","NISP","NISP","NISP","NISP","NISP","NISP","NISP","NISP","NISP","NISP","NISP","NISP","NISP","NISP","NISP","NISP","NISP","NISP","NISP","NISP","NISP","NISP","NISP","NISP","NISP","NISP","NISP","NISP","NISP","NISP","NISP","NISP","NISP","NISP","NISP","NISP","NISP","NISP","NISP","NISP","NISP","NISP","NISP","NISP","NISP","NISP","NISP","NISP","NISP","NISP","NISP","NISP","NISP","NISP","NISP","NISP","NISP","NISP","NISP","NISP","NISP","NISP","NISP","NISP","NISP","NISP","NISP","NISP","volume","quantity added","concentration","counted","pollen","pollen","pollen","pollen","pollen","pollen","pollen","spore","pollen","pollen","pollen","pollen","pollen","pollen","pollen","pollen","pollen","pollen","pollen","pollen","pollen","pollen","pollen","pollen","pollen","pollen","spore","pollen","pollen","pollen","pollen","spore","pollen","pollen","pollen","pollen","pollen","pollen","pollen","pollen","spore","pollen","pollen","pollen","pollen","spore","pollen","pollen","pollen","pollen","pollen","pollen","pollen","pollen","pollen","pollen","pollen","pollen","pollen","pollen","pollen","pollen","pollen","pollen","pollen","pollen","pollen","pollen/spore","pollen","pollen","pollen","pollen","pollen","pollen","pollen","pollen","spore","pollen","pollen","pollen","spore","pollen","pollen","pollen","pollen/spore","pollen","pollen","pollen","pollen","pollen","pollen","pollen","pollen","pollen","pollen","pollen","pollen","pollen","pollen","pollen","pollen","pollen","pollen","pollen","pollen","pollen","pollen","pollen","pollen","pollen","pollen","pollen","pollen","pollen","pollen","pollen","pollen","pollen","pollen","pollen","pollen","pollen","pollen","pollen","pollen","pollen","pollen","pollen","pollen","pollen","pollen","pollen","pollen","pollen","pollen/spore","pollen/spore","pollen","pollen","pollen","pollen","pollen","pollen","pollen","pollen","pollen","pollen","pollen","pollen/spore","pollen","pollen","pollen","pollen","pollen","pollen","pollen","pollen","pollen","pollen","pollen","pollen","pollen","pollen","pollen","pollen","pollen","pollen","pollen","pollen","pollen","pollen","pollen","pollen/spore","spore","spore","spore","spore","spore","spore","spore","spore","spore","spore","pollen","pollen","pollen","pollen","pollen","pollen","spore","spore","spore","spore","spore","spore","spore","spore","Lake Victoria (Shirati Bay) LV2",33.9463333333333,33.9463333333333,-1.13083333333333,-1.13083333333333,1135,6880000,"Tanzania",NA,NA,NA,NA,68,33134,"LVC18_S2","Lake Victoria LV2","Core","UWITEC piston corer","2018-10-01",NA,"Natural Lake",22.6,NA,NA,NA,NA,NA,NA,NA,NA,"2,3,6,7,10",44876,"8777,15357,20039,20044,9599","Gobet, E.|Grosjean, M.|Muschick, M.|Seehausen, O.|Tinner, W.",30,"Depth",9,"Carbon-14","Radiocarbon years BP",801,2,"BE-14363",13000,130,130,1,130,"False","Charcoal, wood, terrestrial seed (Carex)","","Temoltzin-Loranca et al. 2023",1,20036,"Temoltzin-Loranca, Y.","Radiocarbon",13130,12870,4,20038,20038,"Kishe, Mary","Kishe, M.","Kishe","Mary","M.","","unknown","Tanzania Fisheries Research Institute
Dar es Salaam, Tanzania","","","","",1,"true","journal article",20442,"https://doi.org/10.1016/j.quascirev.2022.107915",2023,"Temoltzin-Loranca, Y., E. Gobet, B. Vannière, J.F.N. van Leeuwen, G. Wienhues, S. Szidat, C. Courtney-Mustaphi, M. Kishe, M. Muschick, O. Seehausen, M. Grosjean, and W. Tinner. 2023. A chronologically reliable record of 17,000 years of biomass burning in the Lake Victoria area. Quaternary Science Reviews 301:107915. [DOI: https://doi.org/10.1016/j.quascirev.2022.107915]","A chronologically reliable record of 17,000 years of biomass burning in the Lake Victoria area","Quaternary Science Reviews",301,107915,1,8,"Szidat","S.","20036,8777,9974,15224,20037,13851,18278,20038,20039,20044,15357,9599","Temoltzin-Loranca, Y.|Gobet, E.|Vannière, B.|van Leeuwen, J.F.N.|Wienhues, G.|Szidat, S.|Courtney-Mustaphi, C.J.|Kishe, M.|Muschick, M.|Seehausen, O.|Grosjean, M.|Tinner, W.",15695,"18278,8777,15357,20038,20039,20044,13851,20036,9599,15224,9974,20037","Morales-Molino, C.","Courtney-Mustaphi, C.J.|Gobet, E.|Grosjean, M.|Kishe, M.|Muschick, M.|Seehausen, O.|Szidat, S.|Temoltzin-Loranca, Y.|Tinner, W.|van Leeuwen, J.F.N.|Vannière, B.|Wienhues, G.","Pollen","LV2 pollen",1,"Temoltzin-Loranca et al. (2023)","Calendar years BP","True",NA,"rbacon",15500,-60,NA,"Temoltzin-Loranca, Y.",9,20036,"Temoltzin-Loranca, Y.",NA,NA,NA,NA
