"depths","Anal.Thick","ChronNumber","Age","value_Sample.quantity_1","value_Lycopodium.tablets_1","value_Lycopodium.tablets_2","value_Lycopodium.spike_1","value_Ranunculaceae.cf..Clematis_1","value_cf..Hydrocotyle_1","value_cf..Pistacia_1","value_cf..Rubus_1","value_cf..Salix..porate._1","value_cf..Salix..small._1","value_cf..Schefflera_1","value_cf..Scheuchzeria_1","value_cf..Spondias_1","value_cf..Veronica_1","value_Acacia_1","value_Acalypha_1","value_Alchornea_1","value_Allophylus_1","value_Alnus_1","value_Amaranthaceae_1","value_Anthemis.type_1","value_Anthoceros.laevis_1","value_Anthoceros.punctatus_1","value_Apiaceae_1","value_Artemisia_1","value_Asteroideae_1","value_Barteria.dewevrei.type_1","value_Basella_1","value_Berlinia.type_1","value_Bidens.type_1","value_Botrychium_1","value_Brassicaceae_1","value_Cardiospermum_1","value_Caryophyllaceae_1","value_Celtis_1","value_Poaceae..Cerealia.type._1","value_Chaetachme_1","value_Cichorioideae_1","value_Cissampelos_1","value_Cissus_1","value_Clerodendrum_1","value_Cliffortia_1","value_Combretum_1","value_Commelina.africana_1","value_Commiphora_1","value_Conyza_1","value_Corchorus_1","value_Croton_1","value_Cyathea_1","value_Cyperaceae.undiff._1","value_Cystopteris_1","value_Dodonaea_1","value_Dombeya_1","value_Ebenaceae_1","value_Elatostema_1","value_Ericaceae_1","value_Euphorbia.type..fine._1","value_Euphorbia..small._1","value_Euphorbia_1","value_Ficus_1","value_Galium.type_1","value_Gerbera.type_1","value_Glomus_1","value_Grewia_1","value_Gunnera_1","value_Hagenia_1","value_Hirpicium_1","value_Holoptelea_1","value_Hypericum_1","value_Indigofera_1","value_Juniperus_1","value_Justicia.diclipteroides_1","value_Justicia.flava_1","value_Lannea_1","value_Lemna_1","value_Polypodiaceae..Lepisorus.type_1","value_Liliaceae.type_1","value_Loranthaceae_1","value_Lythrum_1","value_Macaranga_1","value_Mallotus_1","value_Meliaceae_1","value_Pteridophyta..monolete._1","value_Moraceae..type.2._1","value_Urticaceae.Moraceae..type.3._1","value_Musanga_1","value_Mussaenda_1","value_Myrica_1","value_Nuxia.type_1","value_Nymphaea.caerulea_1","value_Nymphaea.lotus_1","value_Olea_1","value_Ophioglossum.lusitanicum_1","value_Persicaria_1","value_Phoenix_1","value_Pinus_1","value_Plantago.cf..P..alpina_1","value_Plantago.lanceolata_1","value_Plantago.palmata_1","value_Plectranthus_1","value_Poaceae_1","value_Podocarpus_1","value_Unknown..other.pollen._1","value_Potamogeton_1","value_Prosopis.type_1","value_Prunus.type_1","value_Pteridium_1","value_Pteris_1","value_Ranunculus.type_1","value_Rumex_1","value_Salacia_1","value_Scutia_1","value_Senecio.type_1","value_Solanum_1","value_Sporormiella_1","value_Stachys.type_1","value_Strephonema.type_1","value_Syzygium_1","value_Tetrorchidium_1","value_Teucrium.type_1","value_Thalictrum_1","value_Tiliacora_1","value_Trema_1","value_Pteridophyta..trilete..undiff._1","value_Typha.angustifolia.type_1","value_Typha.latifolia.type_1","value_Urera.type_1","value_Urticaceae..type.2._1","value_Urticaceae.Moraceae..type.4._1","value_Vepris.type_1","value_Xanthium_1","value_Zanthoxylum.type_1","units_Sample.quantity_1","units_Lycopodium.tablets_1","units_Lycopodium.tablets_2","units_Lycopodium.spike_1","units_Ranunculaceae.cf..Clematis_1","units_cf..Hydrocotyle_1","units_cf..Pistacia_1","units_cf..Rubus_1","units_cf..Salix..porate._1","units_cf..Salix..small._1","units_cf..Schefflera_1","units_cf..Scheuchzeria_1","units_cf..Spondias_1","units_cf..Veronica_1","units_Acacia_1","units_Acalypha_1","units_Alchornea_1","units_Allophylus_1","units_Alnus_1","units_Amaranthaceae_1","units_Anthemis.type_1","units_Anthoceros.laevis_1","units_Anthoceros.punctatus_1","units_Apiaceae_1","units_Artemisia_1","units_Asteroideae_1","units_Barteria.dewevrei.type_1","units_Basella_1","units_Berlinia.type_1","units_Bidens.type_1","units_Botrychium_1","units_Brassicaceae_1","units_Cardiospermum_1","units_Caryophyllaceae_1","units_Celtis_1","units_Poaceae..Cerealia.type._1","units_Chaetachme_1","units_Cichorioideae_1","units_Cissampelos_1","units_Cissus_1","units_Clerodendrum_1","units_Cliffortia_1","units_Combretum_1","units_Commelina.africana_1","units_Commiphora_1","units_Conyza_1","units_Corchorus_1","units_Croton_1","units_Cyathea_1","units_Cyperaceae.undiff._1","units_Cystopteris_1","units_Dodonaea_1","units_Dombeya_1","units_Ebenaceae_1","units_Elatostema_1","units_Ericaceae_1","units_Euphorbia.type..fine._1","units_Euphorbia..small._1","units_Euphorbia_1","units_Ficus_1","units_Galium.type_1","units_Gerbera.type_1","units_Glomus_1","units_Grewia_1","units_Gunnera_1","units_Hagenia_1","units_Hirpicium_1","units_Holoptelea_1","units_Hypericum_1","units_Indigofera_1","units_Juniperus_1","units_Justicia.diclipteroides_1","units_Justicia.flava_1","units_Lannea_1","units_Lemna_1","units_Polypodiaceae..Lepisorus.type_1","units_Liliaceae.type_1","units_Loranthaceae_1","units_Lythrum_1","units_Macaranga_1","units_Mallotus_1","units_Meliaceae_1","units_Pteridophyta..monolete._1","units_Moraceae..type.2._1","units_Urticaceae.Moraceae..type.3._1","units_Musanga_1","units_Mussaenda_1","units_Myrica_1","units_Nuxia.type_1","units_Nymphaea.caerulea_1","units_Nymphaea.lotus_1","units_Olea_1","units_Ophioglossum.lusitanicum_1","units_Persicaria_1","units_Phoenix_1","units_Pinus_1","units_Plantago.cf..P..alpina_1","units_Plantago.lanceolata_1","units_Plantago.palmata_1","units_Plectranthus_1","units_Poaceae_1","units_Podocarpus_1","units_Unknown..other.pollen._1","units_Potamogeton_1","units_Prosopis.type_1","units_Prunus.type_1","units_Pteridium_1","units_Pteris_1","units_Ranunculus.type_1","units_Rumex_1","units_Salacia_1","units_Scutia_1","units_Senecio.type_1","units_Solanum_1","units_Sporormiella_1","units_Stachys.type_1","units_Strephonema.type_1","units_Syzygium_1","units_Tetrorchidium_1","units_Teucrium.type_1","units_Thalictrum_1","units_Tiliacora_1","units_Trema_1","units_Pteridophyta..trilete..undiff._1","units_Typha.angustifolia.type_1","units_Typha.latifolia.type_1","units_Urera.type_1","units_Urticaceae..type.2._1","units_Urticaceae.Moraceae..type.4._1","units_Vepris.type_1","units_Xanthium_1","units_Zanthoxylum.type_1","element_Sample.quantity_1","element_Lycopodium.tablets_1","element_Lycopodium.tablets_2","element_Lycopodium.spike_1","element_Ranunculaceae.cf..Clematis_1","element_cf..Hydrocotyle_1","element_cf..Pistacia_1","element_cf..Rubus_1","element_cf..Salix..porate._1","element_cf..Salix..small._1","element_cf..Schefflera_1","element_cf..Scheuchzeria_1","element_cf..Spondias_1","element_cf..Veronica_1","element_Acacia_1","element_Acalypha_1","element_Alchornea_1","element_Allophylus_1","element_Alnus_1","element_Amaranthaceae_1","element_Anthemis.type_1","element_Anthoceros.laevis_1","element_Anthoceros.punctatus_1","element_Apiaceae_1","element_Artemisia_1","element_Asteroideae_1","element_Barteria.dewevrei.type_1","element_Basella_1","element_Berlinia.type_1","element_Bidens.type_1","element_Botrychium_1","element_Brassicaceae_1","element_Cardiospermum_1","element_Caryophyllaceae_1","element_Celtis_1","element_Poaceae..Cerealia.type._1","element_Chaetachme_1","element_Cichorioideae_1","element_Cissampelos_1","element_Cissus_1","element_Clerodendrum_1","element_Cliffortia_1","element_Combretum_1","element_Commelina.africana_1","element_Commiphora_1","element_Conyza_1","element_Corchorus_1","element_Croton_1","element_Cyathea_1","element_Cyperaceae.undiff._1","element_Cystopteris_1","element_Dodonaea_1","element_Dombeya_1","element_Ebenaceae_1","element_Elatostema_1","element_Ericaceae_1","element_Euphorbia.type..fine._1","element_Euphorbia..small._1","element_Euphorbia_1","element_Ficus_1","element_Galium.type_1","element_Gerbera.type_1","element_Glomus_1","element_Grewia_1","element_Gunnera_1","element_Hagenia_1","element_Hirpicium_1","element_Holoptelea_1","element_Hypericum_1","element_Indigofera_1","element_Juniperus_1","element_Justicia.diclipteroides_1","element_Justicia.flava_1","element_Lannea_1","element_Lemna_1","element_Polypodiaceae..Lepisorus.type_1","element_Liliaceae.type_1","element_Loranthaceae_1","element_Lythrum_1","element_Macaranga_1","element_Mallotus_1","element_Meliaceae_1","element_Pteridophyta..monolete._1","element_Moraceae..type.2._1","element_Urticaceae.Moraceae..type.3._1","element_Musanga_1","element_Mussaenda_1","element_Myrica_1","element_Nuxia.type_1","element_Nymphaea.caerulea_1","element_Nymphaea.lotus_1","element_Olea_1","element_Ophioglossum.lusitanicum_1","element_Persicaria_1","element_Phoenix_1","element_Pinus_1","element_Plantago.cf..P..alpina_1","element_Plantago.lanceolata_1","element_Plantago.palmata_1","element_Plectranthus_1","element_Poaceae_1","element_Podocarpus_1","element_Unknown..other.pollen._1","element_Potamogeton_1","element_Prosopis.type_1","element_Prunus.type_1","element_Pteridium_1","element_Pteris_1","element_Ranunculus.type_1","element_Rumex_1","element_Salacia_1","element_Scutia_1","element_Senecio.type_1","element_Solanum_1","element_Sporormiella_1","element_Stachys.type_1","element_Strephonema.type_1","element_Syzygium_1","element_Tetrorchidium_1","element_Teucrium.type_1","element_Thalictrum_1","element_Tiliacora_1","element_Trema_1","element_Pteridophyta..trilete..undiff._1","element_Typha.angustifolia.type_1","element_Typha.latifolia.type_1","element_Urera.type_1","element_Urticaceae..type.2._1","element_Urticaceae.Moraceae..type.4._1","element_Vepris.type_1","element_Xanthium_1","element_Zanthoxylum.type_1","SiteName","LongEast","LongWest","LatNorth","LatSouth","Altitude","Area","Country","State","County","SiteDescription","SiteNotes","param_Maximum.depth..m.","SiteID","Handle","CollectionName","CollectionType","CollectionDevice","CollectionDate","CUNotes","DepositionalEnvironment","WaterDepth","Location","GPSLat","GPSLong","GPSError","GPSAltitude","Substrate","SlopeAngle","SlopeAspect","Collectors","collunitid","Collectors_ID","Collectors_Names","SampleID","AnalysisUnitID","Investigators_geochron","Method","AgeUnits_Sample","geochron_depth","Thickness","LabNumber","SampleAge","ErrorOlder","ErrorYounger","Sigma","StdDev","GreaterThan","MaterialDated","SampleNotes","PublicationsText","PublicationIDs","Investigators_geochron_neoID","Investigators_geochron_Name","OlderSampleAge","YoungerSampleAge","InternalContactID","NeotomaContactID","NeotomaAliasID","FullContactName","ShortContactName","FamilyName","GivenNames","LeadingInitials","ContactTitle","Status","Address","Email","Telephone","URL.x","Fax.x","PublicationID","PrimaryPub","PublicationType","NeotomaID_pub","DOI_pub","PublicationYear","Citation","Title","Journal","Volume","Pages","PublicationID_Author","ContactID","LastName","Initials","authorIDs","authorNames","Processors_ID","Investigators_ID","Processors_Names","Investigators_Names","DatasetType","Name","AgeModelID","ChronologyName","AgeUnits","Default","DatePrepared","Model","AgeBoundOlder","AgeBoundYounger","AgeModelNotes","PreparersText","PreparersContactID","PreparersContactID_neo","Preparers_Name","URL.y","Fax.y","SampAnalyst_neoID","Samp.Analyst","chronmethod"
1,1,1,-45,1,4,9666,163,0,0,1,0,0,0,0,0,0,0,1,19,1,0,0,3,0,0,0,0,3,3,0,0,0,2,0,1,0,0,14,1,0,0,1,0,0,0,1,0,0,0,0,0,0,14,0,1,0,0,0,0,0,1,1,0,0,0,0,0,0,1,0,0,0,2,23,0,1,0,0,2,0,0,0,3,0,0,0,16,1,0,3,0,1,0,0,12,0,0,1,1,0,0,0,0,142,9,9,0,1,0,1,0,0,0,0,0,0,0,0,0,0,0,2,0,0,0,1,0,2,0,3,0,1,0,0,0,"ml","number","spores/tablet","number","NISP","NISP","NISP","NISP","NISP","NISP","NISP","NISP","NISP","NISP","NISP","NISP","NISP","NISP","NISP","NISP","NISP","NISP","NISP","NISP","NISP","NISP","NISP","NISP","NISP","NISP","NISP","NISP","NISP","NISP","NISP","NISP","NISP","NISP","NISP","NISP","NISP","NISP","NISP","NISP","NISP","NISP","NISP","NISP","NISP","NISP","NISP","NISP","NISP","NISP","NISP","NISP","NISP","NISP","NISP","NISP","NISP","NISP","NISP","NISP","NISP","NISP","NISP","NISP","NISP","NISP","NISP","NISP","NISP","NISP","NISP","NISP","NISP","NISP","NISP","NISP","NISP","NISP","NISP","NISP","NISP","NISP","NISP","NISP","NISP","NISP","NISP","NISP","NISP","NISP","NISP","NISP","NISP","NISP","NISP","NISP","NISP","NISP","NISP","NISP","NISP","NISP","NISP","NISP","NISP","NISP","NISP","NISP","NISP","NISP","NISP","NISP","NISP","NISP","NISP","NISP","NISP","NISP","NISP","NISP","NISP","NISP","NISP","NISP","NISP","NISP","NISP","NISP","volume","quantity added","concentration","counted","pollen","pollen","pollen","pollen","pollen","pollen","pollen","pollen","pollen","pollen","pollen","pollen","pollen","pollen","pollen","pollen","pollen","spore","spore","pollen","pollen","pollen","pollen","pollen","pollen","pollen","spore","pollen","pollen","pollen","pollen","pollen","pollen","pollen","pollen","pollen","pollen","pollen","pollen","pollen","pollen","pollen","pollen","pollen","spore","pollen","spore","pollen","pollen","pollen","pollen","pollen","pollen","pollen","pollen","pollen","pollen","pollen","spore","pollen","pollen","pollen","pollen","pollen","pollen","pollen","pollen","pollen","pollen","pollen","pollen","spore","pollen","pollen","pollen","pollen","pollen","pollen","spore","pollen","pollen","pollen","pollen","pollen","pollen","pollen","pollen","pollen","spore","pollen","pollen","pollen","pollen","pollen","pollen","pollen","pollen","pollen","pollen/spore","pollen","pollen","pollen","spore","spore","pollen","pollen","pollen","pollen","pollen","pollen","spore","pollen","pollen","pollen","pollen","pollen","pollen","pollen","pollen","spore","pollen","pollen","pollen","pollen","pollen","pollen","pollen","pollen","Lake Victoria (Shirati Bay) LV4",33.7961333333333,33.7961333333333,-1.04943333333333,-1.04943333333333,1135,6880000,"Tanzania",NA,NA,NA,NA,68,33135,"LVC18_S4","Lake Victoria LV4","Core","UWITEC piston corer","2018-10-01",NA,"Natural Lake",63,"30 km away from the shore in the Shirati Bay",NA,NA,NA,NA,NA,NA,NA,"2,10,12,3,16",44877,"8777,15357,20039,20044,9599","Gobet, E.|Grosjean, M.|Muschick, M.|Seehausen, O.|Tinner, W.",1,"Depth",15,"Carbon-14","Radiocarbon years BP",117,2,"BE-16248",2890,100,100,1,100,"False","Charcoal","","Temotzin-Loranca et al. 2023",2,20036,"Temoltzin-Loranca, Y.",2990,2790,1,18278,18278,"Courtney-Mustaphi, Colin","Courtney-Mustaphi, C.J.","Courtney-Mustaphi","Colin","C.J.","Dr.","active","Department of Environmental Sciences
Geoecology
University of Basel
Basel, Switzerland","","","","",1,"false","journal article",20442,"https://doi.org/10.1016/j.quascirev.2022.107915",2023,"Temoltzin-Loranca, Y., E. Gobet, B. Vannière, J.F.N. van Leeuwen, G. Wienhues, S. Szidat, C. Courtney-Mustaphi, M. Kishe, M. Muschick, O. Seehausen, M. Grosjean, and W. Tinner. 2023. A chronologically reliable record of 17,000 years of biomass burning in the Lake Victoria area. Quaternary Science Reviews 301:107915. [DOI: https://doi.org/10.1016/j.quascirev.2022.107915]","A chronologically reliable record of 17,000 years of biomass burning in the Lake Victoria area","Quaternary Science Reviews",301,107915,1,14,"Temoltzin-Loranca","Y.","20036,8777,9974,15224,20037,13851,18278,20038,20039,20044,15357,9599","Temoltzin-Loranca, Y.|Gobet, E.|Vannière, B.|van Leeuwen, J.F.N.|Wienhues, G.|Szidat, S.|Courtney-Mustaphi, C.J.|Kishe, M.|Muschick, M.|Seehausen, O.|Grosjean, M.|Tinner, W.",15695,"18278,8777,15357,9224,20040,20038,20043,20041,20039,20042,20044,20036,9599,15224,9974,10026,20037","Morales-Molino, C.","Courtney-Mustaphi, C.J.|Gobet, E.|Grosjean, M.|Heiri, O.|King, L.|Kishe, M.|Matthews, B.|Misra, P.|Muschick, M.|Ngoepe, N.|Seehausen, O.|Temoltzin-Loranca, Y.|Tinner, W.|van Leeuwen, J.F.N.|Vannière, B.|Vogel, H.|Wienhues, G.","Pollen","LV4 pollen",1,"Temoltzin-Loranca et al. (2023)","Calendar years BP","True",NA,"rbacon",16700,-50,NA,"Temotzin-Loranca, Y.",15,20036,"Temoltzin-Loranca, Y.",NA,NA,NA,NA,"Radiocarbon"
3,1,1,-23,1,4,9666,163,0,0,1,0,0,0,0,0,0,0,1,19,1,0,0,3,0,0,0,0,3,3,0,0,0,2,0,1,0,0,14,1,0,0,1,0,0,0,1,0,0,0,0,0,0,14,0,1,0,0,0,0,0,1,1,0,0,0,0,0,0,1,0,0,0,2,23,0,1,0,0,2,0,0,0,3,0,0,0,16,1,0,3,0,0,0,0,12,0,0,1,1,0,0,0,0,142,9,9,0,1,0,1,0,0,0,0,0,0,1,0,0,0,0,2,0,0,0,1,0,2,0,3,0,1,0,0,0,"ml","number","spores/tablet","number","NISP","NISP","NISP","NISP","NISP","NISP","NISP","NISP","NISP","NISP","NISP","NISP","NISP","NISP","NISP","NISP","NISP","NISP","NISP","NISP","NISP","NISP","NISP","NISP","NISP","NISP","NISP","NISP","NISP","NISP","NISP","NISP","NISP","NISP","NISP","NISP","NISP","NISP","NISP","NISP","NISP","NISP","NISP","NISP","NISP","NISP","NISP","NISP","NISP","NISP","NISP","NISP","NISP","NISP","NISP","NISP","NISP","NISP","NISP","NISP","NISP","NISP","NISP","NISP","NISP","NISP","NISP","NISP","NISP","NISP","NISP","NISP","NISP","NISP","NISP","NISP","NISP","NISP","NISP","NISP","NISP","NISP","NISP","NISP","NISP","NISP","NISP","NISP","NISP","NISP","NISP","NISP","NISP","NISP","NISP","NISP","NISP","NISP","NISP","NISP","NISP","NISP","NISP","NISP","NISP","NISP","NISP","NISP","NISP","NISP","NISP","NISP","NISP","NISP","NISP","NISP","NISP","NISP","NISP","NISP","NISP","NISP","NISP","NISP","NISP","NISP","NISP","NISP","volume","quantity added","concentration","counted","pollen","pollen","pollen","pollen","pollen","pollen","pollen","pollen","pollen","pollen","pollen","pollen","pollen","pollen","pollen","pollen","pollen","spore","spore","pollen","pollen","pollen","pollen","pollen","pollen","pollen","spore","pollen","pollen","pollen","pollen","pollen","pollen","pollen","pollen","pollen","pollen","pollen","pollen","pollen","pollen","pollen","pollen","pollen","spore","pollen","spore","pollen","pollen","pollen","pollen","pollen","pollen","pollen","pollen","pollen","pollen","pollen","spore","pollen","pollen","pollen","pollen","pollen","pollen","pollen","pollen","pollen","pollen","pollen","pollen","spore","pollen","pollen","pollen","pollen","pollen","pollen","spore","pollen","pollen","pollen","pollen","pollen","pollen","pollen","pollen","pollen","spore","pollen","pollen","pollen","pollen","pollen","pollen","pollen","pollen","pollen","pollen/spore","pollen","pollen","pollen","spore","spore","pollen","pollen","pollen","pollen","pollen","pollen","spore","pollen","pollen","pollen","pollen","pollen","pollen","pollen","pollen","spore","pollen","pollen","pollen","pollen","pollen","pollen","pollen","pollen","Lake Victoria (Shirati Bay) LV4",33.7961333333333,33.7961333333333,-1.04943333333333,-1.04943333333333,1135,6880000,"Tanzania",NA,NA,NA,NA,68,33135,"LVC18_S4","Lake Victoria LV4","Core","UWITEC piston corer","2018-10-01",NA,"Natural Lake",63,"30 km away from the shore in the Shirati Bay",NA,NA,NA,NA,NA,NA,NA,"2,10,12,3,16",44877,"8777,15357,20039,20044,9599","Gobet, E.|Grosjean, M.|Muschick, M.|Seehausen, O.|Tinner, W.",1,"Depth",15,"Carbon-14","Radiocarbon years BP",117,2,"BE-16248",2890,100,100,1,100,"False","Charcoal","","Temotzin-Loranca et al. 2023",2,20036,"Temoltzin-Loranca, Y.",2990,2790,1,18278,18278,"Courtney-Mustaphi, Colin","Courtney-Mustaphi, C.J.","Courtney-Mustaphi","Colin","C.J.","Dr.","active","Department of Environmental Sciences
Geoecology
University of Basel
Basel, Switzerland","","","","",1,"false","journal article",20442,"https://doi.org/10.1016/j.quascirev.2022.107915",2023,"Temoltzin-Loranca, Y., E. Gobet, B. Vannière, J.F.N. van Leeuwen, G. Wienhues, S. Szidat, C. Courtney-Mustaphi, M. Kishe, M. Muschick, O. Seehausen, M. Grosjean, and W. Tinner. 2023. A chronologically reliable record of 17,000 years of biomass burning in the Lake Victoria area. Quaternary Science Reviews 301:107915. [DOI: https://doi.org/10.1016/j.quascirev.2022.107915]","A chronologically reliable record of 17,000 years of biomass burning in the Lake Victoria area","Quaternary Science Reviews",301,107915,1,14,"Temoltzin-Loranca","Y.","20036,8777,9974,15224,20037,13851,18278,20038,20039,20044,15357,9599","Temoltzin-Loranca, Y.|Gobet, E.|Vannière, B.|van Leeuwen, J.F.N.|Wienhues, G.|Szidat, S.|Courtney-Mustaphi, C.J.|Kishe, M.|Muschick, M.|Seehausen, O.|Grosjean, M.|Tinner, W.",15695,"18278,8777,15357,9224,20040,20038,20043,20041,20039,20042,20044,20036,9599,15224,9974,10026,20037","Morales-Molino, C.","Courtney-Mustaphi, C.J.|Gobet, E.|Grosjean, M.|Heiri, O.|King, L.|Kishe, M.|Matthews, B.|Misra, P.|Muschick, M.|Ngoepe, N.|Seehausen, O.|Temoltzin-Loranca, Y.|Tinner, W.|van Leeuwen, J.F.N.|Vannière, B.|Vogel, H.|Wienhues, G.","Pollen","LV4 pollen",1,"Temoltzin-Loranca et al. (2023)","Calendar years BP","True",NA,"rbacon",16700,-50,NA,"Temotzin-Loranca, Y.",15,20036,"Temoltzin-Loranca, Y.",NA,NA,NA,NA,"Radiocarbon"
35,1,1,860,1,4,9666,212,1,0,0,3,0,0,0,0,1,0,0,28,5,0,0,2,0,0,0,0,2,1,0,0,0,0,0,1,0,0,30,0,0,0,0,0,0,0,4,0,0,1,1,0,2,22,1,0,0,0,0,0,1,0,0,0,0,0,0,0,0,0,0,0,0,0,10,0,0,0,0,0,0,0,0,4,0,1,5,29,2,2,9,1,2,0,0,19,0,0,1,0,0,1,0,0,200,21,13,0,0,0,2,0,0,0,0,1,0,0,0,0,1,1,7,0,0,0,0,0,1,0,4,0,1,1,1,0,"ml","number","spores/tablet","number","NISP","NISP","NISP","NISP","NISP","NISP","NISP","NISP","NISP","NISP","NISP","NISP","NISP","NISP","NISP","NISP","NISP","NISP","NISP","NISP","NISP","NISP","NISP","NISP","NISP","NISP","NISP","NISP","NISP","NISP","NISP","NISP","NISP","NISP","NISP","NISP","NISP","NISP","NISP","NISP","NISP","NISP","NISP","NISP","NISP","NISP","NISP","NISP","NISP","NISP","NISP","NISP","NISP","NISP","NISP","NISP","NISP","NISP","NISP","NISP","NISP","NISP","NISP","NISP","NISP","NISP","NISP","NISP","NISP","NISP","NISP","NISP","NISP","NISP","NISP","NISP","NISP","NISP","NISP","NISP","NISP","NISP","NISP","NISP","NISP","NISP","NISP","NISP","NISP","NISP","NISP","NISP","NISP","NISP","NISP","NISP","NISP","NISP","NISP","NISP","NISP","NISP","NISP","NISP","NISP","NISP","NISP","NISP","NISP","NISP","NISP","NISP","NISP","NISP","NISP","NISP","NISP","NISP","NISP","NISP","NISP","NISP","NISP","NISP","NISP","NISP","NISP","NISP","volume","quantity added","concentration","counted","pollen","pollen","pollen","pollen","pollen","pollen","pollen","pollen","pollen","pollen","pollen","pollen","pollen","pollen","pollen","pollen","pollen","spore","spore","pollen","pollen","pollen","pollen","pollen","pollen","pollen","spore","pollen","pollen","pollen","pollen","pollen","pollen","pollen","pollen","pollen","pollen","pollen","pollen","pollen","pollen","pollen","pollen","pollen","spore","pollen","spore","pollen","pollen","pollen","pollen","pollen","pollen","pollen","pollen","pollen","pollen","pollen","spore","pollen","pollen","pollen","pollen","pollen","pollen","pollen","pollen","pollen","pollen","pollen","pollen","spore","pollen","pollen","pollen","pollen","pollen","pollen","spore","pollen","pollen","pollen","pollen","pollen","pollen","pollen","pollen","pollen","spore","pollen","pollen","pollen","pollen","pollen","pollen","pollen","pollen","pollen","pollen/spore","pollen","pollen","pollen","spore","spore","pollen","pollen","pollen","pollen","pollen","pollen","spore","pollen","pollen","pollen","pollen","pollen","pollen","pollen","pollen","spore","pollen","pollen","pollen","pollen","pollen","pollen","pollen","pollen","Lake Victoria (Shirati Bay) LV4",33.7961333333333,33.7961333333333,-1.04943333333333,-1.04943333333333,1135,6880000,"Tanzania",NA,NA,NA,NA,68,33135,"LVC18_S4","Lake Victoria LV4","Core","UWITEC piston corer","2018-10-01",NA,"Natural Lake",63,"30 km away from the shore in the Shirati Bay",NA,NA,NA,NA,NA,NA,NA,"2,10,12,3,16",44877,"8777,15357,20039,20044,9599","Gobet, E.|Grosjean, M.|Muschick, M.|Seehausen, O.|Tinner, W.",1,"Depth",15,"Carbon-14","Radiocarbon years BP",117,2,"BE-16248",2890,100,100,1,100,"False","Charcoal","","Temotzin-Loranca et al. 2023",2,20036,"Temoltzin-Loranca, Y.",2990,2790,1,18278,18278,"Courtney-Mustaphi, Colin","Courtney-Mustaphi, C.J.","Courtney-Mustaphi","Colin","C.J.","Dr.","active","Department of Environmental Sciences
Geoecology
University of Basel
Basel, Switzerland","","","","",1,"false","journal article",20442,"https://doi.org/10.1016/j.quascirev.2022.107915",2023,"Temoltzin-Loranca, Y., E. Gobet, B. Vannière, J.F.N. van Leeuwen, G. Wienhues, S. Szidat, C. Courtney-Mustaphi, M. Kishe, M. Muschick, O. Seehausen, M. Grosjean, and W. Tinner. 2023. A chronologically reliable record of 17,000 years of biomass burning in the Lake Victoria area. Quaternary Science Reviews 301:107915. [DOI: https://doi.org/10.1016/j.quascirev.2022.107915]","A chronologically reliable record of 17,000 years of biomass burning in the Lake Victoria area","Quaternary Science Reviews",301,107915,1,14,"Temoltzin-Loranca","Y.","20036,8777,9974,15224,20037,13851,18278,20038,20039,20044,15357,9599","Temoltzin-Loranca, Y.|Gobet, E.|Vannière, B.|van Leeuwen, J.F.N.|Wienhues, G.|Szidat, S.|Courtney-Mustaphi, C.J.|Kishe, M.|Muschick, M.|Seehausen, O.|Grosjean, M.|Tinner, W.",15695,"18278,8777,15357,9224,20040,20038,20043,20041,20039,20042,20044,20036,9599,15224,9974,10026,20037","Morales-Molino, C.","Courtney-Mustaphi, C.J.|Gobet, E.|Grosjean, M.|Heiri, O.|King, L.|Kishe, M.|Matthews, B.|Misra, P.|Muschick, M.|Ngoepe, N.|Seehausen, O.|Temoltzin-Loranca, Y.|Tinner, W.|van Leeuwen, J.F.N.|Vannière, B.|Vogel, H.|Wienhues, G.","Pollen","LV4 pollen",1,"Temoltzin-Loranca et al. (2023)","Calendar years BP","True",NA,"rbacon",16700,-50,NA,"Temotzin-Loranca, Y.",15,20036,"Temoltzin-Loranca, Y.",NA,NA,NA,NA,"Radiocarbon"
37,1,1,886,1,4,9666,212,1,0,0,3,0,0,0,0,1,0,0,28,5,0,0,2,0,0,0,0,2,1,0,0,0,0,0,1,0,0,30,0,0,0,0,0,0,0,4,0,0,1,1,0,2,22,1,0,0,0,0,0,1,0,0,0,0,0,0,0,0,0,0,0,0,0,10,0,0,0,0,0,0,0,0,4,0,1,5,29,2,2,9,1,0,0,0,19,0,0,1,0,0,0,0,0,200,21,13,0,0,0,2,0,0,0,0,1,0,2,0,0,0,1,7,0,0,0,0,0,1,0,4,0,1,1,1,0,"ml","number","spores/tablet","number","NISP","NISP","NISP","NISP","NISP","NISP","NISP","NISP","NISP","NISP","NISP","NISP","NISP","NISP","NISP","NISP","NISP","NISP","NISP","NISP","NISP","NISP","NISP","NISP","NISP","NISP","NISP","NISP","NISP","NISP","NISP","NISP","NISP","NISP","NISP","NISP","NISP","NISP","NISP","NISP","NISP","NISP","NISP","NISP","NISP","NISP","NISP","NISP","NISP","NISP","NISP","NISP","NISP","NISP","NISP","NISP","NISP","NISP","NISP","NISP","NISP","NISP","NISP","NISP","NISP","NISP","NISP","NISP","NISP","NISP","NISP","NISP","NISP","NISP","NISP","NISP","NISP","NISP","NISP","NISP","NISP","NISP","NISP","NISP","NISP","NISP","NISP","NISP","NISP","NISP","NISP","NISP","NISP","NISP","NISP","NISP","NISP","NISP","NISP","NISP","NISP","NISP","NISP","NISP","NISP","NISP","NISP","NISP","NISP","NISP","NISP","NISP","NISP","NISP","NISP","NISP","NISP","NISP","NISP","NISP","NISP","NISP","NISP","NISP","NISP","NISP","NISP","NISP","volume","quantity added","concentration","counted","pollen","pollen","pollen","pollen","pollen","pollen","pollen","pollen","pollen","pollen","pollen","pollen","pollen","pollen","pollen","pollen","pollen","spore","spore","pollen","pollen","pollen","pollen","pollen","pollen","pollen","spore","pollen","pollen","pollen","pollen","pollen","pollen","pollen","pollen","pollen","pollen","pollen","pollen","pollen","pollen","pollen","pollen","pollen","spore","pollen","spore","pollen","pollen","pollen","pollen","pollen","pollen","pollen","pollen","pollen","pollen","pollen","spore","pollen","pollen","pollen","pollen","pollen","pollen","pollen","pollen","pollen","pollen","pollen","pollen","spore","pollen","pollen","pollen","pollen","pollen","pollen","spore","pollen","pollen","pollen","pollen","pollen","pollen","pollen","pollen","pollen","spore","pollen","pollen","pollen","pollen","pollen","pollen","pollen","pollen","pollen","pollen/spore","pollen","pollen","pollen","spore","spore","pollen","pollen","pollen","pollen","pollen","pollen","spore","pollen","pollen","pollen","pollen","pollen","pollen","pollen","pollen","spore","pollen","pollen","pollen","pollen","pollen","pollen","pollen","pollen","Lake Victoria (Shirati Bay) LV4",33.7961333333333,33.7961333333333,-1.04943333333333,-1.04943333333333,1135,6880000,"Tanzania",NA,NA,NA,NA,68,33135,"LVC18_S4","Lake Victoria LV4","Core","UWITEC piston corer","2018-10-01",NA,"Natural Lake",63,"30 km away from the shore in the Shirati Bay",NA,NA,NA,NA,NA,NA,NA,"2,10,12,3,16",44877,"8777,15357,20039,20044,9599","Gobet, E.|Grosjean, M.|Muschick, M.|Seehausen, O.|Tinner, W.",1,"Depth",15,"Carbon-14","Radiocarbon years BP",117,2,"BE-16248",2890,100,100,1,100,"False","Charcoal","","Temotzin-Loranca et al. 2023",2,20036,"Temoltzin-Loranca, Y.",2990,2790,1,18278,18278,"Courtney-Mustaphi, Colin","Courtney-Mustaphi, C.J.","Courtney-Mustaphi","Colin","C.J.","Dr.","active","Department of Environmental Sciences
Geoecology
University of Basel
Basel, Switzerland","","","","",1,"false","journal article",20442,"https://doi.org/10.1016/j.quascirev.2022.107915",2023,"Temoltzin-Loranca, Y., E. Gobet, B. Vannière, J.F.N. van Leeuwen, G. Wienhues, S. Szidat, C. Courtney-Mustaphi, M. Kishe, M. Muschick, O. Seehausen, M. Grosjean, and W. Tinner. 2023. A chronologically reliable record of 17,000 years of biomass burning in the Lake Victoria area. Quaternary Science Reviews 301:107915. [DOI: https://doi.org/10.1016/j.quascirev.2022.107915]","A chronologically reliable record of 17,000 years of biomass burning in the Lake Victoria area","Quaternary Science Reviews",301,107915,1,14,"Temoltzin-Loranca","Y.","20036,8777,9974,15224,20037,13851,18278,20038,20039,20044,15357,9599","Temoltzin-Loranca, Y.|Gobet, E.|Vannière, B.|van Leeuwen, J.F.N.|Wienhues, G.|Szidat, S.|Courtney-Mustaphi, C.J.|Kishe, M.|Muschick, M.|Seehausen, O.|Grosjean, M.|Tinner, W.",15695,"18278,8777,15357,9224,20040,20038,20043,20041,20039,20042,20044,20036,9599,15224,9974,10026,20037","Morales-Molino, C.","Courtney-Mustaphi, C.J.|Gobet, E.|Grosjean, M.|Heiri, O.|King, L.|Kishe, M.|Matthews, B.|Misra, P.|Muschick, M.|Ngoepe, N.|Seehausen, O.|Temoltzin-Loranca, Y.|Tinner, W.|van Leeuwen, J.F.N.|Vannière, B.|Vogel, H.|Wienhues, G.","Pollen","LV4 pollen",1,"Temoltzin-Loranca et al. (2023)","Calendar years BP","True",NA,"rbacon",16700,-50,NA,"Temotzin-Loranca, Y.",15,20036,"Temoltzin-Loranca, Y.",NA,NA,NA,NA,"Radiocarbon"
69,1,1,1874,1,4,9666,188,0,1,0,0,0,0,0,0,0,0,1,8,8,0,0,3,0,0,0,0,4,0,0,0,0,0,0,1,0,0,52,0,0,0,1,0,0,0,2,0,0,0,0,0,0,11,0,1,0,0,0,1,0,0,1,0,0,0,0,0,0,1,0,4,0,0,11,0,0,0,0,0,0,0,0,2,0,0,0,32,4,1,18,0,4,0,0,11,0,0,1,0,0,0,0,0,153,19,17,0,0,0,1,0,0,0,0,1,0,0,0,0,2,0,3,0,0,0,0,0,0,0,7,0,1,1,0,0,"ml","number","spores/tablet","number","NISP","NISP","NISP","NISP","NISP","NISP","NISP","NISP","NISP","NISP","NISP","NISP","NISP","NISP","NISP","NISP","NISP","NISP","NISP","NISP","NISP","NISP","NISP","NISP","NISP","NISP","NISP","NISP","NISP","NISP","NISP","NISP","NISP","NISP","NISP","NISP","NISP","NISP","NISP","NISP","NISP","NISP","NISP","NISP","NISP","NISP","NISP","NISP","NISP","NISP","NISP","NISP","NISP","NISP","NISP","NISP","NISP","NISP","NISP","NISP","NISP","NISP","NISP","NISP","NISP","NISP","NISP","NISP","NISP","NISP","NISP","NISP","NISP","NISP","NISP","NISP","NISP","NISP","NISP","NISP","NISP","NISP","NISP","NISP","NISP","NISP","NISP","NISP","NISP","NISP","NISP","NISP","NISP","NISP","NISP","NISP","NISP","NISP","NISP","NISP","NISP","NISP","NISP","NISP","NISP","NISP","NISP","NISP","NISP","NISP","NISP","NISP","NISP","NISP","NISP","NISP","NISP","NISP","NISP","NISP","NISP","NISP","NISP","NISP","NISP","NISP","NISP","NISP","volume","quantity added","concentration","counted","pollen","pollen","pollen","pollen","pollen","pollen","pollen","pollen","pollen","pollen","pollen","pollen","pollen","pollen","pollen","pollen","pollen","spore","spore","pollen","pollen","pollen","pollen","pollen","pollen","pollen","spore","pollen","pollen","pollen","pollen","pollen","pollen","pollen","pollen","pollen","pollen","pollen","pollen","pollen","pollen","pollen","pollen","pollen","spore","pollen","spore","pollen","pollen","pollen","pollen","pollen","pollen","pollen","pollen","pollen","pollen","pollen","spore","pollen","pollen","pollen","pollen","pollen","pollen","pollen","pollen","pollen","pollen","pollen","pollen","spore","pollen","pollen","pollen","pollen","pollen","pollen","spore","pollen","pollen","pollen","pollen","pollen","pollen","pollen","pollen","pollen","spore","pollen","pollen","pollen","pollen","pollen","pollen","pollen","pollen","pollen","pollen/spore","pollen","pollen","pollen","spore","spore","pollen","pollen","pollen","pollen","pollen","pollen","spore","pollen","pollen","pollen","pollen","pollen","pollen","pollen","pollen","spore","pollen","pollen","pollen","pollen","pollen","pollen","pollen","pollen","Lake Victoria (Shirati Bay) LV4",33.7961333333333,33.7961333333333,-1.04943333333333,-1.04943333333333,1135,6880000,"Tanzania",NA,NA,NA,NA,68,33135,"LVC18_S4","Lake Victoria LV4","Core","UWITEC piston corer","2018-10-01",NA,"Natural Lake",63,"30 km away from the shore in the Shirati Bay",NA,NA,NA,NA,NA,NA,NA,"2,10,12,3,16",44877,"8777,15357,20039,20044,9599","Gobet, E.|Grosjean, M.|Muschick, M.|Seehausen, O.|Tinner, W.",1,"Depth",15,"Carbon-14","Radiocarbon years BP",117,2,"BE-16248",2890,100,100,1,100,"False","Charcoal","","Temotzin-Loranca et al. 2023",2,20036,"Temoltzin-Loranca, Y.",2990,2790,1,18278,18278,"Courtney-Mustaphi, Colin","Courtney-Mustaphi, C.J.","Courtney-Mustaphi","Colin","C.J.","Dr.","active","Department of Environmental Sciences
Geoecology
University of Basel
Basel, Switzerland","","","","",1,"false","journal article",20442,"https://doi.org/10.1016/j.quascirev.2022.107915",2023,"Temoltzin-Loranca, Y., E. Gobet, B. Vannière, J.F.N. van Leeuwen, G. Wienhues, S. Szidat, C. Courtney-Mustaphi, M. Kishe, M. Muschick, O. Seehausen, M. Grosjean, and W. Tinner. 2023. A chronologically reliable record of 17,000 years of biomass burning in the Lake Victoria area. Quaternary Science Reviews 301:107915. [DOI: https://doi.org/10.1016/j.quascirev.2022.107915]","A chronologically reliable record of 17,000 years of biomass burning in the Lake Victoria area","Quaternary Science Reviews",301,107915,1,14,"Temoltzin-Loranca","Y.","20036,8777,9974,15224,20037,13851,18278,20038,20039,20044,15357,9599","Temoltzin-Loranca, Y.|Gobet, E.|Vannière, B.|van Leeuwen, J.F.N.|Wienhues, G.|Szidat, S.|Courtney-Mustaphi, C.J.|Kishe, M.|Muschick, M.|Seehausen, O.|Grosjean, M.|Tinner, W.",15695,"18278,8777,15357,9224,20040,20038,20043,20041,20039,20042,20044,20036,9599,15224,9974,10026,20037","Morales-Molino, C.","Courtney-Mustaphi, C.J.|Gobet, E.|Grosjean, M.|Heiri, O.|King, L.|Kishe, M.|Matthews, B.|Misra, P.|Muschick, M.|Ngoepe, N.|Seehausen, O.|Temoltzin-Loranca, Y.|Tinner, W.|van Leeuwen, J.F.N.|Vannière, B.|Vogel, H.|Wienhues, G.","Pollen","LV4 pollen",1,"Temoltzin-Loranca et al. (2023)","Calendar years BP","True",NA,"rbacon",16700,-50,NA,"Temotzin-Loranca, Y.",15,20036,"Temoltzin-Loranca, Y.",NA,NA,NA,NA,"Radiocarbon"
71,1,1,1897,1,4,9666,188,0,1,0,0,0,0,0,0,0,0,1,8,8,0,0,3,0,0,0,0,4,0,0,0,0,0,0,1,0,0,52,0,0,0,1,0,0,0,2,0,0,0,0,0,0,11,0,1,0,0,0,1,0,0,1,0,0,0,0,0,0,1,0,4,0,0,11,0,0,0,0,0,0,0,0,2,0,0,0,32,4,1,18,0,0,0,0,11,0,0,1,0,0,0,0,0,153,19,17,0,0,0,1,0,0,0,0,1,0,4,0,0,0,0,3,0,0,0,0,0,0,0,7,0,1,1,0,0,"ml","number","spores/tablet","number","NISP","NISP","NISP","NISP","NISP","NISP","NISP","NISP","NISP","NISP","NISP","NISP","NISP","NISP","NISP","NISP","NISP","NISP","NISP","NISP","NISP","NISP","NISP","NISP","NISP","NISP","NISP","NISP","NISP","NISP","NISP","NISP","NISP","NISP","NISP","NISP","NISP","NISP","NISP","NISP","NISP","NISP","NISP","NISP","NISP","NISP","NISP","NISP","NISP","NISP","NISP","NISP","NISP","NISP","NISP","NISP","NISP","NISP","NISP","NISP","NISP","NISP","NISP","NISP","NISP","NISP","NISP","NISP","NISP","NISP","NISP","NISP","NISP","NISP","NISP","NISP","NISP","NISP","NISP","NISP","NISP","NISP","NISP","NISP","NISP","NISP","NISP","NISP","NISP","NISP","NISP","NISP","NISP","NISP","NISP","NISP","NISP","NISP","NISP","NISP","NISP","NISP","NISP","NISP","NISP","NISP","NISP","NISP","NISP","NISP","NISP","NISP","NISP","NISP","NISP","NISP","NISP","NISP","NISP","NISP","NISP","NISP","NISP","NISP","NISP","NISP","NISP","NISP","volume","quantity added","concentration","counted","pollen","pollen","pollen","pollen","pollen","pollen","pollen","pollen","pollen","pollen","pollen","pollen","pollen","pollen","pollen","pollen","pollen","spore","spore","pollen","pollen","pollen","pollen","pollen","pollen","pollen","spore","pollen","pollen","pollen","pollen","pollen","pollen","pollen","pollen","pollen","pollen","pollen","pollen","pollen","pollen","pollen","pollen","pollen","spore","pollen","spore","pollen","pollen","pollen","pollen","pollen","pollen","pollen","pollen","pollen","pollen","pollen","spore","pollen","pollen","pollen","pollen","pollen","pollen","pollen","pollen","pollen","pollen","pollen","pollen","spore","pollen","pollen","pollen","pollen","pollen","pollen","spore","pollen","pollen","pollen","pollen","pollen","pollen","pollen","pollen","pollen","spore","pollen","pollen","pollen","pollen","pollen","pollen","pollen","pollen","pollen","pollen/spore","pollen","pollen","pollen","spore","spore","pollen","pollen","pollen","pollen","pollen","pollen","spore","pollen","pollen","pollen","pollen","pollen","pollen","pollen","pollen","spore","pollen","pollen","pollen","pollen","pollen","pollen","pollen","pollen","Lake Victoria (Shirati Bay) LV4",33.7961333333333,33.7961333333333,-1.04943333333333,-1.04943333333333,1135,6880000,"Tanzania",NA,NA,NA,NA,68,33135,"LVC18_S4","Lake Victoria LV4","Core","UWITEC piston corer","2018-10-01",NA,"Natural Lake",63,"30 km away from the shore in the Shirati Bay",NA,NA,NA,NA,NA,NA,NA,"2,10,12,3,16",44877,"8777,15357,20039,20044,9599","Gobet, E.|Grosjean, M.|Muschick, M.|Seehausen, O.|Tinner, W.",1,"Depth",15,"Carbon-14","Radiocarbon years BP",117,2,"BE-16248",2890,100,100,1,100,"False","Charcoal","","Temotzin-Loranca et al. 2023",2,20036,"Temoltzin-Loranca, Y.",2990,2790,1,18278,18278,"Courtney-Mustaphi, Colin","Courtney-Mustaphi, C.J.","Courtney-Mustaphi","Colin","C.J.","Dr.","active","Department of Environmental Sciences
Geoecology
University of Basel
Basel, Switzerland","","","","",1,"false","journal article",20442,"https://doi.org/10.1016/j.quascirev.2022.107915",2023,"Temoltzin-Loranca, Y., E. Gobet, B. Vannière, J.F.N. van Leeuwen, G. Wienhues, S. Szidat, C. Courtney-Mustaphi, M. Kishe, M. Muschick, O. Seehausen, M. Grosjean, and W. Tinner. 2023. A chronologically reliable record of 17,000 years of biomass burning in the Lake Victoria area. Quaternary Science Reviews 301:107915. [DOI: https://doi.org/10.1016/j.quascirev.2022.107915]","A chronologically reliable record of 17,000 years of biomass burning in the Lake Victoria area","Quaternary Science Reviews",301,107915,1,14,"Temoltzin-Loranca","Y.","20036,8777,9974,15224,20037,13851,18278,20038,20039,20044,15357,9599","Temoltzin-Loranca, Y.|Gobet, E.|Vannière, B.|van Leeuwen, J.F.N.|Wienhues, G.|Szidat, S.|Courtney-Mustaphi, C.J.|Kishe, M.|Muschick, M.|Seehausen, O.|Grosjean, M.|Tinner, W.",15695,"18278,8777,15357,9224,20040,20038,20043,20041,20039,20042,20044,20036,9599,15224,9974,10026,20037","Morales-Molino, C.","Courtney-Mustaphi, C.J.|Gobet, E.|Grosjean, M.|Heiri, O.|King, L.|Kishe, M.|Matthews, B.|Misra, P.|Muschick, M.|Ngoepe, N.|Seehausen, O.|Temoltzin-Loranca, Y.|Tinner, W.|van Leeuwen, J.F.N.|Vannière, B.|Vogel, H.|Wienhues, G.","Pollen","LV4 pollen",1,"Temoltzin-Loranca et al. (2023)","Calendar years BP","True",NA,"rbacon",16700,-50,NA,"Temotzin-Loranca, Y.",15,20036,"Temoltzin-Loranca, Y.",NA,NA,NA,NA,"Radiocarbon"
103,1,1,2731,1,4,9666,243,0,0,0,1,1,0,0,0,2,0,1,16,10,0,0,6,0,0,0,0,8,1,0,0,0,0,0,0,0,0,65,0,0,1,3,0,0,0,3,0,1,0,0,0,0,15,0,0,1,0,0,0,0,0,1,0,0,0,0,0,0,1,0,3,0,0,10,1,1,0,0,1,0,1,0,4,0,1,4,43,0,0,28,1,1,0,0,16,0,0,0,0,0,0,0,0,158,17,15,0,0,0,0,0,0,0,0,0,0,0,0,0,1,0,5,0,0,0,0,0,0,0,7,0,4,0,0,0,"ml","number","spores/tablet","number","NISP","NISP","NISP","NISP","NISP","NISP","NISP","NISP","NISP","NISP","NISP","NISP","NISP","NISP","NISP","NISP","NISP","NISP","NISP","NISP","NISP","NISP","NISP","NISP","NISP","NISP","NISP","NISP","NISP","NISP","NISP","NISP","NISP","NISP","NISP","NISP","NISP","NISP","NISP","NISP","NISP","NISP","NISP","NISP","NISP","NISP","NISP","NISP","NISP","NISP","NISP","NISP","NISP","NISP","NISP","NISP","NISP","NISP","NISP","NISP","NISP","NISP","NISP","NISP","NISP","NISP","NISP","NISP","NISP","NISP","NISP","NISP","NISP","NISP","NISP","NISP","NISP","NISP","NISP","NISP","NISP","NISP","NISP","NISP","NISP","NISP","NISP","NISP","NISP","NISP","NISP","NISP","NISP","NISP","NISP","NISP","NISP","NISP","NISP","NISP","NISP","NISP","NISP","NISP","NISP","NISP","NISP","NISP","NISP","NISP","NISP","NISP","NISP","NISP","NISP","NISP","NISP","NISP","NISP","NISP","NISP","NISP","NISP","NISP","NISP","NISP","NISP","NISP","volume","quantity added","concentration","counted","pollen","pollen","pollen","pollen","pollen","pollen","pollen","pollen","pollen","pollen","pollen","pollen","pollen","pollen","pollen","pollen","pollen","spore","spore","pollen","pollen","pollen","pollen","pollen","pollen","pollen","spore","pollen","pollen","pollen","pollen","pollen","pollen","pollen","pollen","pollen","pollen","pollen","pollen","pollen","pollen","pollen","pollen","pollen","spore","pollen","spore","pollen","pollen","pollen","pollen","pollen","pollen","pollen","pollen","pollen","pollen","pollen","spore","pollen","pollen","pollen","pollen","pollen","pollen","pollen","pollen","pollen","pollen","pollen","pollen","spore","pollen","pollen","pollen","pollen","pollen","pollen","spore","pollen","pollen","pollen","pollen","pollen","pollen","pollen","pollen","pollen","spore","pollen","pollen","pollen","pollen","pollen","pollen","pollen","pollen","pollen","pollen/spore","pollen","pollen","pollen","spore","spore","pollen","pollen","pollen","pollen","pollen","pollen","spore","pollen","pollen","pollen","pollen","pollen","pollen","pollen","pollen","spore","pollen","pollen","pollen","pollen","pollen","pollen","pollen","pollen","Lake Victoria (Shirati Bay) LV4",33.7961333333333,33.7961333333333,-1.04943333333333,-1.04943333333333,1135,6880000,"Tanzania",NA,NA,NA,NA,68,33135,"LVC18_S4","Lake Victoria LV4","Core","UWITEC piston corer","2018-10-01",NA,"Natural Lake",63,"30 km away from the shore in the Shirati Bay",NA,NA,NA,NA,NA,NA,NA,"2,10,12,3,16",44877,"8777,15357,20039,20044,9599","Gobet, E.|Grosjean, M.|Muschick, M.|Seehausen, O.|Tinner, W.",1,"Depth",15,"Carbon-14","Radiocarbon years BP",117,2,"BE-16248",2890,100,100,1,100,"False","Charcoal","","Temotzin-Loranca et al. 2023",2,20036,"Temoltzin-Loranca, Y.",2990,2790,1,18278,18278,"Courtney-Mustaphi, Colin","Courtney-Mustaphi, C.J.","Courtney-Mustaphi","Colin","C.J.","Dr.","active","Department of Environmental Sciences
Geoecology
University of Basel
Basel, Switzerland","","","","",1,"false","journal article",20442,"https://doi.org/10.1016/j.quascirev.2022.107915",2023,"Temoltzin-Loranca, Y., E. Gobet, B. Vannière, J.F.N. van Leeuwen, G. Wienhues, S. Szidat, C. Courtney-Mustaphi, M. Kishe, M. Muschick, O. Seehausen, M. Grosjean, and W. Tinner. 2023. A chronologically reliable record of 17,000 years of biomass burning in the Lake Victoria area. Quaternary Science Reviews 301:107915. [DOI: https://doi.org/10.1016/j.quascirev.2022.107915]","A chronologically reliable record of 17,000 years of biomass burning in the Lake Victoria area","Quaternary Science Reviews",301,107915,1,2,"Gobet","E.","20036,8777,9974,15224,20037,13851,18278,20038,20039,20044,15357,9599","Temoltzin-Loranca, Y.|Gobet, E.|Vannière, B.|van Leeuwen, J.F.N.|Wienhues, G.|Szidat, S.|Courtney-Mustaphi, C.J.|Kishe, M.|Muschick, M.|Seehausen, O.|Grosjean, M.|Tinner, W.",15695,"18278,8777,15357,9224,20040,20038,20043,20041,20039,20042,20044,20036,9599,15224,9974,10026,20037","Morales-Molino, C.","Courtney-Mustaphi, C.J.|Gobet, E.|Grosjean, M.|Heiri, O.|King, L.|Kishe, M.|Matthews, B.|Misra, P.|Muschick, M.|Ngoepe, N.|Seehausen, O.|Temoltzin-Loranca, Y.|Tinner, W.|van Leeuwen, J.F.N.|Vannière, B.|Vogel, H.|Wienhues, G.","Pollen","LV4 pollen",1,"Temoltzin-Loranca et al. (2023)","Calendar years BP","True",NA,"rbacon",16700,-50,NA,"Temotzin-Loranca, Y.",15,20036,"Temoltzin-Loranca, Y.",NA,NA,NA,NA,"Radiocarbon"
105,1,1,2752,1,4,9666,243,0,0,0,1,1,0,0,0,2,0,1,16,10,0,0,6,0,0,0,0,8,1,0,0,0,0,0,0,0,0,65,0,0,1,3,0,0,0,3,0,1,0,0,0,0,15,0,0,1,0,0,0,0,0,1,0,0,0,0,0,0,1,0,3,0,0,10,1,1,0,0,1,0,1,0,4,0,1,4,43,0,0,28,1,0,0,0,16,0,0,0,0,0,0,0,0,158,17,15,0,0,0,0,0,0,0,0,0,0,1,0,0,0,0,5,0,0,0,0,1,0,0,7,0,4,0,0,0,"ml","number","spores/tablet","number","NISP","NISP","NISP","NISP","NISP","NISP","NISP","NISP","NISP","NISP","NISP","NISP","NISP","NISP","NISP","NISP","NISP","NISP","NISP","NISP","NISP","NISP","NISP","NISP","NISP","NISP","NISP","NISP","NISP","NISP","NISP","NISP","NISP","NISP","NISP","NISP","NISP","NISP","NISP","NISP","NISP","NISP","NISP","NISP","NISP","NISP","NISP","NISP","NISP","NISP","NISP","NISP","NISP","NISP","NISP","NISP","NISP","NISP","NISP","NISP","NISP","NISP","NISP","NISP","NISP","NISP","NISP","NISP","NISP","NISP","NISP","NISP","NISP","NISP","NISP","NISP","NISP","NISP","NISP","NISP","NISP","NISP","NISP","NISP","NISP","NISP","NISP","NISP","NISP","NISP","NISP","NISP","NISP","NISP","NISP","NISP","NISP","NISP","NISP","NISP","NISP","NISP","NISP","NISP","NISP","NISP","NISP","NISP","NISP","NISP","NISP","NISP","NISP","NISP","NISP","NISP","NISP","NISP","NISP","NISP","NISP","NISP","NISP","NISP","NISP","NISP","NISP","NISP","volume","quantity added","concentration","counted","pollen","pollen","pollen","pollen","pollen","pollen","pollen","pollen","pollen","pollen","pollen","pollen","pollen","pollen","pollen","pollen","pollen","spore","spore","pollen","pollen","pollen","pollen","pollen","pollen","pollen","spore","pollen","pollen","pollen","pollen","pollen","pollen","pollen","pollen","pollen","pollen","pollen","pollen","pollen","pollen","pollen","pollen","pollen","spore","pollen","spore","pollen","pollen","pollen","pollen","pollen","pollen","pollen","pollen","pollen","pollen","pollen","spore","pollen","pollen","pollen","pollen","pollen","pollen","pollen","pollen","pollen","pollen","pollen","pollen","spore","pollen","pollen","pollen","pollen","pollen","pollen","spore","pollen","pollen","pollen","pollen","pollen","pollen","pollen","pollen","pollen","spore","pollen","pollen","pollen","pollen","pollen","pollen","pollen","pollen","pollen","pollen/spore","pollen","pollen","pollen","spore","spore","pollen","pollen","pollen","pollen","pollen","pollen","spore","pollen","pollen","pollen","pollen","pollen","pollen","pollen","pollen","spore","pollen","pollen","pollen","pollen","pollen","pollen","pollen","pollen","Lake Victoria (Shirati Bay) LV4",33.7961333333333,33.7961333333333,-1.04943333333333,-1.04943333333333,1135,6880000,"Tanzania",NA,NA,NA,NA,68,33135,"LVC18_S4","Lake Victoria LV4","Core","UWITEC piston corer","2018-10-01",NA,"Natural Lake",63,"30 km away from the shore in the Shirati Bay",NA,NA,NA,NA,NA,NA,NA,"2,10,12,3,16",44877,"8777,15357,20039,20044,9599","Gobet, E.|Grosjean, M.|Muschick, M.|Seehausen, O.|Tinner, W.",2,"Depth",15,"Carbon-14","Radiocarbon years BP",146,4,"BE-16249",3290,70,70,1,70,"False","Charcoal","Corrected to 2830 +/- 410 radiocarbon years BP","Temotzin-Loranca et al. 2023",2,20036,"Temoltzin-Loranca, Y.",3360,3220,1,18278,18278,"Courtney-Mustaphi, Colin","Courtney-Mustaphi, C.J.","Courtney-Mustaphi","Colin","C.J.","Dr.","active","Department of Environmental Sciences
Geoecology
University of Basel
Basel, Switzerland","","","","",1,"false","journal article",20442,"https://doi.org/10.1016/j.quascirev.2022.107915",2023,"Temoltzin-Loranca, Y., E. Gobet, B. Vannière, J.F.N. van Leeuwen, G. Wienhues, S. Szidat, C. Courtney-Mustaphi, M. Kishe, M. Muschick, O. Seehausen, M. Grosjean, and W. Tinner. 2023. A chronologically reliable record of 17,000 years of biomass burning in the Lake Victoria area. Quaternary Science Reviews 301:107915. [DOI: https://doi.org/10.1016/j.quascirev.2022.107915]","A chronologically reliable record of 17,000 years of biomass burning in the Lake Victoria area","Quaternary Science Reviews",301,107915,1,2,"Gobet","E.","20036,8777,9974,15224,20037,13851,18278,20038,20039,20044,15357,9599","Temoltzin-Loranca, Y.|Gobet, E.|Vannière, B.|van Leeuwen, J.F.N.|Wienhues, G.|Szidat, S.|Courtney-Mustaphi, C.J.|Kishe, M.|Muschick, M.|Seehausen, O.|Grosjean, M.|Tinner, W.",15695,"18278,8777,15357,9224,20040,20038,20043,20041,20039,20042,20044,20036,9599,15224,9974,10026,20037","Morales-Molino, C.","Courtney-Mustaphi, C.J.|Gobet, E.|Grosjean, M.|Heiri, O.|King, L.|Kishe, M.|Matthews, B.|Misra, P.|Muschick, M.|Ngoepe, N.|Seehausen, O.|Temoltzin-Loranca, Y.|Tinner, W.|van Leeuwen, J.F.N.|Vannière, B.|Vogel, H.|Wienhues, G.","Pollen","LV4 pollen",1,"Temoltzin-Loranca et al. (2023)","Calendar years BP","True",NA,"rbacon",16700,-50,NA,"Temotzin-Loranca, Y.",15,20036,"Temoltzin-Loranca, Y.",NA,NA,NA,NA,"Radiocarbon"
137,1,1,3388,1,4,9666,138,0,0,0,0,0,0,2,0,0,0,0,8,7,0,0,1,0,0,0,1,2,0,0,0,0,0,0,0,0,0,67,0,0,0,2,0,0,0,2,0,1,1,0,0,0,17,0,1,0,2,0,0,1,0,1,0,0,0,0,0,0,0,0,1,0,0,7,0,0,0,0,0,0,1,0,3,0,1,1,47,0,0,16,7,0,0,0,11,0,0,1,0,0,0,0,0,160,12,13,0,0,0,1,0,0,0,0,0,0,0,0,0,0,0,2,0,0,0,0,0,3,0,7,1,3,1,0,0,"ml","number","spores/tablet","number","NISP","NISP","NISP","NISP","NISP","NISP","NISP","NISP","NISP","NISP","NISP","NISP","NISP","NISP","NISP","NISP","NISP","NISP","NISP","NISP","NISP","NISP","NISP","NISP","NISP","NISP","NISP","NISP","NISP","NISP","NISP","NISP","NISP","NISP","NISP","NISP","NISP","NISP","NISP","NISP","NISP","NISP","NISP","NISP","NISP","NISP","NISP","NISP","NISP","NISP","NISP","NISP","NISP","NISP","NISP","NISP","NISP","NISP","NISP","NISP","NISP","NISP","NISP","NISP","NISP","NISP","NISP","NISP","NISP","NISP","NISP","NISP","NISP","NISP","NISP","NISP","NISP","NISP","NISP","NISP","NISP","NISP","NISP","NISP","NISP","NISP","NISP","NISP","NISP","NISP","NISP","NISP","NISP","NISP","NISP","NISP","NISP","NISP","NISP","NISP","NISP","NISP","NISP","NISP","NISP","NISP","NISP","NISP","NISP","NISP","NISP","NISP","NISP","NISP","NISP","NISP","NISP","NISP","NISP","NISP","NISP","NISP","NISP","NISP","NISP","NISP","NISP","NISP","volume","quantity added","concentration","counted","pollen","pollen","pollen","pollen","pollen","pollen","pollen","pollen","pollen","pollen","pollen","pollen","pollen","pollen","pollen","pollen","pollen","spore","spore","pollen","pollen","pollen","pollen","pollen","pollen","pollen","spore","pollen","pollen","pollen","pollen","pollen","pollen","pollen","pollen","pollen","pollen","pollen","pollen","pollen","pollen","pollen","pollen","pollen","spore","pollen","spore","pollen","pollen","pollen","pollen","pollen","pollen","pollen","pollen","pollen","pollen","pollen","spore","pollen","pollen","pollen","pollen","pollen","pollen","pollen","pollen","pollen","pollen","pollen","pollen","spore","pollen","pollen","pollen","pollen","pollen","pollen","spore","pollen","pollen","pollen","pollen","pollen","pollen","pollen","pollen","pollen","spore","pollen","pollen","pollen","pollen","pollen","pollen","pollen","pollen","pollen","pollen/spore","pollen","pollen","pollen","spore","spore","pollen","pollen","pollen","pollen","pollen","pollen","spore","pollen","pollen","pollen","pollen","pollen","pollen","pollen","pollen","spore","pollen","pollen","pollen","pollen","pollen","pollen","pollen","pollen","Lake Victoria (Shirati Bay) LV4",33.7961333333333,33.7961333333333,-1.04943333333333,-1.04943333333333,1135,6880000,"Tanzania",NA,NA,NA,NA,68,33135,"LVC18_S4","Lake Victoria LV4","Core","UWITEC piston corer","2018-10-01",NA,"Natural Lake",63,"30 km away from the shore in the Shirati Bay",NA,NA,NA,NA,NA,NA,NA,"2,10,12,3,16",44877,"8777,15357,20039,20044,9599","Gobet, E.|Grosjean, M.|Muschick, M.|Seehausen, O.|Tinner, W.",2,"Depth",15,"Carbon-14","Radiocarbon years BP",146,4,"BE-16249",3290,70,70,1,70,"False","Charcoal","Corrected to 2830 +/- 410 radiocarbon years BP","Temotzin-Loranca et al. 2023",2,20036,"Temoltzin-Loranca, Y.",3360,3220,1,18278,18278,"Courtney-Mustaphi, Colin","Courtney-Mustaphi, C.J.","Courtney-Mustaphi","Colin","C.J.","Dr.","active","Department of Environmental Sciences
Geoecology
University of Basel
Basel, Switzerland","","","","",1,"false","journal article",20442,"https://doi.org/10.1016/j.quascirev.2022.107915",2023,"Temoltzin-Loranca, Y., E. Gobet, B. Vannière, J.F.N. van Leeuwen, G. Wienhues, S. Szidat, C. Courtney-Mustaphi, M. Kishe, M. Muschick, O. Seehausen, M. Grosjean, and W. Tinner. 2023. A chronologically reliable record of 17,000 years of biomass burning in the Lake Victoria area. Quaternary Science Reviews 301:107915. [DOI: https://doi.org/10.1016/j.quascirev.2022.107915]","A chronologically reliable record of 17,000 years of biomass burning in the Lake Victoria area","Quaternary Science Reviews",301,107915,1,2,"Gobet","E.","20036,8777,9974,15224,20037,13851,18278,20038,20039,20044,15357,9599","Temoltzin-Loranca, Y.|Gobet, E.|Vannière, B.|van Leeuwen, J.F.N.|Wienhues, G.|Szidat, S.|Courtney-Mustaphi, C.J.|Kishe, M.|Muschick, M.|Seehausen, O.|Grosjean, M.|Tinner, W.",15695,"18278,8777,15357,9224,20040,20038,20043,20041,20039,20042,20044,20036,9599,15224,9974,10026,20037","Morales-Molino, C.","Courtney-Mustaphi, C.J.|Gobet, E.|Grosjean, M.|Heiri, O.|King, L.|Kishe, M.|Matthews, B.|Misra, P.|Muschick, M.|Ngoepe, N.|Seehausen, O.|Temoltzin-Loranca, Y.|Tinner, W.|van Leeuwen, J.F.N.|Vannière, B.|Vogel, H.|Wienhues, G.","Pollen","LV4 pollen",1,"Temoltzin-Loranca et al. (2023)","Calendar years BP","True",NA,"rbacon",16700,-50,NA,"Temotzin-Loranca, Y.",15,20036,"Temoltzin-Loranca, Y.",NA,NA,NA,NA,"Radiocarbon"
139,1,1,3403,1,4,9666,138,0,0,0,0,0,0,2,0,0,0,0,8,7,0,0,1,0,0,0,1,2,0,0,0,0,0,0,0,0,0,67,0,0,0,2,0,0,0,2,0,1,1,0,0,0,17,0,1,0,2,0,0,1,0,1,0,0,0,0,0,0,0,0,1,0,0,7,0,0,0,0,0,0,1,0,3,0,1,1,47,0,0,16,7,0,0,0,11,0,0,1,0,0,0,0,0,160,0,13,0,0,0,1,0,0,0,0,0,0,0,0,0,0,0,2,0,0,0,0,0,3,0,7,1,3,1,0,0,"ml","number","spores/tablet","number","NISP","NISP","NISP","NISP","NISP","NISP","NISP","NISP","NISP","NISP","NISP","NISP","NISP","NISP","NISP","NISP","NISP","NISP","NISP","NISP","NISP","NISP","NISP","NISP","NISP","NISP","NISP","NISP","NISP","NISP","NISP","NISP","NISP","NISP","NISP","NISP","NISP","NISP","NISP","NISP","NISP","NISP","NISP","NISP","NISP","NISP","NISP","NISP","NISP","NISP","NISP","NISP","NISP","NISP","NISP","NISP","NISP","NISP","NISP","NISP","NISP","NISP","NISP","NISP","NISP","NISP","NISP","NISP","NISP","NISP","NISP","NISP","NISP","NISP","NISP","NISP","NISP","NISP","NISP","NISP","NISP","NISP","NISP","NISP","NISP","NISP","NISP","NISP","NISP","NISP","NISP","NISP","NISP","NISP","NISP","NISP","NISP","NISP","NISP","NISP","NISP","NISP","NISP","NISP","NISP","NISP","NISP","NISP","NISP","NISP","NISP","NISP","NISP","NISP","NISP","NISP","NISP","NISP","NISP","NISP","NISP","NISP","NISP","NISP","NISP","NISP","NISP","NISP","volume","quantity added","concentration","counted","pollen","pollen","pollen","pollen","pollen","pollen","pollen","pollen","pollen","pollen","pollen","pollen","pollen","pollen","pollen","pollen","pollen","spore","spore","pollen","pollen","pollen","pollen","pollen","pollen","pollen","spore","pollen","pollen","pollen","pollen","pollen","pollen","pollen","pollen","pollen","pollen","pollen","pollen","pollen","pollen","pollen","pollen","pollen","spore","pollen","spore","pollen","pollen","pollen","pollen","pollen","pollen","pollen","pollen","pollen","pollen","pollen","spore","pollen","pollen","pollen","pollen","pollen","pollen","pollen","pollen","pollen","pollen","pollen","pollen","spore","pollen","pollen","pollen","pollen","pollen","pollen","spore","pollen","pollen","pollen","pollen","pollen","pollen","pollen","pollen","pollen","spore","pollen","pollen","pollen","pollen","pollen","pollen","pollen","pollen","pollen","pollen/spore","pollen","pollen","pollen","spore","spore","pollen","pollen","pollen","pollen","pollen","pollen","spore","pollen","pollen","pollen","pollen","pollen","pollen","pollen","pollen","spore","pollen","pollen","pollen","pollen","pollen","pollen","pollen","pollen","Lake Victoria (Shirati Bay) LV4",33.7961333333333,33.7961333333333,-1.04943333333333,-1.04943333333333,1135,6880000,"Tanzania",NA,NA,NA,NA,68,33135,"LVC18_S4","Lake Victoria LV4","Core","UWITEC piston corer","2018-10-01",NA,"Natural Lake",63,"30 km away from the shore in the Shirati Bay",NA,NA,NA,NA,NA,NA,NA,"2,10,12,3,16",44877,"8777,15357,20039,20044,9599","Gobet, E.|Grosjean, M.|Muschick, M.|Seehausen, O.|Tinner, W.",2,"Depth",15,"Carbon-14","Radiocarbon years BP",146,4,"BE-16249",3290,70,70,1,70,"False","Charcoal","Corrected to 2830 +/- 410 radiocarbon years BP","Temotzin-Loranca et al. 2023",2,20036,"Temoltzin-Loranca, Y.",3360,3220,2,8777,8777,"Gobet, Erika","Gobet, E.","Gobet","Erika","E.","Dr.","active","Institute of Plant Sciences & Oeschger Centre for Climate Change Research
University of Bern
Altenbergrain 21
CH-3013 Bern
Switzerland","erika.gobet@ips.unibe.ch","","","",1,"false","journal article",20442,"https://doi.org/10.1016/j.quascirev.2022.107915",2023,"Temoltzin-Loranca, Y., E. Gobet, B. Vannière, J.F.N. van Leeuwen, G. Wienhues, S. Szidat, C. Courtney-Mustaphi, M. Kishe, M. Muschick, O. Seehausen, M. Grosjean, and W. Tinner. 2023. A chronologically reliable record of 17,000 years of biomass burning in the Lake Victoria area. Quaternary Science Reviews 301:107915. [DOI: https://doi.org/10.1016/j.quascirev.2022.107915]","A chronologically reliable record of 17,000 years of biomass burning in the Lake Victoria area","Quaternary Science Reviews",301,107915,1,2,"Gobet","E.","20036,8777,9974,15224,20037,13851,18278,20038,20039,20044,15357,9599","Temoltzin-Loranca, Y.|Gobet, E.|Vannière, B.|van Leeuwen, J.F.N.|Wienhues, G.|Szidat, S.|Courtney-Mustaphi, C.J.|Kishe, M.|Muschick, M.|Seehausen, O.|Grosjean, M.|Tinner, W.",15695,"18278,8777,15357,9224,20040,20038,20043,20041,20039,20042,20044,20036,9599,15224,9974,10026,20037","Morales-Molino, C.","Courtney-Mustaphi, C.J.|Gobet, E.|Grosjean, M.|Heiri, O.|King, L.|Kishe, M.|Matthews, B.|Misra, P.|Muschick, M.|Ngoepe, N.|Seehausen, O.|Temoltzin-Loranca, Y.|Tinner, W.|van Leeuwen, J.F.N.|Vannière, B.|Vogel, H.|Wienhues, G.","Pollen","LV4 pollen",1,"Temoltzin-Loranca et al. (2023)","Calendar years BP","True",NA,"rbacon",16700,-50,NA,"Temotzin-Loranca, Y.",15,20036,"Temoltzin-Loranca, Y.",NA,NA,NA,NA,"Radiocarbon"
171,1,1,4043,1,4,9666,123,0,0,0,2,0,0,0,0,0,0,0,12,9,0,0,1,0,0,0,0,8,0,0,0,0,0,0,1,0,0,74,0,0,0,0,0,0,0,3,0,1,0,0,0,0,8,0,0,0,0,0,0,0,0,0,0,0,1,0,0,0,1,0,0,0,0,4,0,0,0,0,0,0,0,0,1,1,2,2,50,2,0,24,1,1,0,0,12,0,0,0,0,0,0,1,0,107,17,14,0,0,0,0,0,0,0,0,0,0,0,0,1,0,2,2,0,0,1,0,0,1,0,6,1,4,1,0,0,"ml","number","spores/tablet","number","NISP","NISP","NISP","NISP","NISP","NISP","NISP","NISP","NISP","NISP","NISP","NISP","NISP","NISP","NISP","NISP","NISP","NISP","NISP","NISP","NISP","NISP","NISP","NISP","NISP","NISP","NISP","NISP","NISP","NISP","NISP","NISP","NISP","NISP","NISP","NISP","NISP","NISP","NISP","NISP","NISP","NISP","NISP","NISP","NISP","NISP","NISP","NISP","NISP","NISP","NISP","NISP","NISP","NISP","NISP","NISP","NISP","NISP","NISP","NISP","NISP","NISP","NISP","NISP","NISP","NISP","NISP","NISP","NISP","NISP","NISP","NISP","NISP","NISP","NISP","NISP","NISP","NISP","NISP","NISP","NISP","NISP","NISP","NISP","NISP","NISP","NISP","NISP","NISP","NISP","NISP","NISP","NISP","NISP","NISP","NISP","NISP","NISP","NISP","NISP","NISP","NISP","NISP","NISP","NISP","NISP","NISP","NISP","NISP","NISP","NISP","NISP","NISP","NISP","NISP","NISP","NISP","NISP","NISP","NISP","NISP","NISP","NISP","NISP","NISP","NISP","NISP","NISP","volume","quantity added","concentration","counted","pollen","pollen","pollen","pollen","pollen","pollen","pollen","pollen","pollen","pollen","pollen","pollen","pollen","pollen","pollen","pollen","pollen","spore","spore","pollen","pollen","pollen","pollen","pollen","pollen","pollen","spore","pollen","pollen","pollen","pollen","pollen","pollen","pollen","pollen","pollen","pollen","pollen","pollen","pollen","pollen","pollen","pollen","pollen","spore","pollen","spore","pollen","pollen","pollen","pollen","pollen","pollen","pollen","pollen","pollen","pollen","pollen","spore","pollen","pollen","pollen","pollen","pollen","pollen","pollen","pollen","pollen","pollen","pollen","pollen","spore","pollen","pollen","pollen","pollen","pollen","pollen","spore","pollen","pollen","pollen","pollen","pollen","pollen","pollen","pollen","pollen","spore","pollen","pollen","pollen","pollen","pollen","pollen","pollen","pollen","pollen","pollen/spore","pollen","pollen","pollen","spore","spore","pollen","pollen","pollen","pollen","pollen","pollen","spore","pollen","pollen","pollen","pollen","pollen","pollen","pollen","pollen","spore","pollen","pollen","pollen","pollen","pollen","pollen","pollen","pollen","Lake Victoria (Shirati Bay) LV4",33.7961333333333,33.7961333333333,-1.04943333333333,-1.04943333333333,1135,6880000,"Tanzania",NA,NA,NA,NA,68,33135,"LVC18_S4","Lake Victoria LV4","Core","UWITEC piston corer","2018-10-01",NA,"Natural Lake",63,"30 km away from the shore in the Shirati Bay",NA,NA,NA,NA,NA,NA,NA,"2,10,12,3,16",44877,"8777,15357,20039,20044,9599","Gobet, E.|Grosjean, M.|Muschick, M.|Seehausen, O.|Tinner, W.",2,"Depth",15,"Carbon-14","Radiocarbon years BP",146,4,"BE-16249",3290,70,70,1,70,"False","Charcoal","Corrected to 2830 +/- 410 radiocarbon years BP","Temotzin-Loranca et al. 2023",2,20036,"Temoltzin-Loranca, Y.",3360,3220,2,8777,8777,"Gobet, Erika","Gobet, E.","Gobet","Erika","E.","Dr.","active","Institute of Plant Sciences & Oeschger Centre for Climate Change Research
University of Bern
Altenbergrain 21
CH-3013 Bern
Switzerland","erika.gobet@ips.unibe.ch","","","",1,"false","journal article",20442,"https://doi.org/10.1016/j.quascirev.2022.107915",2023,"Temoltzin-Loranca, Y., E. Gobet, B. Vannière, J.F.N. van Leeuwen, G. Wienhues, S. Szidat, C. Courtney-Mustaphi, M. Kishe, M. Muschick, O. Seehausen, M. Grosjean, and W. Tinner. 2023. A chronologically reliable record of 17,000 years of biomass burning in the Lake Victoria area. Quaternary Science Reviews 301:107915. [DOI: https://doi.org/10.1016/j.quascirev.2022.107915]","A chronologically reliable record of 17,000 years of biomass burning in the Lake Victoria area","Quaternary Science Reviews",301,107915,1,2,"Gobet","E.","20036,8777,9974,15224,20037,13851,18278,20038,20039,20044,15357,9599","Temoltzin-Loranca, Y.|Gobet, E.|Vannière, B.|van Leeuwen, J.F.N.|Wienhues, G.|Szidat, S.|Courtney-Mustaphi, C.J.|Kishe, M.|Muschick, M.|Seehausen, O.|Grosjean, M.|Tinner, W.",15695,"18278,8777,15357,9224,20040,20038,20043,20041,20039,20042,20044,20036,9599,15224,9974,10026,20037","Morales-Molino, C.","Courtney-Mustaphi, C.J.|Gobet, E.|Grosjean, M.|Heiri, O.|King, L.|Kishe, M.|Matthews, B.|Misra, P.|Muschick, M.|Ngoepe, N.|Seehausen, O.|Temoltzin-Loranca, Y.|Tinner, W.|van Leeuwen, J.F.N.|Vannière, B.|Vogel, H.|Wienhues, G.","Pollen","LV4 pollen",1,"Temoltzin-Loranca et al. (2023)","Calendar years BP","True",NA,"rbacon",16700,-50,NA,"Temotzin-Loranca, Y.",15,20036,"Temoltzin-Loranca, Y.",NA,NA,NA,NA,"Radiocarbon"
173,1,1,4069,1,4,9666,123,0,0,0,2,0,0,0,0,0,0,0,12,9,0,0,1,0,0,0,0,8,0,0,0,0,0,0,1,0,0,74,0,0,0,0,0,0,0,3,0,1,0,0,0,0,8,0,0,0,0,0,0,0,0,0,0,0,1,0,0,0,1,0,0,0,0,4,0,0,0,0,0,0,0,0,1,1,2,2,50,2,0,24,1,0,0,0,12,0,0,0,0,0,0,1,0,107,17,14,0,0,0,0,0,0,0,0,0,0,1,0,0,0,2,2,0,0,1,0,0,1,0,6,1,4,1,0,0,"ml","number","spores/tablet","number","NISP","NISP","NISP","NISP","NISP","NISP","NISP","NISP","NISP","NISP","NISP","NISP","NISP","NISP","NISP","NISP","NISP","NISP","NISP","NISP","NISP","NISP","NISP","NISP","NISP","NISP","NISP","NISP","NISP","NISP","NISP","NISP","NISP","NISP","NISP","NISP","NISP","NISP","NISP","NISP","NISP","NISP","NISP","NISP","NISP","NISP","NISP","NISP","NISP","NISP","NISP","NISP","NISP","NISP","NISP","NISP","NISP","NISP","NISP","NISP","NISP","NISP","NISP","NISP","NISP","NISP","NISP","NISP","NISP","NISP","NISP","NISP","NISP","NISP","NISP","NISP","NISP","NISP","NISP","NISP","NISP","NISP","NISP","NISP","NISP","NISP","NISP","NISP","NISP","NISP","NISP","NISP","NISP","NISP","NISP","NISP","NISP","NISP","NISP","NISP","NISP","NISP","NISP","NISP","NISP","NISP","NISP","NISP","NISP","NISP","NISP","NISP","NISP","NISP","NISP","NISP","NISP","NISP","NISP","NISP","NISP","NISP","NISP","NISP","NISP","NISP","NISP","NISP","volume","quantity added","concentration","counted","pollen","pollen","pollen","pollen","pollen","pollen","pollen","pollen","pollen","pollen","pollen","pollen","pollen","pollen","pollen","pollen","pollen","spore","spore","pollen","pollen","pollen","pollen","pollen","pollen","pollen","spore","pollen","pollen","pollen","pollen","pollen","pollen","pollen","pollen","pollen","pollen","pollen","pollen","pollen","pollen","pollen","pollen","pollen","spore","pollen","spore","pollen","pollen","pollen","pollen","pollen","pollen","pollen","pollen","pollen","pollen","pollen","spore","pollen","pollen","pollen","pollen","pollen","pollen","pollen","pollen","pollen","pollen","pollen","pollen","spore","pollen","pollen","pollen","pollen","pollen","pollen","spore","pollen","pollen","pollen","pollen","pollen","pollen","pollen","pollen","pollen","spore","pollen","pollen","pollen","pollen","pollen","pollen","pollen","pollen","pollen","pollen/spore","pollen","pollen","pollen","spore","spore","pollen","pollen","pollen","pollen","pollen","pollen","spore","pollen","pollen","pollen","pollen","pollen","pollen","pollen","pollen","spore","pollen","pollen","pollen","pollen","pollen","pollen","pollen","pollen","Lake Victoria (Shirati Bay) LV4",33.7961333333333,33.7961333333333,-1.04943333333333,-1.04943333333333,1135,6880000,"Tanzania",NA,NA,NA,NA,68,33135,"LVC18_S4","Lake Victoria LV4","Core","UWITEC piston corer","2018-10-01",NA,"Natural Lake",63,"30 km away from the shore in the Shirati Bay",NA,NA,NA,NA,NA,NA,NA,"2,10,12,3,16",44877,"8777,15357,20039,20044,9599","Gobet, E.|Grosjean, M.|Muschick, M.|Seehausen, O.|Tinner, W.",2,"Depth",15,"Carbon-14","Radiocarbon years BP",146,4,"BE-16249",3290,70,70,1,70,"False","Charcoal","Corrected to 2830 +/- 410 radiocarbon years BP","Temotzin-Loranca et al. 2023",2,20036,"Temoltzin-Loranca, Y.",3360,3220,2,8777,8777,"Gobet, Erika","Gobet, E.","Gobet","Erika","E.","Dr.","active","Institute of Plant Sciences & Oeschger Centre for Climate Change Research
University of Bern
Altenbergrain 21
CH-3013 Bern
Switzerland","erika.gobet@ips.unibe.ch","","","",1,"false","journal article",20442,"https://doi.org/10.1016/j.quascirev.2022.107915",2023,"Temoltzin-Loranca, Y., E. Gobet, B. Vannière, J.F.N. van Leeuwen, G. Wienhues, S. Szidat, C. Courtney-Mustaphi, M. Kishe, M. Muschick, O. Seehausen, M. Grosjean, and W. Tinner. 2023. A chronologically reliable record of 17,000 years of biomass burning in the Lake Victoria area. Quaternary Science Reviews 301:107915. [DOI: https://doi.org/10.1016/j.quascirev.2022.107915]","A chronologically reliable record of 17,000 years of biomass burning in the Lake Victoria area","Quaternary Science Reviews",301,107915,1,2,"Gobet","E.","20036,8777,9974,15224,20037,13851,18278,20038,20039,20044,15357,9599","Temoltzin-Loranca, Y.|Gobet, E.|Vannière, B.|van Leeuwen, J.F.N.|Wienhues, G.|Szidat, S.|Courtney-Mustaphi, C.J.|Kishe, M.|Muschick, M.|Seehausen, O.|Grosjean, M.|Tinner, W.",15695,"18278,8777,15357,9224,20040,20038,20043,20041,20039,20042,20044,20036,9599,15224,9974,10026,20037","Morales-Molino, C.","Courtney-Mustaphi, C.J.|Gobet, E.|Grosjean, M.|Heiri, O.|King, L.|Kishe, M.|Matthews, B.|Misra, P.|Muschick, M.|Ngoepe, N.|Seehausen, O.|Temoltzin-Loranca, Y.|Tinner, W.|van Leeuwen, J.F.N.|Vannière, B.|Vogel, H.|Wienhues, G.","Pollen","LV4 pollen",1,"Temoltzin-Loranca et al. (2023)","Calendar years BP","True",NA,"rbacon",16700,-50,NA,"Temotzin-Loranca, Y.",15,20036,"Temoltzin-Loranca, Y.",NA,NA,NA,NA,"Radiocarbon"
205,1,1,4675,1,4,9666,150,0,0,0,1,0,0,0,0,0,0,0,10,27,0,0,0,0,0,0,0,6,1,0,0,0,0,0,1,0,0,76,0,0,0,0,0,0,0,2,0,2,1,0,0,0,8,0,0,0,2,0,1,2,0,0,0,0,0,0,1,0,1,0,0,0,0,1,0,0,0,0,0,0,0,0,4,0,2,2,103,2,2,27,1,0,0,0,14,0,0,0,0,0,0,4,0,155,14,14,0,0,0,0,0,0,0,0,0,0,0,0,0,0,0,1,0,0,0,0,0,0,0,7,0,1,0,0,0,"ml","number","spores/tablet","number","NISP","NISP","NISP","NISP","NISP","NISP","NISP","NISP","NISP","NISP","NISP","NISP","NISP","NISP","NISP","NISP","NISP","NISP","NISP","NISP","NISP","NISP","NISP","NISP","NISP","NISP","NISP","NISP","NISP","NISP","NISP","NISP","NISP","NISP","NISP","NISP","NISP","NISP","NISP","NISP","NISP","NISP","NISP","NISP","NISP","NISP","NISP","NISP","NISP","NISP","NISP","NISP","NISP","NISP","NISP","NISP","NISP","NISP","NISP","NISP","NISP","NISP","NISP","NISP","NISP","NISP","NISP","NISP","NISP","NISP","NISP","NISP","NISP","NISP","NISP","NISP","NISP","NISP","NISP","NISP","NISP","NISP","NISP","NISP","NISP","NISP","NISP","NISP","NISP","NISP","NISP","NISP","NISP","NISP","NISP","NISP","NISP","NISP","NISP","NISP","NISP","NISP","NISP","NISP","NISP","NISP","NISP","NISP","NISP","NISP","NISP","NISP","NISP","NISP","NISP","NISP","NISP","NISP","NISP","NISP","NISP","NISP","NISP","NISP","NISP","NISP","NISP","NISP","volume","quantity added","concentration","counted","pollen","pollen","pollen","pollen","pollen","pollen","pollen","pollen","pollen","pollen","pollen","pollen","pollen","pollen","pollen","pollen","pollen","spore","spore","pollen","pollen","pollen","pollen","pollen","pollen","pollen","spore","pollen","pollen","pollen","pollen","pollen","pollen","pollen","pollen","pollen","pollen","pollen","pollen","pollen","pollen","pollen","pollen","pollen","spore","pollen","spore","pollen","pollen","pollen","pollen","pollen","pollen","pollen","pollen","pollen","pollen","pollen","spore","pollen","pollen","pollen","pollen","pollen","pollen","pollen","pollen","pollen","pollen","pollen","pollen","spore","pollen","pollen","pollen","pollen","pollen","pollen","spore","pollen","pollen","pollen","pollen","pollen","pollen","pollen","pollen","pollen","spore","pollen","pollen","pollen","pollen","pollen","pollen","pollen","pollen","pollen","pollen/spore","pollen","pollen","pollen","spore","spore","pollen","pollen","pollen","pollen","pollen","pollen","spore","pollen","pollen","pollen","pollen","pollen","pollen","pollen","pollen","spore","pollen","pollen","pollen","pollen","pollen","pollen","pollen","pollen","Lake Victoria (Shirati Bay) LV4",33.7961333333333,33.7961333333333,-1.04943333333333,-1.04943333333333,1135,6880000,"Tanzania",NA,NA,NA,NA,68,33135,"LVC18_S4","Lake Victoria LV4","Core","UWITEC piston corer","2018-10-01",NA,"Natural Lake",63,"30 km away from the shore in the Shirati Bay",NA,NA,NA,NA,NA,NA,NA,"2,10,12,3,16",44877,"8777,15357,20039,20044,9599","Gobet, E.|Grosjean, M.|Muschick, M.|Seehausen, O.|Tinner, W.",2,"Depth",15,"Carbon-14","Radiocarbon years BP",146,4,"BE-16249",3290,70,70,1,70,"False","Charcoal","Corrected to 2830 +/- 410 radiocarbon years BP","Temotzin-Loranca et al. 2023",2,20036,"Temoltzin-Loranca, Y.",3360,3220,2,8777,8777,"Gobet, Erika","Gobet, E.","Gobet","Erika","E.","Dr.","active","Institute of Plant Sciences & Oeschger Centre for Climate Change Research
University of Bern
Altenbergrain 21
CH-3013 Bern
Switzerland","erika.gobet@ips.unibe.ch","","","",1,"false","journal article",20442,"https://doi.org/10.1016/j.quascirev.2022.107915",2023,"Temoltzin-Loranca, Y., E. Gobet, B. Vannière, J.F.N. van Leeuwen, G. Wienhues, S. Szidat, C. Courtney-Mustaphi, M. Kishe, M. Muschick, O. Seehausen, M. Grosjean, and W. Tinner. 2023. A chronologically reliable record of 17,000 years of biomass burning in the Lake Victoria area. Quaternary Science Reviews 301:107915. [DOI: https://doi.org/10.1016/j.quascirev.2022.107915]","A chronologically reliable record of 17,000 years of biomass burning in the Lake Victoria area","Quaternary Science Reviews",301,107915,1,18,"Vannière","B.","20036,8777,9974,15224,20037,13851,18278,20038,20039,20044,15357,9599","Temoltzin-Loranca, Y.|Gobet, E.|Vannière, B.|van Leeuwen, J.F.N.|Wienhues, G.|Szidat, S.|Courtney-Mustaphi, C.J.|Kishe, M.|Muschick, M.|Seehausen, O.|Grosjean, M.|Tinner, W.",15695,"18278,8777,15357,9224,20040,20038,20043,20041,20039,20042,20044,20036,9599,15224,9974,10026,20037","Morales-Molino, C.","Courtney-Mustaphi, C.J.|Gobet, E.|Grosjean, M.|Heiri, O.|King, L.|Kishe, M.|Matthews, B.|Misra, P.|Muschick, M.|Ngoepe, N.|Seehausen, O.|Temoltzin-Loranca, Y.|Tinner, W.|van Leeuwen, J.F.N.|Vannière, B.|Vogel, H.|Wienhues, G.","Pollen","LV4 pollen",1,"Temoltzin-Loranca et al. (2023)","Calendar years BP","True",NA,"rbacon",16700,-50,NA,"Temotzin-Loranca, Y.",15,20036,"Temoltzin-Loranca, Y.",NA,NA,NA,NA,"Radiocarbon"
207,1,1,4696,1,4,9666,150,0,0,0,1,0,0,0,0,0,0,0,10,27,0,0,0,0,0,0,0,6,1,0,0,0,0,0,1,0,0,76,0,0,0,0,0,0,0,2,0,2,1,0,0,0,8,0,0,0,2,0,1,2,0,0,0,0,0,0,1,0,1,0,0,0,0,1,0,0,0,0,0,0,0,0,4,0,2,2,103,2,2,27,1,0,0,0,14,0,0,0,0,0,0,4,0,155,14,14,0,0,0,0,0,0,0,0,0,0,0,0,0,0,0,1,0,0,0,0,0,0,0,7,0,1,0,0,0,"ml","number","spores/tablet","number","NISP","NISP","NISP","NISP","NISP","NISP","NISP","NISP","NISP","NISP","NISP","NISP","NISP","NISP","NISP","NISP","NISP","NISP","NISP","NISP","NISP","NISP","NISP","NISP","NISP","NISP","NISP","NISP","NISP","NISP","NISP","NISP","NISP","NISP","NISP","NISP","NISP","NISP","NISP","NISP","NISP","NISP","NISP","NISP","NISP","NISP","NISP","NISP","NISP","NISP","NISP","NISP","NISP","NISP","NISP","NISP","NISP","NISP","NISP","NISP","NISP","NISP","NISP","NISP","NISP","NISP","NISP","NISP","NISP","NISP","NISP","NISP","NISP","NISP","NISP","NISP","NISP","NISP","NISP","NISP","NISP","NISP","NISP","NISP","NISP","NISP","NISP","NISP","NISP","NISP","NISP","NISP","NISP","NISP","NISP","NISP","NISP","NISP","NISP","NISP","NISP","NISP","NISP","NISP","NISP","NISP","NISP","NISP","NISP","NISP","NISP","NISP","NISP","NISP","NISP","NISP","NISP","NISP","NISP","NISP","NISP","NISP","NISP","NISP","NISP","NISP","NISP","NISP","volume","quantity added","concentration","counted","pollen","pollen","pollen","pollen","pollen","pollen","pollen","pollen","pollen","pollen","pollen","pollen","pollen","pollen","pollen","pollen","pollen","spore","spore","pollen","pollen","pollen","pollen","pollen","pollen","pollen","spore","pollen","pollen","pollen","pollen","pollen","pollen","pollen","pollen","pollen","pollen","pollen","pollen","pollen","pollen","pollen","pollen","pollen","spore","pollen","spore","pollen","pollen","pollen","pollen","pollen","pollen","pollen","pollen","pollen","pollen","pollen","spore","pollen","pollen","pollen","pollen","pollen","pollen","pollen","pollen","pollen","pollen","pollen","pollen","spore","pollen","pollen","pollen","pollen","pollen","pollen","spore","pollen","pollen","pollen","pollen","pollen","pollen","pollen","pollen","pollen","spore","pollen","pollen","pollen","pollen","pollen","pollen","pollen","pollen","pollen","pollen/spore","pollen","pollen","pollen","spore","spore","pollen","pollen","pollen","pollen","pollen","pollen","spore","pollen","pollen","pollen","pollen","pollen","pollen","pollen","pollen","spore","pollen","pollen","pollen","pollen","pollen","pollen","pollen","pollen","Lake Victoria (Shirati Bay) LV4",33.7961333333333,33.7961333333333,-1.04943333333333,-1.04943333333333,1135,6880000,"Tanzania",NA,NA,NA,NA,68,33135,"LVC18_S4","Lake Victoria LV4","Core","UWITEC piston corer","2018-10-01",NA,"Natural Lake",63,"30 km away from the shore in the Shirati Bay",NA,NA,NA,NA,NA,NA,NA,"2,10,12,3,16",44877,"8777,15357,20039,20044,9599","Gobet, E.|Grosjean, M.|Muschick, M.|Seehausen, O.|Tinner, W.",2,"Depth",15,"Carbon-14","Radiocarbon years BP",146,4,"BE-16249",3290,70,70,1,70,"False","Charcoal","Corrected to 2830 +/- 410 radiocarbon years BP","Temotzin-Loranca et al. 2023",2,20036,"Temoltzin-Loranca, Y.",3360,3220,2,8777,8777,"Gobet, Erika","Gobet, E.","Gobet","Erika","E.","Dr.","active","Institute of Plant Sciences & Oeschger Centre for Climate Change Research
University of Bern
Altenbergrain 21
CH-3013 Bern
Switzerland","erika.gobet@ips.unibe.ch","","","",1,"false","journal article",20442,"https://doi.org/10.1016/j.quascirev.2022.107915",2023,"Temoltzin-Loranca, Y., E. Gobet, B. Vannière, J.F.N. van Leeuwen, G. Wienhues, S. Szidat, C. Courtney-Mustaphi, M. Kishe, M. Muschick, O. Seehausen, M. Grosjean, and W. Tinner. 2023. A chronologically reliable record of 17,000 years of biomass burning in the Lake Victoria area. Quaternary Science Reviews 301:107915. [DOI: https://doi.org/10.1016/j.quascirev.2022.107915]","A chronologically reliable record of 17,000 years of biomass burning in the Lake Victoria area","Quaternary Science Reviews",301,107915,1,18,"Vannière","B.","20036,8777,9974,15224,20037,13851,18278,20038,20039,20044,15357,9599","Temoltzin-Loranca, Y.|Gobet, E.|Vannière, B.|van Leeuwen, J.F.N.|Wienhues, G.|Szidat, S.|Courtney-Mustaphi, C.J.|Kishe, M.|Muschick, M.|Seehausen, O.|Grosjean, M.|Tinner, W.",15695,"18278,8777,15357,9224,20040,20038,20043,20041,20039,20042,20044,20036,9599,15224,9974,10026,20037","Morales-Molino, C.","Courtney-Mustaphi, C.J.|Gobet, E.|Grosjean, M.|Heiri, O.|King, L.|Kishe, M.|Matthews, B.|Misra, P.|Muschick, M.|Ngoepe, N.|Seehausen, O.|Temoltzin-Loranca, Y.|Tinner, W.|van Leeuwen, J.F.N.|Vannière, B.|Vogel, H.|Wienhues, G.","Pollen","LV4 pollen",1,"Temoltzin-Loranca et al. (2023)","Calendar years BP","True",NA,"rbacon",16700,-50,NA,"Temotzin-Loranca, Y.",15,20036,"Temoltzin-Loranca, Y.",NA,NA,NA,NA,"Radiocarbon"
239,1,1,5440,1,4,9666,63,0,0,0,0,0,0,0,0,0,0,0,7,9,0,0,1,0,0,0,0,3,0,0,0,0,0,0,1,0,1,58,0,0,0,1,0,0,0,3,0,0,0,0,0,0,7,0,0,0,0,0,0,1,1,0,0,0,0,0,0,0,0,0,0,0,0,1,0,0,0,0,0,0,0,0,3,0,0,0,83,7,0,5,0,1,0,0,16,0,0,0,0,0,0,0,0,60,0,7,0,0,0,1,0,0,0,0,0,0,0,0,0,0,0,1,0,0,0,0,0,0,0,5,1,3,0,0,0,"ml","number","spores/tablet","number","NISP","NISP","NISP","NISP","NISP","NISP","NISP","NISP","NISP","NISP","NISP","NISP","NISP","NISP","NISP","NISP","NISP","NISP","NISP","NISP","NISP","NISP","NISP","NISP","NISP","NISP","NISP","NISP","NISP","NISP","NISP","NISP","NISP","NISP","NISP","NISP","NISP","NISP","NISP","NISP","NISP","NISP","NISP","NISP","NISP","NISP","NISP","NISP","NISP","NISP","NISP","NISP","NISP","NISP","NISP","NISP","NISP","NISP","NISP","NISP","NISP","NISP","NISP","NISP","NISP","NISP","NISP","NISP","NISP","NISP","NISP","NISP","NISP","NISP","NISP","NISP","NISP","NISP","NISP","NISP","NISP","NISP","NISP","NISP","NISP","NISP","NISP","NISP","NISP","NISP","NISP","NISP","NISP","NISP","NISP","NISP","NISP","NISP","NISP","NISP","NISP","NISP","NISP","NISP","NISP","NISP","NISP","NISP","NISP","NISP","NISP","NISP","NISP","NISP","NISP","NISP","NISP","NISP","NISP","NISP","NISP","NISP","NISP","NISP","NISP","NISP","NISP","NISP","volume","quantity added","concentration","counted","pollen","pollen","pollen","pollen","pollen","pollen","pollen","pollen","pollen","pollen","pollen","pollen","pollen","pollen","pollen","pollen","pollen","spore","spore","pollen","pollen","pollen","pollen","pollen","pollen","pollen","spore","pollen","pollen","pollen","pollen","pollen","pollen","pollen","pollen","pollen","pollen","pollen","pollen","pollen","pollen","pollen","pollen","pollen","spore","pollen","spore","pollen","pollen","pollen","pollen","pollen","pollen","pollen","pollen","pollen","pollen","pollen","spore","pollen","pollen","pollen","pollen","pollen","pollen","pollen","pollen","pollen","pollen","pollen","pollen","spore","pollen","pollen","pollen","pollen","pollen","pollen","spore","pollen","pollen","pollen","pollen","pollen","pollen","pollen","pollen","pollen","spore","pollen","pollen","pollen","pollen","pollen","pollen","pollen","pollen","pollen","pollen/spore","pollen","pollen","pollen","spore","spore","pollen","pollen","pollen","pollen","pollen","pollen","spore","pollen","pollen","pollen","pollen","pollen","pollen","pollen","pollen","spore","pollen","pollen","pollen","pollen","pollen","pollen","pollen","pollen","Lake Victoria (Shirati Bay) LV4",33.7961333333333,33.7961333333333,-1.04943333333333,-1.04943333333333,1135,6880000,"Tanzania",NA,NA,NA,NA,68,33135,"LVC18_S4","Lake Victoria LV4","Core","UWITEC piston corer","2018-10-01",NA,"Natural Lake",63,"30 km away from the shore in the Shirati Bay",NA,NA,NA,NA,NA,NA,NA,"2,10,12,3,16",44877,"8777,15357,20039,20044,9599","Gobet, E.|Grosjean, M.|Muschick, M.|Seehausen, O.|Tinner, W.",3,"Depth",15,"Carbon-14","Radiocarbon years BP",147,2,"BE-16262",3400,25,25,1,25,"False","Pollen concentrate","","Temotzin-Loranca et al. 2023",2,20036,"Temoltzin-Loranca, Y.",3425,3375,2,8777,8777,"Gobet, Erika","Gobet, E.","Gobet","Erika","E.","Dr.","active","Institute of Plant Sciences & Oeschger Centre for Climate Change Research
University of Bern
Altenbergrain 21
CH-3013 Bern
Switzerland","erika.gobet@ips.unibe.ch","","","",1,"false","journal article",20442,"https://doi.org/10.1016/j.quascirev.2022.107915",2023,"Temoltzin-Loranca, Y., E. Gobet, B. Vannière, J.F.N. van Leeuwen, G. Wienhues, S. Szidat, C. Courtney-Mustaphi, M. Kishe, M. Muschick, O. Seehausen, M. Grosjean, and W. Tinner. 2023. A chronologically reliable record of 17,000 years of biomass burning in the Lake Victoria area. Quaternary Science Reviews 301:107915. [DOI: https://doi.org/10.1016/j.quascirev.2022.107915]","A chronologically reliable record of 17,000 years of biomass burning in the Lake Victoria area","Quaternary Science Reviews",301,107915,1,18,"Vannière","B.","20036,8777,9974,15224,20037,13851,18278,20038,20039,20044,15357,9599","Temoltzin-Loranca, Y.|Gobet, E.|Vannière, B.|van Leeuwen, J.F.N.|Wienhues, G.|Szidat, S.|Courtney-Mustaphi, C.J.|Kishe, M.|Muschick, M.|Seehausen, O.|Grosjean, M.|Tinner, W.",15695,"18278,8777,15357,9224,20040,20038,20043,20041,20039,20042,20044,20036,9599,15224,9974,10026,20037","Morales-Molino, C.","Courtney-Mustaphi, C.J.|Gobet, E.|Grosjean, M.|Heiri, O.|King, L.|Kishe, M.|Matthews, B.|Misra, P.|Muschick, M.|Ngoepe, N.|Seehausen, O.|Temoltzin-Loranca, Y.|Tinner, W.|van Leeuwen, J.F.N.|Vannière, B.|Vogel, H.|Wienhues, G.","Pollen","LV4 pollen",1,"Temoltzin-Loranca et al. (2023)","Calendar years BP","True",NA,"rbacon",16700,-50,NA,"Temotzin-Loranca, Y.",15,20036,"Temoltzin-Loranca, Y.",NA,NA,NA,NA,"Radiocarbon"
241,1,1,5462,1,4,9666,63,0,0,0,0,0,0,0,0,0,0,0,7,9,0,0,1,0,0,0,0,3,0,0,0,0,0,0,1,0,1,58,0,0,0,1,0,0,0,3,0,0,0,0,0,0,7,0,0,0,0,0,0,1,1,0,0,0,0,0,0,0,0,0,0,0,0,1,0,0,0,0,0,0,0,0,3,0,0,0,83,7,0,5,0,0,0,0,16,0,0,0,0,0,0,0,0,60,0,7,0,0,0,1,1,0,0,0,0,0,1,0,0,0,0,1,0,0,0,0,0,0,0,5,1,3,0,0,0,"ml","number","spores/tablet","number","NISP","NISP","NISP","NISP","NISP","NISP","NISP","NISP","NISP","NISP","NISP","NISP","NISP","NISP","NISP","NISP","NISP","NISP","NISP","NISP","NISP","NISP","NISP","NISP","NISP","NISP","NISP","NISP","NISP","NISP","NISP","NISP","NISP","NISP","NISP","NISP","NISP","NISP","NISP","NISP","NISP","NISP","NISP","NISP","NISP","NISP","NISP","NISP","NISP","NISP","NISP","NISP","NISP","NISP","NISP","NISP","NISP","NISP","NISP","NISP","NISP","NISP","NISP","NISP","NISP","NISP","NISP","NISP","NISP","NISP","NISP","NISP","NISP","NISP","NISP","NISP","NISP","NISP","NISP","NISP","NISP","NISP","NISP","NISP","NISP","NISP","NISP","NISP","NISP","NISP","NISP","NISP","NISP","NISP","NISP","NISP","NISP","NISP","NISP","NISP","NISP","NISP","NISP","NISP","NISP","NISP","NISP","NISP","NISP","NISP","NISP","NISP","NISP","NISP","NISP","NISP","NISP","NISP","NISP","NISP","NISP","NISP","NISP","NISP","NISP","NISP","NISP","NISP","volume","quantity added","concentration","counted","pollen","pollen","pollen","pollen","pollen","pollen","pollen","pollen","pollen","pollen","pollen","pollen","pollen","pollen","pollen","pollen","pollen","spore","spore","pollen","pollen","pollen","pollen","pollen","pollen","pollen","spore","pollen","pollen","pollen","pollen","pollen","pollen","pollen","pollen","pollen","pollen","pollen","pollen","pollen","pollen","pollen","pollen","pollen","spore","pollen","spore","pollen","pollen","pollen","pollen","pollen","pollen","pollen","pollen","pollen","pollen","pollen","spore","pollen","pollen","pollen","pollen","pollen","pollen","pollen","pollen","pollen","pollen","pollen","pollen","spore","pollen","pollen","pollen","pollen","pollen","pollen","spore","pollen","pollen","pollen","pollen","pollen","pollen","pollen","pollen","pollen","spore","pollen","pollen","pollen","pollen","pollen","pollen","pollen","pollen","pollen","pollen/spore","pollen","pollen","pollen","spore","spore","pollen","pollen","pollen","pollen","pollen","pollen","spore","pollen","pollen","pollen","pollen","pollen","pollen","pollen","pollen","spore","pollen","pollen","pollen","pollen","pollen","pollen","pollen","pollen","Lake Victoria (Shirati Bay) LV4",33.7961333333333,33.7961333333333,-1.04943333333333,-1.04943333333333,1135,6880000,"Tanzania",NA,NA,NA,NA,68,33135,"LVC18_S4","Lake Victoria LV4","Core","UWITEC piston corer","2018-10-01",NA,"Natural Lake",63,"30 km away from the shore in the Shirati Bay",NA,NA,NA,NA,NA,NA,NA,"2,10,12,3,16",44877,"8777,15357,20039,20044,9599","Gobet, E.|Grosjean, M.|Muschick, M.|Seehausen, O.|Tinner, W.",3,"Depth",15,"Carbon-14","Radiocarbon years BP",147,2,"BE-16262",3400,25,25,1,25,"False","Pollen concentrate","","Temotzin-Loranca et al. 2023",2,20036,"Temoltzin-Loranca, Y.",3425,3375,2,8777,8777,"Gobet, Erika","Gobet, E.","Gobet","Erika","E.","Dr.","active","Institute of Plant Sciences & Oeschger Centre for Climate Change Research
University of Bern
Altenbergrain 21
CH-3013 Bern
Switzerland","erika.gobet@ips.unibe.ch","","","",1,"false","journal article",20442,"https://doi.org/10.1016/j.quascirev.2022.107915",2023,"Temoltzin-Loranca, Y., E. Gobet, B. Vannière, J.F.N. van Leeuwen, G. Wienhues, S. Szidat, C. Courtney-Mustaphi, M. Kishe, M. Muschick, O. Seehausen, M. Grosjean, and W. Tinner. 2023. A chronologically reliable record of 17,000 years of biomass burning in the Lake Victoria area. Quaternary Science Reviews 301:107915. [DOI: https://doi.org/10.1016/j.quascirev.2022.107915]","A chronologically reliable record of 17,000 years of biomass burning in the Lake Victoria area","Quaternary Science Reviews",301,107915,1,18,"Vannière","B.","20036,8777,9974,15224,20037,13851,18278,20038,20039,20044,15357,9599","Temoltzin-Loranca, Y.|Gobet, E.|Vannière, B.|van Leeuwen, J.F.N.|Wienhues, G.|Szidat, S.|Courtney-Mustaphi, C.J.|Kishe, M.|Muschick, M.|Seehausen, O.|Grosjean, M.|Tinner, W.",15695,"18278,8777,15357,9224,20040,20038,20043,20041,20039,20042,20044,20036,9599,15224,9974,10026,20037","Morales-Molino, C.","Courtney-Mustaphi, C.J.|Gobet, E.|Grosjean, M.|Heiri, O.|King, L.|Kishe, M.|Matthews, B.|Misra, P.|Muschick, M.|Ngoepe, N.|Seehausen, O.|Temoltzin-Loranca, Y.|Tinner, W.|van Leeuwen, J.F.N.|Vannière, B.|Vogel, H.|Wienhues, G.","Pollen","LV4 pollen",1,"Temoltzin-Loranca et al. (2023)","Calendar years BP","True",NA,"rbacon",16700,-50,NA,"Temotzin-Loranca, Y.",15,20036,"Temoltzin-Loranca, Y.",NA,NA,NA,NA,"Radiocarbon"
273,1,1,6273,1,4,9666,97,0,0,0,2,0,0,0,0,0,0,2,16,16,0,0,0,0,0,0,0,3,0,0,0,0,0,0,0,0,1,63,0,0,0,0,0,0,0,4,0,0,0,1,0,0,13,0,0,0,0,0,0,0,0,0,0,0,0,0,0,0,1,0,0,0,0,0,0,0,0,0,0,0,0,0,7,0,0,1,98,3,0,4,0,0,0,0,17,0,0,1,0,0,0,2,0,71,2,12,0,0,0,0,0,0,1,0,0,0,0,0,0,1,0,1,0,0,0,1,0,0,0,16,0,1,0,0,0,"ml","number","spores/tablet","number","NISP","NISP","NISP","NISP","NISP","NISP","NISP","NISP","NISP","NISP","NISP","NISP","NISP","NISP","NISP","NISP","NISP","NISP","NISP","NISP","NISP","NISP","NISP","NISP","NISP","NISP","NISP","NISP","NISP","NISP","NISP","NISP","NISP","NISP","NISP","NISP","NISP","NISP","NISP","NISP","NISP","NISP","NISP","NISP","NISP","NISP","NISP","NISP","NISP","NISP","NISP","NISP","NISP","NISP","NISP","NISP","NISP","NISP","NISP","NISP","NISP","NISP","NISP","NISP","NISP","NISP","NISP","NISP","NISP","NISP","NISP","NISP","NISP","NISP","NISP","NISP","NISP","NISP","NISP","NISP","NISP","NISP","NISP","NISP","NISP","NISP","NISP","NISP","NISP","NISP","NISP","NISP","NISP","NISP","NISP","NISP","NISP","NISP","NISP","NISP","NISP","NISP","NISP","NISP","NISP","NISP","NISP","NISP","NISP","NISP","NISP","NISP","NISP","NISP","NISP","NISP","NISP","NISP","NISP","NISP","NISP","NISP","NISP","NISP","NISP","NISP","NISP","NISP","volume","quantity added","concentration","counted","pollen","pollen","pollen","pollen","pollen","pollen","pollen","pollen","pollen","pollen","pollen","pollen","pollen","pollen","pollen","pollen","pollen","spore","spore","pollen","pollen","pollen","pollen","pollen","pollen","pollen","spore","pollen","pollen","pollen","pollen","pollen","pollen","pollen","pollen","pollen","pollen","pollen","pollen","pollen","pollen","pollen","pollen","pollen","spore","pollen","spore","pollen","pollen","pollen","pollen","pollen","pollen","pollen","pollen","pollen","pollen","pollen","spore","pollen","pollen","pollen","pollen","pollen","pollen","pollen","pollen","pollen","pollen","pollen","pollen","spore","pollen","pollen","pollen","pollen","pollen","pollen","spore","pollen","pollen","pollen","pollen","pollen","pollen","pollen","pollen","pollen","spore","pollen","pollen","pollen","pollen","pollen","pollen","pollen","pollen","pollen","pollen/spore","pollen","pollen","pollen","spore","spore","pollen","pollen","pollen","pollen","pollen","pollen","spore","pollen","pollen","pollen","pollen","pollen","pollen","pollen","pollen","spore","pollen","pollen","pollen","pollen","pollen","pollen","pollen","pollen","Lake Victoria (Shirati Bay) LV4",33.7961333333333,33.7961333333333,-1.04943333333333,-1.04943333333333,1135,6880000,"Tanzania",NA,NA,NA,NA,68,33135,"LVC18_S4","Lake Victoria LV4","Core","UWITEC piston corer","2018-10-01",NA,"Natural Lake",63,"30 km away from the shore in the Shirati Bay",NA,NA,NA,NA,NA,NA,NA,"2,10,12,3,16",44877,"8777,15357,20039,20044,9599","Gobet, E.|Grosjean, M.|Muschick, M.|Seehausen, O.|Tinner, W.",3,"Depth",15,"Carbon-14","Radiocarbon years BP",147,2,"BE-16262",3400,25,25,1,25,"False","Pollen concentrate","","Temotzin-Loranca et al. 2023",2,20036,"Temoltzin-Loranca, Y.",3425,3375,2,8777,8777,"Gobet, Erika","Gobet, E.","Gobet","Erika","E.","Dr.","active","Institute of Plant Sciences & Oeschger Centre for Climate Change Research
University of Bern
Altenbergrain 21
CH-3013 Bern
Switzerland","erika.gobet@ips.unibe.ch","","","",1,"false","journal article",20442,"https://doi.org/10.1016/j.quascirev.2022.107915",2023,"Temoltzin-Loranca, Y., E. Gobet, B. Vannière, J.F.N. van Leeuwen, G. Wienhues, S. Szidat, C. Courtney-Mustaphi, M. Kishe, M. Muschick, O. Seehausen, M. Grosjean, and W. Tinner. 2023. A chronologically reliable record of 17,000 years of biomass burning in the Lake Victoria area. Quaternary Science Reviews 301:107915. [DOI: https://doi.org/10.1016/j.quascirev.2022.107915]","A chronologically reliable record of 17,000 years of biomass burning in the Lake Victoria area","Quaternary Science Reviews",301,107915,1,18,"Vannière","B.","20036,8777,9974,15224,20037,13851,18278,20038,20039,20044,15357,9599","Temoltzin-Loranca, Y.|Gobet, E.|Vannière, B.|van Leeuwen, J.F.N.|Wienhues, G.|Szidat, S.|Courtney-Mustaphi, C.J.|Kishe, M.|Muschick, M.|Seehausen, O.|Grosjean, M.|Tinner, W.",15695,"18278,8777,15357,9224,20040,20038,20043,20041,20039,20042,20044,20036,9599,15224,9974,10026,20037","Morales-Molino, C.","Courtney-Mustaphi, C.J.|Gobet, E.|Grosjean, M.|Heiri, O.|King, L.|Kishe, M.|Matthews, B.|Misra, P.|Muschick, M.|Ngoepe, N.|Seehausen, O.|Temoltzin-Loranca, Y.|Tinner, W.|van Leeuwen, J.F.N.|Vannière, B.|Vogel, H.|Wienhues, G.","Pollen","LV4 pollen",1,"Temoltzin-Loranca et al. (2023)","Calendar years BP","True",NA,"rbacon",16700,-50,NA,"Temotzin-Loranca, Y.",15,20036,"Temoltzin-Loranca, Y.",NA,NA,NA,NA,"Radiocarbon"
275,1,1,6297,1,4,9666,97,0,0,0,2,0,0,0,0,0,0,2,16,16,0,0,0,0,0,0,0,3,0,0,0,0,0,0,0,0,1,63,0,0,0,0,0,0,0,4,0,0,0,1,0,0,13,0,0,0,0,0,0,0,0,0,0,0,0,0,0,0,1,0,0,0,0,0,0,0,0,0,0,0,0,0,7,0,0,1,98,3,0,4,0,0,0,0,17,0,0,1,0,0,0,2,0,71,2,12,0,0,0,0,0,0,1,0,0,0,0,0,0,0,0,1,0,0,0,1,0,0,0,16,0,1,0,0,0,"ml","number","spores/tablet","number","NISP","NISP","NISP","NISP","NISP","NISP","NISP","NISP","NISP","NISP","NISP","NISP","NISP","NISP","NISP","NISP","NISP","NISP","NISP","NISP","NISP","NISP","NISP","NISP","NISP","NISP","NISP","NISP","NISP","NISP","NISP","NISP","NISP","NISP","NISP","NISP","NISP","NISP","NISP","NISP","NISP","NISP","NISP","NISP","NISP","NISP","NISP","NISP","NISP","NISP","NISP","NISP","NISP","NISP","NISP","NISP","NISP","NISP","NISP","NISP","NISP","NISP","NISP","NISP","NISP","NISP","NISP","NISP","NISP","NISP","NISP","NISP","NISP","NISP","NISP","NISP","NISP","NISP","NISP","NISP","NISP","NISP","NISP","NISP","NISP","NISP","NISP","NISP","NISP","NISP","NISP","NISP","NISP","NISP","NISP","NISP","NISP","NISP","NISP","NISP","NISP","NISP","NISP","NISP","NISP","NISP","NISP","NISP","NISP","NISP","NISP","NISP","NISP","NISP","NISP","NISP","NISP","NISP","NISP","NISP","NISP","NISP","NISP","NISP","NISP","NISP","NISP","NISP","volume","quantity added","concentration","counted","pollen","pollen","pollen","pollen","pollen","pollen","pollen","pollen","pollen","pollen","pollen","pollen","pollen","pollen","pollen","pollen","pollen","spore","spore","pollen","pollen","pollen","pollen","pollen","pollen","pollen","spore","pollen","pollen","pollen","pollen","pollen","pollen","pollen","pollen","pollen","pollen","pollen","pollen","pollen","pollen","pollen","pollen","pollen","spore","pollen","spore","pollen","pollen","pollen","pollen","pollen","pollen","pollen","pollen","pollen","pollen","pollen","spore","pollen","pollen","pollen","pollen","pollen","pollen","pollen","pollen","pollen","pollen","pollen","pollen","spore","pollen","pollen","pollen","pollen","pollen","pollen","spore","pollen","pollen","pollen","pollen","pollen","pollen","pollen","pollen","pollen","spore","pollen","pollen","pollen","pollen","pollen","pollen","pollen","pollen","pollen","pollen/spore","pollen","pollen","pollen","spore","spore","pollen","pollen","pollen","pollen","pollen","pollen","spore","pollen","pollen","pollen","pollen","pollen","pollen","pollen","pollen","spore","pollen","pollen","pollen","pollen","pollen","pollen","pollen","pollen","Lake Victoria (Shirati Bay) LV4",33.7961333333333,33.7961333333333,-1.04943333333333,-1.04943333333333,1135,6880000,"Tanzania",NA,NA,NA,NA,68,33135,"LVC18_S4","Lake Victoria LV4","Core","UWITEC piston corer","2018-10-01",NA,"Natural Lake",63,"30 km away from the shore in the Shirati Bay",NA,NA,NA,NA,NA,NA,NA,"2,10,12,3,16",44877,"8777,15357,20039,20044,9599","Gobet, E.|Grosjean, M.|Muschick, M.|Seehausen, O.|Tinner, W.",3,"Depth",15,"Carbon-14","Radiocarbon years BP",147,2,"BE-16262",3400,25,25,1,25,"False","Pollen concentrate","","Temotzin-Loranca et al. 2023",2,20036,"Temoltzin-Loranca, Y.",3425,3375,2,8777,8777,"Gobet, Erika","Gobet, E.","Gobet","Erika","E.","Dr.","active","Institute of Plant Sciences & Oeschger Centre for Climate Change Research
University of Bern
Altenbergrain 21
CH-3013 Bern
Switzerland","erika.gobet@ips.unibe.ch","","","",1,"false","journal article",20442,"https://doi.org/10.1016/j.quascirev.2022.107915",2023,"Temoltzin-Loranca, Y., E. Gobet, B. Vannière, J.F.N. van Leeuwen, G. Wienhues, S. Szidat, C. Courtney-Mustaphi, M. Kishe, M. Muschick, O. Seehausen, M. Grosjean, and W. Tinner. 2023. A chronologically reliable record of 17,000 years of biomass burning in the Lake Victoria area. Quaternary Science Reviews 301:107915. [DOI: https://doi.org/10.1016/j.quascirev.2022.107915]","A chronologically reliable record of 17,000 years of biomass burning in the Lake Victoria area","Quaternary Science Reviews",301,107915,1,18,"Vannière","B.","20036,8777,9974,15224,20037,13851,18278,20038,20039,20044,15357,9599","Temoltzin-Loranca, Y.|Gobet, E.|Vannière, B.|van Leeuwen, J.F.N.|Wienhues, G.|Szidat, S.|Courtney-Mustaphi, C.J.|Kishe, M.|Muschick, M.|Seehausen, O.|Grosjean, M.|Tinner, W.",15695,"18278,8777,15357,9224,20040,20038,20043,20041,20039,20042,20044,20036,9599,15224,9974,10026,20037","Morales-Molino, C.","Courtney-Mustaphi, C.J.|Gobet, E.|Grosjean, M.|Heiri, O.|King, L.|Kishe, M.|Matthews, B.|Misra, P.|Muschick, M.|Ngoepe, N.|Seehausen, O.|Temoltzin-Loranca, Y.|Tinner, W.|van Leeuwen, J.F.N.|Vannière, B.|Vogel, H.|Wienhues, G.","Pollen","LV4 pollen",1,"Temoltzin-Loranca et al. (2023)","Calendar years BP","True",NA,"rbacon",16700,-50,NA,"Temotzin-Loranca, Y.",15,20036,"Temoltzin-Loranca, Y.",NA,NA,NA,NA,"Radiocarbon"
307,1,1,6902,1,4,9666,136,0,0,0,1,0,0,0,0,0,0,1,15,35,0,0,0,0,0,0,1,5,0,0,0,0,0,0,2,0,0,122,0,0,0,1,0,1,0,3,0,0,0,0,0,1,8,0,1,0,0,0,0,1,0,0,0,0,0,0,0,0,3,0,0,0,0,1,0,0,0,0,0,0,0,0,8,0,2,2,116,2,0,5,0,0,0,0,23,0,0,1,0,0,0,1,0,118,5,16,0,1,0,1,0,0,0,0,0,0,0,0,0,0,1,0,0,0,0,0,0,2,0,13,0,4,1,0,0,"ml","number","spores/tablet","number","NISP","NISP","NISP","NISP","NISP","NISP","NISP","NISP","NISP","NISP","NISP","NISP","NISP","NISP","NISP","NISP","NISP","NISP","NISP","NISP","NISP","NISP","NISP","NISP","NISP","NISP","NISP","NISP","NISP","NISP","NISP","NISP","NISP","NISP","NISP","NISP","NISP","NISP","NISP","NISP","NISP","NISP","NISP","NISP","NISP","NISP","NISP","NISP","NISP","NISP","NISP","NISP","NISP","NISP","NISP","NISP","NISP","NISP","NISP","NISP","NISP","NISP","NISP","NISP","NISP","NISP","NISP","NISP","NISP","NISP","NISP","NISP","NISP","NISP","NISP","NISP","NISP","NISP","NISP","NISP","NISP","NISP","NISP","NISP","NISP","NISP","NISP","NISP","NISP","NISP","NISP","NISP","NISP","NISP","NISP","NISP","NISP","NISP","NISP","NISP","NISP","NISP","NISP","NISP","NISP","NISP","NISP","NISP","NISP","NISP","NISP","NISP","NISP","NISP","NISP","NISP","NISP","NISP","NISP","NISP","NISP","NISP","NISP","NISP","NISP","NISP","NISP","NISP","volume","quantity added","concentration","counted","pollen","pollen","pollen","pollen","pollen","pollen","pollen","pollen","pollen","pollen","pollen","pollen","pollen","pollen","pollen","pollen","pollen","spore","spore","pollen","pollen","pollen","pollen","pollen","pollen","pollen","spore","pollen","pollen","pollen","pollen","pollen","pollen","pollen","pollen","pollen","pollen","pollen","pollen","pollen","pollen","pollen","pollen","pollen","spore","pollen","spore","pollen","pollen","pollen","pollen","pollen","pollen","pollen","pollen","pollen","pollen","pollen","spore","pollen","pollen","pollen","pollen","pollen","pollen","pollen","pollen","pollen","pollen","pollen","pollen","spore","pollen","pollen","pollen","pollen","pollen","pollen","spore","pollen","pollen","pollen","pollen","pollen","pollen","pollen","pollen","pollen","spore","pollen","pollen","pollen","pollen","pollen","pollen","pollen","pollen","pollen","pollen/spore","pollen","pollen","pollen","spore","spore","pollen","pollen","pollen","pollen","pollen","pollen","spore","pollen","pollen","pollen","pollen","pollen","pollen","pollen","pollen","spore","pollen","pollen","pollen","pollen","pollen","pollen","pollen","pollen","Lake Victoria (Shirati Bay) LV4",33.7961333333333,33.7961333333333,-1.04943333333333,-1.04943333333333,1135,6880000,"Tanzania",NA,NA,NA,NA,68,33135,"LVC18_S4","Lake Victoria LV4","Core","UWITEC piston corer","2018-10-01",NA,"Natural Lake",63,"30 km away from the shore in the Shirati Bay",NA,NA,NA,NA,NA,NA,NA,"2,10,12,3,16",44877,"8777,15357,20039,20044,9599","Gobet, E.|Grosjean, M.|Muschick, M.|Seehausen, O.|Tinner, W.",3,"Depth",15,"Carbon-14","Radiocarbon years BP",147,2,"BE-16262",3400,25,25,1,25,"False","Pollen concentrate","","Temotzin-Loranca et al. 2023",2,20036,"Temoltzin-Loranca, Y.",3425,3375,3,15357,15357,"Grosjean, Martin","Grosjean, M.","Grosjean","Martin","M.","Prof. Dr.","active","Institute of Geography
University of Bern
Erlachstrasse 9a
3012 Bern, Switzerland","martin.grosjean@giub.unibe.ch","","","",1,"false","journal article",20442,"https://doi.org/10.1016/j.quascirev.2022.107915",2023,"Temoltzin-Loranca, Y., E. Gobet, B. Vannière, J.F.N. van Leeuwen, G. Wienhues, S. Szidat, C. Courtney-Mustaphi, M. Kishe, M. Muschick, O. Seehausen, M. Grosjean, and W. Tinner. 2023. A chronologically reliable record of 17,000 years of biomass burning in the Lake Victoria area. Quaternary Science Reviews 301:107915. [DOI: https://doi.org/10.1016/j.quascirev.2022.107915]","A chronologically reliable record of 17,000 years of biomass burning in the Lake Victoria area","Quaternary Science Reviews",301,107915,1,17,"van Leeuwen","J.F.N.","20036,8777,9974,15224,20037,13851,18278,20038,20039,20044,15357,9599","Temoltzin-Loranca, Y.|Gobet, E.|Vannière, B.|van Leeuwen, J.F.N.|Wienhues, G.|Szidat, S.|Courtney-Mustaphi, C.J.|Kishe, M.|Muschick, M.|Seehausen, O.|Grosjean, M.|Tinner, W.",15695,"18278,8777,15357,9224,20040,20038,20043,20041,20039,20042,20044,20036,9599,15224,9974,10026,20037","Morales-Molino, C.","Courtney-Mustaphi, C.J.|Gobet, E.|Grosjean, M.|Heiri, O.|King, L.|Kishe, M.|Matthews, B.|Misra, P.|Muschick, M.|Ngoepe, N.|Seehausen, O.|Temoltzin-Loranca, Y.|Tinner, W.|van Leeuwen, J.F.N.|Vannière, B.|Vogel, H.|Wienhues, G.","Pollen","LV4 pollen",1,"Temoltzin-Loranca et al. (2023)","Calendar years BP","True",NA,"rbacon",16700,-50,NA,"Temotzin-Loranca, Y.",15,20036,"Temoltzin-Loranca, Y.",NA,NA,NA,NA,"Radiocarbon"
309,1,1,6925,1,4,9666,136,0,0,0,1,0,0,0,0,0,0,1,15,35,0,0,0,0,0,0,1,5,0,0,0,0,0,0,2,0,0,122,0,0,0,1,0,1,0,3,0,0,0,0,0,1,8,0,1,0,0,0,0,1,0,0,0,0,0,0,0,0,3,0,0,0,0,1,0,0,0,0,0,0,0,0,8,0,2,2,116,2,0,5,0,0,0,0,23,0,0,1,0,0,0,1,0,118,5,16,0,1,0,1,1,0,0,0,0,0,0,0,0,0,1,0,0,0,0,0,2,2,0,13,0,4,1,0,0,"ml","number","spores/tablet","number","NISP","NISP","NISP","NISP","NISP","NISP","NISP","NISP","NISP","NISP","NISP","NISP","NISP","NISP","NISP","NISP","NISP","NISP","NISP","NISP","NISP","NISP","NISP","NISP","NISP","NISP","NISP","NISP","NISP","NISP","NISP","NISP","NISP","NISP","NISP","NISP","NISP","NISP","NISP","NISP","NISP","NISP","NISP","NISP","NISP","NISP","NISP","NISP","NISP","NISP","NISP","NISP","NISP","NISP","NISP","NISP","NISP","NISP","NISP","NISP","NISP","NISP","NISP","NISP","NISP","NISP","NISP","NISP","NISP","NISP","NISP","NISP","NISP","NISP","NISP","NISP","NISP","NISP","NISP","NISP","NISP","NISP","NISP","NISP","NISP","NISP","NISP","NISP","NISP","NISP","NISP","NISP","NISP","NISP","NISP","NISP","NISP","NISP","NISP","NISP","NISP","NISP","NISP","NISP","NISP","NISP","NISP","NISP","NISP","NISP","NISP","NISP","NISP","NISP","NISP","NISP","NISP","NISP","NISP","NISP","NISP","NISP","NISP","NISP","NISP","NISP","NISP","NISP","volume","quantity added","concentration","counted","pollen","pollen","pollen","pollen","pollen","pollen","pollen","pollen","pollen","pollen","pollen","pollen","pollen","pollen","pollen","pollen","pollen","spore","spore","pollen","pollen","pollen","pollen","pollen","pollen","pollen","spore","pollen","pollen","pollen","pollen","pollen","pollen","pollen","pollen","pollen","pollen","pollen","pollen","pollen","pollen","pollen","pollen","pollen","spore","pollen","spore","pollen","pollen","pollen","pollen","pollen","pollen","pollen","pollen","pollen","pollen","pollen","spore","pollen","pollen","pollen","pollen","pollen","pollen","pollen","pollen","pollen","pollen","pollen","pollen","spore","pollen","pollen","pollen","pollen","pollen","pollen","spore","pollen","pollen","pollen","pollen","pollen","pollen","pollen","pollen","pollen","spore","pollen","pollen","pollen","pollen","pollen","pollen","pollen","pollen","pollen","pollen/spore","pollen","pollen","pollen","spore","spore","pollen","pollen","pollen","pollen","pollen","pollen","spore","pollen","pollen","pollen","pollen","pollen","pollen","pollen","pollen","spore","pollen","pollen","pollen","pollen","pollen","pollen","pollen","pollen","Lake Victoria (Shirati Bay) LV4",33.7961333333333,33.7961333333333,-1.04943333333333,-1.04943333333333,1135,6880000,"Tanzania",NA,NA,NA,NA,68,33135,"LVC18_S4","Lake Victoria LV4","Core","UWITEC piston corer","2018-10-01",NA,"Natural Lake",63,"30 km away from the shore in the Shirati Bay",NA,NA,NA,NA,NA,NA,NA,"2,10,12,3,16",44877,"8777,15357,20039,20044,9599","Gobet, E.|Grosjean, M.|Muschick, M.|Seehausen, O.|Tinner, W.",3,"Depth",15,"Carbon-14","Radiocarbon years BP",147,2,"BE-16262",3400,25,25,1,25,"False","Pollen concentrate","","Temotzin-Loranca et al. 2023",2,20036,"Temoltzin-Loranca, Y.",3425,3375,3,15357,15357,"Grosjean, Martin","Grosjean, M.","Grosjean","Martin","M.","Prof. Dr.","active","Institute of Geography
University of Bern
Erlachstrasse 9a
3012 Bern, Switzerland","martin.grosjean@giub.unibe.ch","","","",1,"false","journal article",20442,"https://doi.org/10.1016/j.quascirev.2022.107915",2023,"Temoltzin-Loranca, Y., E. Gobet, B. Vannière, J.F.N. van Leeuwen, G. Wienhues, S. Szidat, C. Courtney-Mustaphi, M. Kishe, M. Muschick, O. Seehausen, M. Grosjean, and W. Tinner. 2023. A chronologically reliable record of 17,000 years of biomass burning in the Lake Victoria area. Quaternary Science Reviews 301:107915. [DOI: https://doi.org/10.1016/j.quascirev.2022.107915]","A chronologically reliable record of 17,000 years of biomass burning in the Lake Victoria area","Quaternary Science Reviews",301,107915,1,17,"van Leeuwen","J.F.N.","20036,8777,9974,15224,20037,13851,18278,20038,20039,20044,15357,9599","Temoltzin-Loranca, Y.|Gobet, E.|Vannière, B.|van Leeuwen, J.F.N.|Wienhues, G.|Szidat, S.|Courtney-Mustaphi, C.J.|Kishe, M.|Muschick, M.|Seehausen, O.|Grosjean, M.|Tinner, W.",15695,"18278,8777,15357,9224,20040,20038,20043,20041,20039,20042,20044,20036,9599,15224,9974,10026,20037","Morales-Molino, C.","Courtney-Mustaphi, C.J.|Gobet, E.|Grosjean, M.|Heiri, O.|King, L.|Kishe, M.|Matthews, B.|Misra, P.|Muschick, M.|Ngoepe, N.|Seehausen, O.|Temoltzin-Loranca, Y.|Tinner, W.|van Leeuwen, J.F.N.|Vannière, B.|Vogel, H.|Wienhues, G.","Pollen","LV4 pollen",1,"Temoltzin-Loranca et al. (2023)","Calendar years BP","True",NA,"rbacon",16700,-50,NA,"Temotzin-Loranca, Y.",15,20036,"Temoltzin-Loranca, Y.",NA,NA,NA,NA,"Radiocarbon"
342,1,1,7647,1,4,9666,118,0,0,0,1,0,0,0,0,4,0,0,12,36,0,0,1,0,0,0,1,5,0,0,0,0,0,0,0,0,0,56,0,0,0,0,0,0,0,2,0,0,1,0,0,3,14,0,0,0,0,0,0,0,0,0,0,0,0,0,0,0,1,0,0,1,1,3,0,0,0,0,1,0,0,0,10,0,0,1,130,2,2,4,1,1,0,0,32,0,1,0,0,0,0,3,0,123,2,14,0,1,0,0,0,0,0,0,0,0,0,0,0,0,0,6,0,0,2,0,0,0,0,6,0,1,1,0,0,"ml","number","spores/tablet","number","NISP","NISP","NISP","NISP","NISP","NISP","NISP","NISP","NISP","NISP","NISP","NISP","NISP","NISP","NISP","NISP","NISP","NISP","NISP","NISP","NISP","NISP","NISP","NISP","NISP","NISP","NISP","NISP","NISP","NISP","NISP","NISP","NISP","NISP","NISP","NISP","NISP","NISP","NISP","NISP","NISP","NISP","NISP","NISP","NISP","NISP","NISP","NISP","NISP","NISP","NISP","NISP","NISP","NISP","NISP","NISP","NISP","NISP","NISP","NISP","NISP","NISP","NISP","NISP","NISP","NISP","NISP","NISP","NISP","NISP","NISP","NISP","NISP","NISP","NISP","NISP","NISP","NISP","NISP","NISP","NISP","NISP","NISP","NISP","NISP","NISP","NISP","NISP","NISP","NISP","NISP","NISP","NISP","NISP","NISP","NISP","NISP","NISP","NISP","NISP","NISP","NISP","NISP","NISP","NISP","NISP","NISP","NISP","NISP","NISP","NISP","NISP","NISP","NISP","NISP","NISP","NISP","NISP","NISP","NISP","NISP","NISP","NISP","NISP","NISP","NISP","NISP","NISP","volume","quantity added","concentration","counted","pollen","pollen","pollen","pollen","pollen","pollen","pollen","pollen","pollen","pollen","pollen","pollen","pollen","pollen","pollen","pollen","pollen","spore","spore","pollen","pollen","pollen","pollen","pollen","pollen","pollen","spore","pollen","pollen","pollen","pollen","pollen","pollen","pollen","pollen","pollen","pollen","pollen","pollen","pollen","pollen","pollen","pollen","pollen","spore","pollen","spore","pollen","pollen","pollen","pollen","pollen","pollen","pollen","pollen","pollen","pollen","pollen","spore","pollen","pollen","pollen","pollen","pollen","pollen","pollen","pollen","pollen","pollen","pollen","pollen","spore","pollen","pollen","pollen","pollen","pollen","pollen","spore","pollen","pollen","pollen","pollen","pollen","pollen","pollen","pollen","pollen","spore","pollen","pollen","pollen","pollen","pollen","pollen","pollen","pollen","pollen","pollen/spore","pollen","pollen","pollen","spore","spore","pollen","pollen","pollen","pollen","pollen","pollen","spore","pollen","pollen","pollen","pollen","pollen","pollen","pollen","pollen","spore","pollen","pollen","pollen","pollen","pollen","pollen","pollen","pollen","Lake Victoria (Shirati Bay) LV4",33.7961333333333,33.7961333333333,-1.04943333333333,-1.04943333333333,1135,6880000,"Tanzania",NA,NA,NA,NA,68,33135,"LVC18_S4","Lake Victoria LV4","Core","UWITEC piston corer","2018-10-01",NA,"Natural Lake",63,"30 km away from the shore in the Shirati Bay",NA,NA,NA,NA,NA,NA,NA,"2,10,12,3,16",44877,"8777,15357,20039,20044,9599","Gobet, E.|Grosjean, M.|Muschick, M.|Seehausen, O.|Tinner, W.",3,"Depth",15,"Carbon-14","Radiocarbon years BP",147,2,"BE-16262",3400,25,25,1,25,"False","Pollen concentrate","","Temotzin-Loranca et al. 2023",2,20036,"Temoltzin-Loranca, Y.",3425,3375,3,15357,15357,"Grosjean, Martin","Grosjean, M.","Grosjean","Martin","M.","Prof. Dr.","active","Institute of Geography
University of Bern
Erlachstrasse 9a
3012 Bern, Switzerland","martin.grosjean@giub.unibe.ch","","","",1,"false","journal article",20442,"https://doi.org/10.1016/j.quascirev.2022.107915",2023,"Temoltzin-Loranca, Y., E. Gobet, B. Vannière, J.F.N. van Leeuwen, G. Wienhues, S. Szidat, C. Courtney-Mustaphi, M. Kishe, M. Muschick, O. Seehausen, M. Grosjean, and W. Tinner. 2023. A chronologically reliable record of 17,000 years of biomass burning in the Lake Victoria area. Quaternary Science Reviews 301:107915. [DOI: https://doi.org/10.1016/j.quascirev.2022.107915]","A chronologically reliable record of 17,000 years of biomass burning in the Lake Victoria area","Quaternary Science Reviews",301,107915,1,17,"van Leeuwen","J.F.N.","20036,8777,9974,15224,20037,13851,18278,20038,20039,20044,15357,9599","Temoltzin-Loranca, Y.|Gobet, E.|Vannière, B.|van Leeuwen, J.F.N.|Wienhues, G.|Szidat, S.|Courtney-Mustaphi, C.J.|Kishe, M.|Muschick, M.|Seehausen, O.|Grosjean, M.|Tinner, W.",15695,"18278,8777,15357,9224,20040,20038,20043,20041,20039,20042,20044,20036,9599,15224,9974,10026,20037","Morales-Molino, C.","Courtney-Mustaphi, C.J.|Gobet, E.|Grosjean, M.|Heiri, O.|King, L.|Kishe, M.|Matthews, B.|Misra, P.|Muschick, M.|Ngoepe, N.|Seehausen, O.|Temoltzin-Loranca, Y.|Tinner, W.|van Leeuwen, J.F.N.|Vannière, B.|Vogel, H.|Wienhues, G.","Pollen","LV4 pollen",1,"Temoltzin-Loranca et al. (2023)","Calendar years BP","True",NA,"rbacon",16700,-50,NA,"Temotzin-Loranca, Y.",15,20036,"Temoltzin-Loranca, Y.",NA,NA,NA,NA,"Radiocarbon"
343,1,1,7647,1,4,9666,118,0,0,0,1,0,0,0,0,4,0,0,12,36,0,0,1,0,0,0,1,5,0,0,0,0,0,0,0,0,0,56,0,0,0,0,0,0,0,2,0,0,1,0,0,3,14,0,0,0,0,0,0,0,0,0,0,0,0,0,0,0,1,0,0,1,1,3,0,0,0,0,1,0,0,0,10,0,0,1,130,2,2,4,1,0,0,0,32,0,1,0,0,0,0,3,0,123,2,14,0,1,0,0,0,0,0,0,0,0,1,0,0,0,0,6,0,0,2,0,0,0,0,6,0,1,1,0,0,"ml","number","spores/tablet","number","NISP","NISP","NISP","NISP","NISP","NISP","NISP","NISP","NISP","NISP","NISP","NISP","NISP","NISP","NISP","NISP","NISP","NISP","NISP","NISP","NISP","NISP","NISP","NISP","NISP","NISP","NISP","NISP","NISP","NISP","NISP","NISP","NISP","NISP","NISP","NISP","NISP","NISP","NISP","NISP","NISP","NISP","NISP","NISP","NISP","NISP","NISP","NISP","NISP","NISP","NISP","NISP","NISP","NISP","NISP","NISP","NISP","NISP","NISP","NISP","NISP","NISP","NISP","NISP","NISP","NISP","NISP","NISP","NISP","NISP","NISP","NISP","NISP","NISP","NISP","NISP","NISP","NISP","NISP","NISP","NISP","NISP","NISP","NISP","NISP","NISP","NISP","NISP","NISP","NISP","NISP","NISP","NISP","NISP","NISP","NISP","NISP","NISP","NISP","NISP","NISP","NISP","NISP","NISP","NISP","NISP","NISP","NISP","NISP","NISP","NISP","NISP","NISP","NISP","NISP","NISP","NISP","NISP","NISP","NISP","NISP","NISP","NISP","NISP","NISP","NISP","NISP","NISP","volume","quantity added","concentration","counted","pollen","pollen","pollen","pollen","pollen","pollen","pollen","pollen","pollen","pollen","pollen","pollen","pollen","pollen","pollen","pollen","pollen","spore","spore","pollen","pollen","pollen","pollen","pollen","pollen","pollen","spore","pollen","pollen","pollen","pollen","pollen","pollen","pollen","pollen","pollen","pollen","pollen","pollen","pollen","pollen","pollen","pollen","pollen","spore","pollen","spore","pollen","pollen","pollen","pollen","pollen","pollen","pollen","pollen","pollen","pollen","pollen","spore","pollen","pollen","pollen","pollen","pollen","pollen","pollen","pollen","pollen","pollen","pollen","pollen","spore","pollen","pollen","pollen","pollen","pollen","pollen","spore","pollen","pollen","pollen","pollen","pollen","pollen","pollen","pollen","pollen","spore","pollen","pollen","pollen","pollen","pollen","pollen","pollen","pollen","pollen","pollen/spore","pollen","pollen","pollen","spore","spore","pollen","pollen","pollen","pollen","pollen","pollen","spore","pollen","pollen","pollen","pollen","pollen","pollen","pollen","pollen","spore","pollen","pollen","pollen","pollen","pollen","pollen","pollen","pollen","Lake Victoria (Shirati Bay) LV4",33.7961333333333,33.7961333333333,-1.04943333333333,-1.04943333333333,1135,6880000,"Tanzania",NA,NA,NA,NA,68,33135,"LVC18_S4","Lake Victoria LV4","Core","UWITEC piston corer","2018-10-01",NA,"Natural Lake",63,"30 km away from the shore in the Shirati Bay",NA,NA,NA,NA,NA,NA,NA,"2,10,12,3,16",44877,"8777,15357,20039,20044,9599","Gobet, E.|Grosjean, M.|Muschick, M.|Seehausen, O.|Tinner, W.",4,"Depth",15,"Carbon-14","Radiocarbon years BP",171,2,"BE-16250",3670,70,70,1,70,"False","Charcoal","","Temotzin-Loranca et al. 2023",2,20036,"Temoltzin-Loranca, Y.",3740,3600,3,15357,15357,"Grosjean, Martin","Grosjean, M.","Grosjean","Martin","M.","Prof. Dr.","active","Institute of Geography
University of Bern
Erlachstrasse 9a
3012 Bern, Switzerland","martin.grosjean@giub.unibe.ch","","","",1,"false","journal article",20442,"https://doi.org/10.1016/j.quascirev.2022.107915",2023,"Temoltzin-Loranca, Y., E. Gobet, B. Vannière, J.F.N. van Leeuwen, G. Wienhues, S. Szidat, C. Courtney-Mustaphi, M. Kishe, M. Muschick, O. Seehausen, M. Grosjean, and W. Tinner. 2023. A chronologically reliable record of 17,000 years of biomass burning in the Lake Victoria area. Quaternary Science Reviews 301:107915. [DOI: https://doi.org/10.1016/j.quascirev.2022.107915]","A chronologically reliable record of 17,000 years of biomass burning in the Lake Victoria area","Quaternary Science Reviews",301,107915,1,17,"van Leeuwen","J.F.N.","20036,8777,9974,15224,20037,13851,18278,20038,20039,20044,15357,9599","Temoltzin-Loranca, Y.|Gobet, E.|Vannière, B.|van Leeuwen, J.F.N.|Wienhues, G.|Szidat, S.|Courtney-Mustaphi, C.J.|Kishe, M.|Muschick, M.|Seehausen, O.|Grosjean, M.|Tinner, W.",15695,"18278,8777,15357,9224,20040,20038,20043,20041,20039,20042,20044,20036,9599,15224,9974,10026,20037","Morales-Molino, C.","Courtney-Mustaphi, C.J.|Gobet, E.|Grosjean, M.|Heiri, O.|King, L.|Kishe, M.|Matthews, B.|Misra, P.|Muschick, M.|Ngoepe, N.|Seehausen, O.|Temoltzin-Loranca, Y.|Tinner, W.|van Leeuwen, J.F.N.|Vannière, B.|Vogel, H.|Wienhues, G.","Pollen","LV4 pollen",1,"Temoltzin-Loranca et al. (2023)","Calendar years BP","True",NA,"rbacon",16700,-50,NA,"Temotzin-Loranca, Y.",15,20036,"Temoltzin-Loranca, Y.",NA,NA,NA,NA,"Radiocarbon"
376,1,1,8506,1,4,9666,102,0,0,0,0,0,0,0,0,0,0,0,11,28,1,0,2,0,0,0,1,5,0,0,0,0,2,0,1,0,0,31,0,0,0,0,0,0,0,3,0,0,0,0,0,0,9,0,2,0,0,0,0,0,0,0,0,0,0,0,0,0,0,0,0,0,0,2,0,0,0,0,0,0,0,0,8,0,2,1,161,7,0,2,0,0,0,0,17,0,0,0,0,0,0,0,0,103,3,19,0,0,0,0,0,0,0,0,1,0,0,0,0,0,2,1,0,0,0,3,0,0,0,16,0,4,0,1,0,"ml","number","spores/tablet","number","NISP","NISP","NISP","NISP","NISP","NISP","NISP","NISP","NISP","NISP","NISP","NISP","NISP","NISP","NISP","NISP","NISP","NISP","NISP","NISP","NISP","NISP","NISP","NISP","NISP","NISP","NISP","NISP","NISP","NISP","NISP","NISP","NISP","NISP","NISP","NISP","NISP","NISP","NISP","NISP","NISP","NISP","NISP","NISP","NISP","NISP","NISP","NISP","NISP","NISP","NISP","NISP","NISP","NISP","NISP","NISP","NISP","NISP","NISP","NISP","NISP","NISP","NISP","NISP","NISP","NISP","NISP","NISP","NISP","NISP","NISP","NISP","NISP","NISP","NISP","NISP","NISP","NISP","NISP","NISP","NISP","NISP","NISP","NISP","NISP","NISP","NISP","NISP","NISP","NISP","NISP","NISP","NISP","NISP","NISP","NISP","NISP","NISP","NISP","NISP","NISP","NISP","NISP","NISP","NISP","NISP","NISP","NISP","NISP","NISP","NISP","NISP","NISP","NISP","NISP","NISP","NISP","NISP","NISP","NISP","NISP","NISP","NISP","NISP","NISP","NISP","NISP","NISP","volume","quantity added","concentration","counted","pollen","pollen","pollen","pollen","pollen","pollen","pollen","pollen","pollen","pollen","pollen","pollen","pollen","pollen","pollen","pollen","pollen","spore","spore","pollen","pollen","pollen","pollen","pollen","pollen","pollen","spore","pollen","pollen","pollen","pollen","pollen","pollen","pollen","pollen","pollen","pollen","pollen","pollen","pollen","pollen","pollen","pollen","pollen","spore","pollen","spore","pollen","pollen","pollen","pollen","pollen","pollen","pollen","pollen","pollen","pollen","pollen","spore","pollen","pollen","pollen","pollen","pollen","pollen","pollen","pollen","pollen","pollen","pollen","pollen","spore","pollen","pollen","pollen","pollen","pollen","pollen","spore","pollen","pollen","pollen","pollen","pollen","pollen","pollen","pollen","pollen","spore","pollen","pollen","pollen","pollen","pollen","pollen","pollen","pollen","pollen","pollen/spore","pollen","pollen","pollen","spore","spore","pollen","pollen","pollen","pollen","pollen","pollen","spore","pollen","pollen","pollen","pollen","pollen","pollen","pollen","pollen","spore","pollen","pollen","pollen","pollen","pollen","pollen","pollen","pollen","Lake Victoria (Shirati Bay) LV4",33.7961333333333,33.7961333333333,-1.04943333333333,-1.04943333333333,1135,6880000,"Tanzania",NA,NA,NA,NA,68,33135,"LVC18_S4","Lake Victoria LV4","Core","UWITEC piston corer","2018-10-01",NA,"Natural Lake",63,"30 km away from the shore in the Shirati Bay",NA,NA,NA,NA,NA,NA,NA,"2,10,12,3,16",44877,"8777,15357,20039,20044,9599","Gobet, E.|Grosjean, M.|Muschick, M.|Seehausen, O.|Tinner, W.",4,"Depth",15,"Carbon-14","Radiocarbon years BP",171,2,"BE-16250",3670,70,70,1,70,"False","Charcoal","","Temotzin-Loranca et al. 2023",2,20036,"Temoltzin-Loranca, Y.",3740,3600,3,15357,15357,"Grosjean, Martin","Grosjean, M.","Grosjean","Martin","M.","Prof. Dr.","active","Institute of Geography
University of Bern
Erlachstrasse 9a
3012 Bern, Switzerland","martin.grosjean@giub.unibe.ch","","","",1,"false","journal article",20442,"https://doi.org/10.1016/j.quascirev.2022.107915",2023,"Temoltzin-Loranca, Y., E. Gobet, B. Vannière, J.F.N. van Leeuwen, G. Wienhues, S. Szidat, C. Courtney-Mustaphi, M. Kishe, M. Muschick, O. Seehausen, M. Grosjean, and W. Tinner. 2023. A chronologically reliable record of 17,000 years of biomass burning in the Lake Victoria area. Quaternary Science Reviews 301:107915. [DOI: https://doi.org/10.1016/j.quascirev.2022.107915]","A chronologically reliable record of 17,000 years of biomass burning in the Lake Victoria area","Quaternary Science Reviews",301,107915,1,17,"van Leeuwen","J.F.N.","20036,8777,9974,15224,20037,13851,18278,20038,20039,20044,15357,9599","Temoltzin-Loranca, Y.|Gobet, E.|Vannière, B.|van Leeuwen, J.F.N.|Wienhues, G.|Szidat, S.|Courtney-Mustaphi, C.J.|Kishe, M.|Muschick, M.|Seehausen, O.|Grosjean, M.|Tinner, W.",15695,"18278,8777,15357,9224,20040,20038,20043,20041,20039,20042,20044,20036,9599,15224,9974,10026,20037","Morales-Molino, C.","Courtney-Mustaphi, C.J.|Gobet, E.|Grosjean, M.|Heiri, O.|King, L.|Kishe, M.|Matthews, B.|Misra, P.|Muschick, M.|Ngoepe, N.|Seehausen, O.|Temoltzin-Loranca, Y.|Tinner, W.|van Leeuwen, J.F.N.|Vannière, B.|Vogel, H.|Wienhues, G.","Pollen","LV4 pollen",1,"Temoltzin-Loranca et al. (2023)","Calendar years BP","True",NA,"rbacon",16700,-50,NA,"Temotzin-Loranca, Y.",15,20036,"Temoltzin-Loranca, Y.",NA,NA,NA,NA,"Radiocarbon"
377,1,1,8506,1,4,9666,102,0,0,0,0,0,0,0,0,0,0,0,11,28,1,0,2,0,0,0,1,5,0,0,0,0,2,0,1,0,0,31,0,0,0,0,0,0,0,3,0,0,0,0,0,0,9,0,2,0,0,0,0,0,0,0,0,0,0,0,0,0,0,0,0,0,0,2,0,0,0,0,0,0,0,0,8,0,2,1,161,7,0,2,0,0,0,0,17,0,0,0,0,0,0,0,0,103,3,19,0,0,0,0,0,0,0,0,1,0,0,0,0,0,2,1,0,0,0,3,0,0,0,16,0,4,0,1,0,"ml","number","spores/tablet","number","NISP","NISP","NISP","NISP","NISP","NISP","NISP","NISP","NISP","NISP","NISP","NISP","NISP","NISP","NISP","NISP","NISP","NISP","NISP","NISP","NISP","NISP","NISP","NISP","NISP","NISP","NISP","NISP","NISP","NISP","NISP","NISP","NISP","NISP","NISP","NISP","NISP","NISP","NISP","NISP","NISP","NISP","NISP","NISP","NISP","NISP","NISP","NISP","NISP","NISP","NISP","NISP","NISP","NISP","NISP","NISP","NISP","NISP","NISP","NISP","NISP","NISP","NISP","NISP","NISP","NISP","NISP","NISP","NISP","NISP","NISP","NISP","NISP","NISP","NISP","NISP","NISP","NISP","NISP","NISP","NISP","NISP","NISP","NISP","NISP","NISP","NISP","NISP","NISP","NISP","NISP","NISP","NISP","NISP","NISP","NISP","NISP","NISP","NISP","NISP","NISP","NISP","NISP","NISP","NISP","NISP","NISP","NISP","NISP","NISP","NISP","NISP","NISP","NISP","NISP","NISP","NISP","NISP","NISP","NISP","NISP","NISP","NISP","NISP","NISP","NISP","NISP","NISP","volume","quantity added","concentration","counted","pollen","pollen","pollen","pollen","pollen","pollen","pollen","pollen","pollen","pollen","pollen","pollen","pollen","pollen","pollen","pollen","pollen","spore","spore","pollen","pollen","pollen","pollen","pollen","pollen","pollen","spore","pollen","pollen","pollen","pollen","pollen","pollen","pollen","pollen","pollen","pollen","pollen","pollen","pollen","pollen","pollen","pollen","pollen","spore","pollen","spore","pollen","pollen","pollen","pollen","pollen","pollen","pollen","pollen","pollen","pollen","pollen","spore","pollen","pollen","pollen","pollen","pollen","pollen","pollen","pollen","pollen","pollen","pollen","pollen","spore","pollen","pollen","pollen","pollen","pollen","pollen","spore","pollen","pollen","pollen","pollen","pollen","pollen","pollen","pollen","pollen","spore","pollen","pollen","pollen","pollen","pollen","pollen","pollen","pollen","pollen","pollen/spore","pollen","pollen","pollen","spore","spore","pollen","pollen","pollen","pollen","pollen","pollen","spore","pollen","pollen","pollen","pollen","pollen","pollen","pollen","pollen","spore","pollen","pollen","pollen","pollen","pollen","pollen","pollen","pollen","Lake Victoria (Shirati Bay) LV4",33.7961333333333,33.7961333333333,-1.04943333333333,-1.04943333333333,1135,6880000,"Tanzania",NA,NA,NA,NA,68,33135,"LVC18_S4","Lake Victoria LV4","Core","UWITEC piston corer","2018-10-01",NA,"Natural Lake",63,"30 km away from the shore in the Shirati Bay",NA,NA,NA,NA,NA,NA,NA,"2,10,12,3,16",44877,"8777,15357,20039,20044,9599","Gobet, E.|Grosjean, M.|Muschick, M.|Seehausen, O.|Tinner, W.",4,"Depth",15,"Carbon-14","Radiocarbon years BP",171,2,"BE-16250",3670,70,70,1,70,"False","Charcoal","","Temotzin-Loranca et al. 2023",2,20036,"Temoltzin-Loranca, Y.",3740,3600,3,15357,15357,"Grosjean, Martin","Grosjean, M.","Grosjean","Martin","M.","Prof. Dr.","active","Institute of Geography
University of Bern
Erlachstrasse 9a
3012 Bern, Switzerland","martin.grosjean@giub.unibe.ch","","","",1,"false","journal article",20442,"https://doi.org/10.1016/j.quascirev.2022.107915",2023,"Temoltzin-Loranca, Y., E. Gobet, B. Vannière, J.F.N. van Leeuwen, G. Wienhues, S. Szidat, C. Courtney-Mustaphi, M. Kishe, M. Muschick, O. Seehausen, M. Grosjean, and W. Tinner. 2023. A chronologically reliable record of 17,000 years of biomass burning in the Lake Victoria area. Quaternary Science Reviews 301:107915. [DOI: https://doi.org/10.1016/j.quascirev.2022.107915]","A chronologically reliable record of 17,000 years of biomass burning in the Lake Victoria area","Quaternary Science Reviews",301,107915,1,17,"van Leeuwen","J.F.N.","20036,8777,9974,15224,20037,13851,18278,20038,20039,20044,15357,9599","Temoltzin-Loranca, Y.|Gobet, E.|Vannière, B.|van Leeuwen, J.F.N.|Wienhues, G.|Szidat, S.|Courtney-Mustaphi, C.J.|Kishe, M.|Muschick, M.|Seehausen, O.|Grosjean, M.|Tinner, W.",15695,"18278,8777,15357,9224,20040,20038,20043,20041,20039,20042,20044,20036,9599,15224,9974,10026,20037","Morales-Molino, C.","Courtney-Mustaphi, C.J.|Gobet, E.|Grosjean, M.|Heiri, O.|King, L.|Kishe, M.|Matthews, B.|Misra, P.|Muschick, M.|Ngoepe, N.|Seehausen, O.|Temoltzin-Loranca, Y.|Tinner, W.|van Leeuwen, J.F.N.|Vannière, B.|Vogel, H.|Wienhues, G.","Pollen","LV4 pollen",1,"Temoltzin-Loranca et al. (2023)","Calendar years BP","True",NA,"rbacon",16700,-50,NA,"Temotzin-Loranca, Y.",15,20036,"Temoltzin-Loranca, Y.",NA,NA,NA,NA,"Radiocarbon"
410,1,1,9134,1,4,9666,146,0,0,0,2,1,0,0,0,0,0,0,12,29,0,0,1,0,0,0,1,8,0,0,0,0,0,0,2,0,0,27,0,0,0,1,0,1,0,2,0,0,1,0,0,0,20,0,0,0,1,0,0,0,0,0,0,0,0,0,0,0,1,0,0,0,0,2,0,0,0,0,2,0,0,0,18,0,0,2,165,3,1,1,1,2,0,0,37,0,0,0,0,0,0,2,0,115,9,9,0,1,0,2,0,1,0,0,0,0,0,0,0,0,2,1,0,0,0,1,0,1,0,17,0,0,0,0,0,"ml","number","spores/tablet","number","NISP","NISP","NISP","NISP","NISP","NISP","NISP","NISP","NISP","NISP","NISP","NISP","NISP","NISP","NISP","NISP","NISP","NISP","NISP","NISP","NISP","NISP","NISP","NISP","NISP","NISP","NISP","NISP","NISP","NISP","NISP","NISP","NISP","NISP","NISP","NISP","NISP","NISP","NISP","NISP","NISP","NISP","NISP","NISP","NISP","NISP","NISP","NISP","NISP","NISP","NISP","NISP","NISP","NISP","NISP","NISP","NISP","NISP","NISP","NISP","NISP","NISP","NISP","NISP","NISP","NISP","NISP","NISP","NISP","NISP","NISP","NISP","NISP","NISP","NISP","NISP","NISP","NISP","NISP","NISP","NISP","NISP","NISP","NISP","NISP","NISP","NISP","NISP","NISP","NISP","NISP","NISP","NISP","NISP","NISP","NISP","NISP","NISP","NISP","NISP","NISP","NISP","NISP","NISP","NISP","NISP","NISP","NISP","NISP","NISP","NISP","NISP","NISP","NISP","NISP","NISP","NISP","NISP","NISP","NISP","NISP","NISP","NISP","NISP","NISP","NISP","NISP","NISP","volume","quantity added","concentration","counted","pollen","pollen","pollen","pollen","pollen","pollen","pollen","pollen","pollen","pollen","pollen","pollen","pollen","pollen","pollen","pollen","pollen","spore","spore","pollen","pollen","pollen","pollen","pollen","pollen","pollen","spore","pollen","pollen","pollen","pollen","pollen","pollen","pollen","pollen","pollen","pollen","pollen","pollen","pollen","pollen","pollen","pollen","pollen","spore","pollen","spore","pollen","pollen","pollen","pollen","pollen","pollen","pollen","pollen","pollen","pollen","pollen","spore","pollen","pollen","pollen","pollen","pollen","pollen","pollen","pollen","pollen","pollen","pollen","pollen","spore","pollen","pollen","pollen","pollen","pollen","pollen","spore","pollen","pollen","pollen","pollen","pollen","pollen","pollen","pollen","pollen","spore","pollen","pollen","pollen","pollen","pollen","pollen","pollen","pollen","pollen","pollen/spore","pollen","pollen","pollen","spore","spore","pollen","pollen","pollen","pollen","pollen","pollen","spore","pollen","pollen","pollen","pollen","pollen","pollen","pollen","pollen","spore","pollen","pollen","pollen","pollen","pollen","pollen","pollen","pollen","Lake Victoria (Shirati Bay) LV4",33.7961333333333,33.7961333333333,-1.04943333333333,-1.04943333333333,1135,6880000,"Tanzania",NA,NA,NA,NA,68,33135,"LVC18_S4","Lake Victoria LV4","Core","UWITEC piston corer","2018-10-01",NA,"Natural Lake",63,"30 km away from the shore in the Shirati Bay",NA,NA,NA,NA,NA,NA,NA,"2,10,12,3,16",44877,"8777,15357,20039,20044,9599","Gobet, E.|Grosjean, M.|Muschick, M.|Seehausen, O.|Tinner, W.",4,"Depth",15,"Carbon-14","Radiocarbon years BP",171,2,"BE-16250",3670,70,70,1,70,"False","Charcoal","","Temotzin-Loranca et al. 2023",2,20036,"Temoltzin-Loranca, Y.",3740,3600,3,15357,15357,"Grosjean, Martin","Grosjean, M.","Grosjean","Martin","M.","Prof. Dr.","active","Institute of Geography
University of Bern
Erlachstrasse 9a
3012 Bern, Switzerland","martin.grosjean@giub.unibe.ch","","","",1,"false","journal article",20442,"https://doi.org/10.1016/j.quascirev.2022.107915",2023,"Temoltzin-Loranca, Y., E. Gobet, B. Vannière, J.F.N. van Leeuwen, G. Wienhues, S. Szidat, C. Courtney-Mustaphi, M. Kishe, M. Muschick, O. Seehausen, M. Grosjean, and W. Tinner. 2023. A chronologically reliable record of 17,000 years of biomass burning in the Lake Victoria area. Quaternary Science Reviews 301:107915. [DOI: https://doi.org/10.1016/j.quascirev.2022.107915]","A chronologically reliable record of 17,000 years of biomass burning in the Lake Victoria area","Quaternary Science Reviews",301,107915,1,20,"Wienhues","G.","20036,8777,9974,15224,20037,13851,18278,20038,20039,20044,15357,9599","Temoltzin-Loranca, Y.|Gobet, E.|Vannière, B.|van Leeuwen, J.F.N.|Wienhues, G.|Szidat, S.|Courtney-Mustaphi, C.J.|Kishe, M.|Muschick, M.|Seehausen, O.|Grosjean, M.|Tinner, W.",15695,"18278,8777,15357,9224,20040,20038,20043,20041,20039,20042,20044,20036,9599,15224,9974,10026,20037","Morales-Molino, C.","Courtney-Mustaphi, C.J.|Gobet, E.|Grosjean, M.|Heiri, O.|King, L.|Kishe, M.|Matthews, B.|Misra, P.|Muschick, M.|Ngoepe, N.|Seehausen, O.|Temoltzin-Loranca, Y.|Tinner, W.|van Leeuwen, J.F.N.|Vannière, B.|Vogel, H.|Wienhues, G.","Pollen","LV4 pollen",1,"Temoltzin-Loranca et al. (2023)","Calendar years BP","True",NA,"rbacon",16700,-50,NA,"Temotzin-Loranca, Y.",15,20036,"Temoltzin-Loranca, Y.",NA,NA,NA,NA,"Radiocarbon"
411,1,1,9134,1,4,9666,146,0,0,0,2,1,0,0,0,0,0,0,12,29,0,0,1,0,0,0,1,8,0,0,0,0,0,0,2,0,0,27,0,0,0,1,0,1,0,2,0,0,1,0,0,0,20,0,0,0,1,0,0,0,0,0,0,0,0,0,0,0,1,0,0,0,0,2,0,0,0,0,2,0,0,0,18,0,0,2,165,3,1,1,1,0,0,0,37,0,0,0,0,0,0,2,0,115,9,9,0,1,0,2,0,1,0,0,0,0,2,0,0,0,2,1,0,0,0,1,0,1,0,17,0,0,0,0,0,"ml","number","spores/tablet","number","NISP","NISP","NISP","NISP","NISP","NISP","NISP","NISP","NISP","NISP","NISP","NISP","NISP","NISP","NISP","NISP","NISP","NISP","NISP","NISP","NISP","NISP","NISP","NISP","NISP","NISP","NISP","NISP","NISP","NISP","NISP","NISP","NISP","NISP","NISP","NISP","NISP","NISP","NISP","NISP","NISP","NISP","NISP","NISP","NISP","NISP","NISP","NISP","NISP","NISP","NISP","NISP","NISP","NISP","NISP","NISP","NISP","NISP","NISP","NISP","NISP","NISP","NISP","NISP","NISP","NISP","NISP","NISP","NISP","NISP","NISP","NISP","NISP","NISP","NISP","NISP","NISP","NISP","NISP","NISP","NISP","NISP","NISP","NISP","NISP","NISP","NISP","NISP","NISP","NISP","NISP","NISP","NISP","NISP","NISP","NISP","NISP","NISP","NISP","NISP","NISP","NISP","NISP","NISP","NISP","NISP","NISP","NISP","NISP","NISP","NISP","NISP","NISP","NISP","NISP","NISP","NISP","NISP","NISP","NISP","NISP","NISP","NISP","NISP","NISP","NISP","NISP","NISP","volume","quantity added","concentration","counted","pollen","pollen","pollen","pollen","pollen","pollen","pollen","pollen","pollen","pollen","pollen","pollen","pollen","pollen","pollen","pollen","pollen","spore","spore","pollen","pollen","pollen","pollen","pollen","pollen","pollen","spore","pollen","pollen","pollen","pollen","pollen","pollen","pollen","pollen","pollen","pollen","pollen","pollen","pollen","pollen","pollen","pollen","pollen","spore","pollen","spore","pollen","pollen","pollen","pollen","pollen","pollen","pollen","pollen","pollen","pollen","pollen","spore","pollen","pollen","pollen","pollen","pollen","pollen","pollen","pollen","pollen","pollen","pollen","pollen","spore","pollen","pollen","pollen","pollen","pollen","pollen","spore","pollen","pollen","pollen","pollen","pollen","pollen","pollen","pollen","pollen","spore","pollen","pollen","pollen","pollen","pollen","pollen","pollen","pollen","pollen","pollen/spore","pollen","pollen","pollen","spore","spore","pollen","pollen","pollen","pollen","pollen","pollen","spore","pollen","pollen","pollen","pollen","pollen","pollen","pollen","pollen","spore","pollen","pollen","pollen","pollen","pollen","pollen","pollen","pollen","Lake Victoria (Shirati Bay) LV4",33.7961333333333,33.7961333333333,-1.04943333333333,-1.04943333333333,1135,6880000,"Tanzania",NA,NA,NA,NA,68,33135,"LVC18_S4","Lake Victoria LV4","Core","UWITEC piston corer","2018-10-01",NA,"Natural Lake",63,"30 km away from the shore in the Shirati Bay",NA,NA,NA,NA,NA,NA,NA,"2,10,12,3,16",44877,"8777,15357,20039,20044,9599","Gobet, E.|Grosjean, M.|Muschick, M.|Seehausen, O.|Tinner, W.",4,"Depth",15,"Carbon-14","Radiocarbon years BP",171,2,"BE-16250",3670,70,70,1,70,"False","Charcoal","","Temotzin-Loranca et al. 2023",2,20036,"Temoltzin-Loranca, Y.",3740,3600,3,15357,15357,"Grosjean, Martin","Grosjean, M.","Grosjean","Martin","M.","Prof. Dr.","active","Institute of Geography
University of Bern
Erlachstrasse 9a
3012 Bern, Switzerland","martin.grosjean@giub.unibe.ch","","","",1,"false","journal article",20442,"https://doi.org/10.1016/j.quascirev.2022.107915",2023,"Temoltzin-Loranca, Y., E. Gobet, B. Vannière, J.F.N. van Leeuwen, G. Wienhues, S. Szidat, C. Courtney-Mustaphi, M. Kishe, M. Muschick, O. Seehausen, M. Grosjean, and W. Tinner. 2023. A chronologically reliable record of 17,000 years of biomass burning in the Lake Victoria area. Quaternary Science Reviews 301:107915. [DOI: https://doi.org/10.1016/j.quascirev.2022.107915]","A chronologically reliable record of 17,000 years of biomass burning in the Lake Victoria area","Quaternary Science Reviews",301,107915,1,20,"Wienhues","G.","20036,8777,9974,15224,20037,13851,18278,20038,20039,20044,15357,9599","Temoltzin-Loranca, Y.|Gobet, E.|Vannière, B.|van Leeuwen, J.F.N.|Wienhues, G.|Szidat, S.|Courtney-Mustaphi, C.J.|Kishe, M.|Muschick, M.|Seehausen, O.|Grosjean, M.|Tinner, W.",15695,"18278,8777,15357,9224,20040,20038,20043,20041,20039,20042,20044,20036,9599,15224,9974,10026,20037","Morales-Molino, C.","Courtney-Mustaphi, C.J.|Gobet, E.|Grosjean, M.|Heiri, O.|King, L.|Kishe, M.|Matthews, B.|Misra, P.|Muschick, M.|Ngoepe, N.|Seehausen, O.|Temoltzin-Loranca, Y.|Tinner, W.|van Leeuwen, J.F.N.|Vannière, B.|Vogel, H.|Wienhues, G.","Pollen","LV4 pollen",1,"Temoltzin-Loranca et al. (2023)","Calendar years BP","True",NA,"rbacon",16700,-50,NA,"Temotzin-Loranca, Y.",15,20036,"Temoltzin-Loranca, Y.",NA,NA,NA,NA,"Radiocarbon"
444,1,1,9677,1,4,9666,83,0,0,0,1,1,0,0,0,1,0,1,16,15,1,0,1,0,0,0,0,6,0,0,0,0,0,0,0,0,0,23,0,0,0,0,0,0,0,1,1,0,0,0,0,0,14,0,0,0,0,0,0,0,0,0,0,0,0,0,0,0,0,0,0,0,0,0,0,0,0,0,1,0,0,0,11,0,0,0,188,4,8,2,0,1,0,0,42,0,0,1,0,0,0,6,0,67,1,18,0,0,0,1,0,0,1,0,0,0,0,0,0,1,1,0,0,0,1,0,0,0,0,21,0,4,0,0,0,"ml","number","spores/tablet","number","NISP","NISP","NISP","NISP","NISP","NISP","NISP","NISP","NISP","NISP","NISP","NISP","NISP","NISP","NISP","NISP","NISP","NISP","NISP","NISP","NISP","NISP","NISP","NISP","NISP","NISP","NISP","NISP","NISP","NISP","NISP","NISP","NISP","NISP","NISP","NISP","NISP","NISP","NISP","NISP","NISP","NISP","NISP","NISP","NISP","NISP","NISP","NISP","NISP","NISP","NISP","NISP","NISP","NISP","NISP","NISP","NISP","NISP","NISP","NISP","NISP","NISP","NISP","NISP","NISP","NISP","NISP","NISP","NISP","NISP","NISP","NISP","NISP","NISP","NISP","NISP","NISP","NISP","NISP","NISP","NISP","NISP","NISP","NISP","NISP","NISP","NISP","NISP","NISP","NISP","NISP","NISP","NISP","NISP","NISP","NISP","NISP","NISP","NISP","NISP","NISP","NISP","NISP","NISP","NISP","NISP","NISP","NISP","NISP","NISP","NISP","NISP","NISP","NISP","NISP","NISP","NISP","NISP","NISP","NISP","NISP","NISP","NISP","NISP","NISP","NISP","NISP","NISP","volume","quantity added","concentration","counted","pollen","pollen","pollen","pollen","pollen","pollen","pollen","pollen","pollen","pollen","pollen","pollen","pollen","pollen","pollen","pollen","pollen","spore","spore","pollen","pollen","pollen","pollen","pollen","pollen","pollen","spore","pollen","pollen","pollen","pollen","pollen","pollen","pollen","pollen","pollen","pollen","pollen","pollen","pollen","pollen","pollen","pollen","pollen","spore","pollen","spore","pollen","pollen","pollen","pollen","pollen","pollen","pollen","pollen","pollen","pollen","pollen","spore","pollen","pollen","pollen","pollen","pollen","pollen","pollen","pollen","pollen","pollen","pollen","pollen","spore","pollen","pollen","pollen","pollen","pollen","pollen","spore","pollen","pollen","pollen","pollen","pollen","pollen","pollen","pollen","pollen","spore","pollen","pollen","pollen","pollen","pollen","pollen","pollen","pollen","pollen","pollen/spore","pollen","pollen","pollen","spore","spore","pollen","pollen","pollen","pollen","pollen","pollen","spore","pollen","pollen","pollen","pollen","pollen","pollen","pollen","pollen","spore","pollen","pollen","pollen","pollen","pollen","pollen","pollen","pollen","Lake Victoria (Shirati Bay) LV4",33.7961333333333,33.7961333333333,-1.04943333333333,-1.04943333333333,1135,6880000,"Tanzania",NA,NA,NA,NA,68,33135,"LVC18_S4","Lake Victoria LV4","Core","UWITEC piston corer","2018-10-01",NA,"Natural Lake",63,"30 km away from the shore in the Shirati Bay",NA,NA,NA,NA,NA,NA,NA,"2,10,12,3,16",44877,"8777,15357,20039,20044,9599","Gobet, E.|Grosjean, M.|Muschick, M.|Seehausen, O.|Tinner, W.",4,"Depth",15,"Carbon-14","Radiocarbon years BP",171,2,"BE-16250",3670,70,70,1,70,"False","Charcoal","","Temotzin-Loranca et al. 2023",2,20036,"Temoltzin-Loranca, Y.",3740,3600,3,15357,15357,"Grosjean, Martin","Grosjean, M.","Grosjean","Martin","M.","Prof. Dr.","active","Institute of Geography
University of Bern
Erlachstrasse 9a
3012 Bern, Switzerland","martin.grosjean@giub.unibe.ch","","","",1,"false","journal article",20442,"https://doi.org/10.1016/j.quascirev.2022.107915",2023,"Temoltzin-Loranca, Y., E. Gobet, B. Vannière, J.F.N. van Leeuwen, G. Wienhues, S. Szidat, C. Courtney-Mustaphi, M. Kishe, M. Muschick, O. Seehausen, M. Grosjean, and W. Tinner. 2023. A chronologically reliable record of 17,000 years of biomass burning in the Lake Victoria area. Quaternary Science Reviews 301:107915. [DOI: https://doi.org/10.1016/j.quascirev.2022.107915]","A chronologically reliable record of 17,000 years of biomass burning in the Lake Victoria area","Quaternary Science Reviews",301,107915,1,20,"Wienhues","G.","20036,8777,9974,15224,20037,13851,18278,20038,20039,20044,15357,9599","Temoltzin-Loranca, Y.|Gobet, E.|Vannière, B.|van Leeuwen, J.F.N.|Wienhues, G.|Szidat, S.|Courtney-Mustaphi, C.J.|Kishe, M.|Muschick, M.|Seehausen, O.|Grosjean, M.|Tinner, W.",15695,"18278,8777,15357,9224,20040,20038,20043,20041,20039,20042,20044,20036,9599,15224,9974,10026,20037","Morales-Molino, C.","Courtney-Mustaphi, C.J.|Gobet, E.|Grosjean, M.|Heiri, O.|King, L.|Kishe, M.|Matthews, B.|Misra, P.|Muschick, M.|Ngoepe, N.|Seehausen, O.|Temoltzin-Loranca, Y.|Tinner, W.|van Leeuwen, J.F.N.|Vannière, B.|Vogel, H.|Wienhues, G.","Pollen","LV4 pollen",1,"Temoltzin-Loranca et al. (2023)","Calendar years BP","True",NA,"rbacon",16700,-50,NA,"Temotzin-Loranca, Y.",15,20036,"Temoltzin-Loranca, Y.",NA,NA,NA,NA,"Radiocarbon"
445,1,1,9677,1,4,9666,83,0,0,0,1,1,0,0,0,1,0,1,16,15,1,0,1,0,0,0,0,6,0,0,0,0,0,0,0,0,0,23,0,0,0,0,0,0,0,1,1,0,0,0,0,0,14,0,0,0,0,0,0,0,0,0,0,0,0,0,0,0,0,0,0,0,0,0,0,0,0,0,1,0,0,0,11,0,0,0,188,4,8,2,0,0,0,0,42,0,0,1,0,0,0,6,0,67,1,18,0,0,0,1,0,0,1,0,0,0,1,0,0,0,1,0,0,0,1,0,0,0,0,21,0,4,0,0,0,"ml","number","spores/tablet","number","NISP","NISP","NISP","NISP","NISP","NISP","NISP","NISP","NISP","NISP","NISP","NISP","NISP","NISP","NISP","NISP","NISP","NISP","NISP","NISP","NISP","NISP","NISP","NISP","NISP","NISP","NISP","NISP","NISP","NISP","NISP","NISP","NISP","NISP","NISP","NISP","NISP","NISP","NISP","NISP","NISP","NISP","NISP","NISP","NISP","NISP","NISP","NISP","NISP","NISP","NISP","NISP","NISP","NISP","NISP","NISP","NISP","NISP","NISP","NISP","NISP","NISP","NISP","NISP","NISP","NISP","NISP","NISP","NISP","NISP","NISP","NISP","NISP","NISP","NISP","NISP","NISP","NISP","NISP","NISP","NISP","NISP","NISP","NISP","NISP","NISP","NISP","NISP","NISP","NISP","NISP","NISP","NISP","NISP","NISP","NISP","NISP","NISP","NISP","NISP","NISP","NISP","NISP","NISP","NISP","NISP","NISP","NISP","NISP","NISP","NISP","NISP","NISP","NISP","NISP","NISP","NISP","NISP","NISP","NISP","NISP","NISP","NISP","NISP","NISP","NISP","NISP","NISP","volume","quantity added","concentration","counted","pollen","pollen","pollen","pollen","pollen","pollen","pollen","pollen","pollen","pollen","pollen","pollen","pollen","pollen","pollen","pollen","pollen","spore","spore","pollen","pollen","pollen","pollen","pollen","pollen","pollen","spore","pollen","pollen","pollen","pollen","pollen","pollen","pollen","pollen","pollen","pollen","pollen","pollen","pollen","pollen","pollen","pollen","pollen","spore","pollen","spore","pollen","pollen","pollen","pollen","pollen","pollen","pollen","pollen","pollen","pollen","pollen","spore","pollen","pollen","pollen","pollen","pollen","pollen","pollen","pollen","pollen","pollen","pollen","pollen","spore","pollen","pollen","pollen","pollen","pollen","pollen","spore","pollen","pollen","pollen","pollen","pollen","pollen","pollen","pollen","pollen","spore","pollen","pollen","pollen","pollen","pollen","pollen","pollen","pollen","pollen","pollen/spore","pollen","pollen","pollen","spore","spore","pollen","pollen","pollen","pollen","pollen","pollen","spore","pollen","pollen","pollen","pollen","pollen","pollen","pollen","pollen","spore","pollen","pollen","pollen","pollen","pollen","pollen","pollen","pollen","Lake Victoria (Shirati Bay) LV4",33.7961333333333,33.7961333333333,-1.04943333333333,-1.04943333333333,1135,6880000,"Tanzania",NA,NA,NA,NA,68,33135,"LVC18_S4","Lake Victoria LV4","Core","UWITEC piston corer","2018-10-01",NA,"Natural Lake",63,"30 km away from the shore in the Shirati Bay",NA,NA,NA,NA,NA,NA,NA,"2,10,12,3,16",44877,"8777,15357,20039,20044,9599","Gobet, E.|Grosjean, M.|Muschick, M.|Seehausen, O.|Tinner, W.",4,"Depth",15,"Carbon-14","Radiocarbon years BP",171,2,"BE-16250",3670,70,70,1,70,"False","Charcoal","","Temotzin-Loranca et al. 2023",2,20036,"Temoltzin-Loranca, Y.",3740,3600,4,9224,9224,"Heiri, Oliver","Heiri, O.","Heiri","Oliver","O.","Prof. Dr.","active","Geoecology Research Group
University of Basel
Klingelbergstrasse 27
4056 Basel
Switzerland","oliver.heiri@unibas.ch","+41 31 631 51 95","https://duw.unibas.ch/en/geoecology/staff/oliver-heiri-englisch/","",1,"false","journal article",20442,"https://doi.org/10.1016/j.quascirev.2022.107915",2023,"Temoltzin-Loranca, Y., E. Gobet, B. Vannière, J.F.N. van Leeuwen, G. Wienhues, S. Szidat, C. Courtney-Mustaphi, M. Kishe, M. Muschick, O. Seehausen, M. Grosjean, and W. Tinner. 2023. A chronologically reliable record of 17,000 years of biomass burning in the Lake Victoria area. Quaternary Science Reviews 301:107915. [DOI: https://doi.org/10.1016/j.quascirev.2022.107915]","A chronologically reliable record of 17,000 years of biomass burning in the Lake Victoria area","Quaternary Science Reviews",301,107915,1,20,"Wienhues","G.","20036,8777,9974,15224,20037,13851,18278,20038,20039,20044,15357,9599","Temoltzin-Loranca, Y.|Gobet, E.|Vannière, B.|van Leeuwen, J.F.N.|Wienhues, G.|Szidat, S.|Courtney-Mustaphi, C.J.|Kishe, M.|Muschick, M.|Seehausen, O.|Grosjean, M.|Tinner, W.",15695,"18278,8777,15357,9224,20040,20038,20043,20041,20039,20042,20044,20036,9599,15224,9974,10026,20037","Morales-Molino, C.","Courtney-Mustaphi, C.J.|Gobet, E.|Grosjean, M.|Heiri, O.|King, L.|Kishe, M.|Matthews, B.|Misra, P.|Muschick, M.|Ngoepe, N.|Seehausen, O.|Temoltzin-Loranca, Y.|Tinner, W.|van Leeuwen, J.F.N.|Vannière, B.|Vogel, H.|Wienhues, G.","Pollen","LV4 pollen",1,"Temoltzin-Loranca et al. (2023)","Calendar years BP","True",NA,"rbacon",16700,-50,NA,"Temotzin-Loranca, Y.",15,20036,"Temoltzin-Loranca, Y.",NA,NA,NA,NA,"Radiocarbon"
462,1,1,9983,1,4,9666,206,0,0,0,0,0,0,0,0,0,0,0,4,17,0,0,1,0,0,0,0,3,0,0,0,0,0,0,0,0,0,13,0,0,0,0,0,0,0,1,0,0,1,0,1,1,16,0,0,0,0,2,0,0,0,0,0,0,0,0,0,0,0,0,0,0,1,0,0,0,0,0,0,0,0,0,6,0,1,3,112,2,0,3,1,0,0,0,42,0,0,1,0,0,0,1,0,89,2,5,0,0,0,0,0,0,0,0,0,0,0,0,0,0,1,2,0,0,0,2,0,1,0,7,0,0,0,0,0,"ml","number","spores/tablet","number","NISP","NISP","NISP","NISP","NISP","NISP","NISP","NISP","NISP","NISP","NISP","NISP","NISP","NISP","NISP","NISP","NISP","NISP","NISP","NISP","NISP","NISP","NISP","NISP","NISP","NISP","NISP","NISP","NISP","NISP","NISP","NISP","NISP","NISP","NISP","NISP","NISP","NISP","NISP","NISP","NISP","NISP","NISP","NISP","NISP","NISP","NISP","NISP","NISP","NISP","NISP","NISP","NISP","NISP","NISP","NISP","NISP","NISP","NISP","NISP","NISP","NISP","NISP","NISP","NISP","NISP","NISP","NISP","NISP","NISP","NISP","NISP","NISP","NISP","NISP","NISP","NISP","NISP","NISP","NISP","NISP","NISP","NISP","NISP","NISP","NISP","NISP","NISP","NISP","NISP","NISP","NISP","NISP","NISP","NISP","NISP","NISP","NISP","NISP","NISP","NISP","NISP","NISP","NISP","NISP","NISP","NISP","NISP","NISP","NISP","NISP","NISP","NISP","NISP","NISP","NISP","NISP","NISP","NISP","NISP","NISP","NISP","NISP","NISP","NISP","NISP","NISP","NISP","volume","quantity added","concentration","counted","pollen","pollen","pollen","pollen","pollen","pollen","pollen","pollen","pollen","pollen","pollen","pollen","pollen","pollen","pollen","pollen","pollen","spore","spore","pollen","pollen","pollen","pollen","pollen","pollen","pollen","spore","pollen","pollen","pollen","pollen","pollen","pollen","pollen","pollen","pollen","pollen","pollen","pollen","pollen","pollen","pollen","pollen","pollen","spore","pollen","spore","pollen","pollen","pollen","pollen","pollen","pollen","pollen","pollen","pollen","pollen","pollen","spore","pollen","pollen","pollen","pollen","pollen","pollen","pollen","pollen","pollen","pollen","pollen","pollen","spore","pollen","pollen","pollen","pollen","pollen","pollen","spore","pollen","pollen","pollen","pollen","pollen","pollen","pollen","pollen","pollen","spore","pollen","pollen","pollen","pollen","pollen","pollen","pollen","pollen","pollen","pollen/spore","pollen","pollen","pollen","spore","spore","pollen","pollen","pollen","pollen","pollen","pollen","spore","pollen","pollen","pollen","pollen","pollen","pollen","pollen","pollen","spore","pollen","pollen","pollen","pollen","pollen","pollen","pollen","pollen","Lake Victoria (Shirati Bay) LV4",33.7961333333333,33.7961333333333,-1.04943333333333,-1.04943333333333,1135,6880000,"Tanzania",NA,NA,NA,NA,68,33135,"LVC18_S4","Lake Victoria LV4","Core","UWITEC piston corer","2018-10-01",NA,"Natural Lake",63,"30 km away from the shore in the Shirati Bay",NA,NA,NA,NA,NA,NA,NA,"2,10,12,3,16",44877,"8777,15357,20039,20044,9599","Gobet, E.|Grosjean, M.|Muschick, M.|Seehausen, O.|Tinner, W.",5,"Depth",15,"Carbon-14","Radiocarbon years BP",189,2,"BE-16251",3990,90,90,1,90,"False","Charcoal","","Temotzin-Loranca et al. 2023",2,20036,"Temoltzin-Loranca, Y.",4080,3900,4,9224,9224,"Heiri, Oliver","Heiri, O.","Heiri","Oliver","O.","Prof. Dr.","active","Geoecology Research Group
University of Basel
Klingelbergstrasse 27
4056 Basel
Switzerland","oliver.heiri@unibas.ch","+41 31 631 51 95","https://duw.unibas.ch/en/geoecology/staff/oliver-heiri-englisch/","",1,"false","journal article",20442,"https://doi.org/10.1016/j.quascirev.2022.107915",2023,"Temoltzin-Loranca, Y., E. Gobet, B. Vannière, J.F.N. van Leeuwen, G. Wienhues, S. Szidat, C. Courtney-Mustaphi, M. Kishe, M. Muschick, O. Seehausen, M. Grosjean, and W. Tinner. 2023. A chronologically reliable record of 17,000 years of biomass burning in the Lake Victoria area. Quaternary Science Reviews 301:107915. [DOI: https://doi.org/10.1016/j.quascirev.2022.107915]","A chronologically reliable record of 17,000 years of biomass burning in the Lake Victoria area","Quaternary Science Reviews",301,107915,1,20,"Wienhues","G.","20036,8777,9974,15224,20037,13851,18278,20038,20039,20044,15357,9599","Temoltzin-Loranca, Y.|Gobet, E.|Vannière, B.|van Leeuwen, J.F.N.|Wienhues, G.|Szidat, S.|Courtney-Mustaphi, C.J.|Kishe, M.|Muschick, M.|Seehausen, O.|Grosjean, M.|Tinner, W.",15695,"18278,8777,15357,9224,20040,20038,20043,20041,20039,20042,20044,20036,9599,15224,9974,10026,20037","Morales-Molino, C.","Courtney-Mustaphi, C.J.|Gobet, E.|Grosjean, M.|Heiri, O.|King, L.|Kishe, M.|Matthews, B.|Misra, P.|Muschick, M.|Ngoepe, N.|Seehausen, O.|Temoltzin-Loranca, Y.|Tinner, W.|van Leeuwen, J.F.N.|Vannière, B.|Vogel, H.|Wienhues, G.","Pollen","LV4 pollen",1,"Temoltzin-Loranca et al. (2023)","Calendar years BP","True",NA,"rbacon",16700,-50,NA,"Temotzin-Loranca, Y.",15,20036,"Temoltzin-Loranca, Y.",NA,NA,NA,NA,"Radiocarbon"
464,1,1,10016,1,4,9666,271,0,0,0,0,0,0,0,0,0,0,0,6,25,0,0,1,0,0,0,0,4,0,0,0,0,0,0,0,0,0,19,0,0,0,0,0,0,0,1,0,0,1,0,1,1,23,0,0,0,0,3,0,0,0,0,0,0,0,0,0,0,0,0,0,0,1,0,0,0,0,0,0,0,0,0,9,0,1,4,168,3,0,4,1,0,0,0,63,0,0,1,0,0,0,1,0,133,3,7,0,0,0,0,0,0,0,0,0,0,0,0,0,0,1,3,0,0,0,3,0,1,0,10,0,0,0,0,0,"ml","number","spores/tablet","number","NISP","NISP","NISP","NISP","NISP","NISP","NISP","NISP","NISP","NISP","NISP","NISP","NISP","NISP","NISP","NISP","NISP","NISP","NISP","NISP","NISP","NISP","NISP","NISP","NISP","NISP","NISP","NISP","NISP","NISP","NISP","NISP","NISP","NISP","NISP","NISP","NISP","NISP","NISP","NISP","NISP","NISP","NISP","NISP","NISP","NISP","NISP","NISP","NISP","NISP","NISP","NISP","NISP","NISP","NISP","NISP","NISP","NISP","NISP","NISP","NISP","NISP","NISP","NISP","NISP","NISP","NISP","NISP","NISP","NISP","NISP","NISP","NISP","NISP","NISP","NISP","NISP","NISP","NISP","NISP","NISP","NISP","NISP","NISP","NISP","NISP","NISP","NISP","NISP","NISP","NISP","NISP","NISP","NISP","NISP","NISP","NISP","NISP","NISP","NISP","NISP","NISP","NISP","NISP","NISP","NISP","NISP","NISP","NISP","NISP","NISP","NISP","NISP","NISP","NISP","NISP","NISP","NISP","NISP","NISP","NISP","NISP","NISP","NISP","NISP","NISP","NISP","NISP","volume","quantity added","concentration","counted","pollen","pollen","pollen","pollen","pollen","pollen","pollen","pollen","pollen","pollen","pollen","pollen","pollen","pollen","pollen","pollen","pollen","spore","spore","pollen","pollen","pollen","pollen","pollen","pollen","pollen","spore","pollen","pollen","pollen","pollen","pollen","pollen","pollen","pollen","pollen","pollen","pollen","pollen","pollen","pollen","pollen","pollen","pollen","spore","pollen","spore","pollen","pollen","pollen","pollen","pollen","pollen","pollen","pollen","pollen","pollen","pollen","spore","pollen","pollen","pollen","pollen","pollen","pollen","pollen","pollen","pollen","pollen","pollen","pollen","spore","pollen","pollen","pollen","pollen","pollen","pollen","spore","pollen","pollen","pollen","pollen","pollen","pollen","pollen","pollen","pollen","spore","pollen","pollen","pollen","pollen","pollen","pollen","pollen","pollen","pollen","pollen/spore","pollen","pollen","pollen","spore","spore","pollen","pollen","pollen","pollen","pollen","pollen","spore","pollen","pollen","pollen","pollen","pollen","pollen","pollen","pollen","spore","pollen","pollen","pollen","pollen","pollen","pollen","pollen","pollen","Lake Victoria (Shirati Bay) LV4",33.7961333333333,33.7961333333333,-1.04943333333333,-1.04943333333333,1135,6880000,"Tanzania",NA,NA,NA,NA,68,33135,"LVC18_S4","Lake Victoria LV4","Core","UWITEC piston corer","2018-10-01",NA,"Natural Lake",63,"30 km away from the shore in the Shirati Bay",NA,NA,NA,NA,NA,NA,NA,"2,10,12,3,16",44877,"8777,15357,20039,20044,9599","Gobet, E.|Grosjean, M.|Muschick, M.|Seehausen, O.|Tinner, W.",5,"Depth",15,"Carbon-14","Radiocarbon years BP",189,2,"BE-16251",3990,90,90,1,90,"False","Charcoal","","Temotzin-Loranca et al. 2023",2,20036,"Temoltzin-Loranca, Y.",4080,3900,4,9224,9224,"Heiri, Oliver","Heiri, O.","Heiri","Oliver","O.","Prof. Dr.","active","Geoecology Research Group
University of Basel
Klingelbergstrasse 27
4056 Basel
Switzerland","oliver.heiri@unibas.ch","+41 31 631 51 95","https://duw.unibas.ch/en/geoecology/staff/oliver-heiri-englisch/","",1,"false","journal article",20442,"https://doi.org/10.1016/j.quascirev.2022.107915",2023,"Temoltzin-Loranca, Y., E. Gobet, B. Vannière, J.F.N. van Leeuwen, G. Wienhues, S. Szidat, C. Courtney-Mustaphi, M. Kishe, M. Muschick, O. Seehausen, M. Grosjean, and W. Tinner. 2023. A chronologically reliable record of 17,000 years of biomass burning in the Lake Victoria area. Quaternary Science Reviews 301:107915. [DOI: https://doi.org/10.1016/j.quascirev.2022.107915]","A chronologically reliable record of 17,000 years of biomass burning in the Lake Victoria area","Quaternary Science Reviews",301,107915,1,20,"Wienhues","G.","20036,8777,9974,15224,20037,13851,18278,20038,20039,20044,15357,9599","Temoltzin-Loranca, Y.|Gobet, E.|Vannière, B.|van Leeuwen, J.F.N.|Wienhues, G.|Szidat, S.|Courtney-Mustaphi, C.J.|Kishe, M.|Muschick, M.|Seehausen, O.|Grosjean, M.|Tinner, W.",15695,"18278,8777,15357,9224,20040,20038,20043,20041,20039,20042,20044,20036,9599,15224,9974,10026,20037","Morales-Molino, C.","Courtney-Mustaphi, C.J.|Gobet, E.|Grosjean, M.|Heiri, O.|King, L.|Kishe, M.|Matthews, B.|Misra, P.|Muschick, M.|Ngoepe, N.|Seehausen, O.|Temoltzin-Loranca, Y.|Tinner, W.|van Leeuwen, J.F.N.|Vannière, B.|Vogel, H.|Wienhues, G.","Pollen","LV4 pollen",1,"Temoltzin-Loranca et al. (2023)","Calendar years BP","True",NA,"rbacon",16700,-50,NA,"Temotzin-Loranca, Y.",15,20036,"Temoltzin-Loranca, Y.",NA,NA,NA,NA,"Radiocarbon"
466,1,1,10050,1,4,9666,132,0,0,0,1,0,2,1,0,0,0,0,9,25,0,0,0,0,0,0,1,5,0,0,0,0,0,0,0,0,0,19,0,0,0,0,0,0,0,2,0,0,0,0,0,0,16,0,0,0,0,3,0,0,0,0,0,0,0,0,0,0,0,0,0,0,0,0,0,0,0,0,0,0,0,1,12,0,0,5,103,9,0,1,0,1,0,0,49,0,0,0,0,0,0,0,0,97,5,10,0,0,0,0,1,0,0,0,1,2,0,0,0,2,1,0,0,0,0,0,0,0,0,8,0,0,0,0,0,"ml","number","spores/tablet","number","NISP","NISP","NISP","NISP","NISP","NISP","NISP","NISP","NISP","NISP","NISP","NISP","NISP","NISP","NISP","NISP","NISP","NISP","NISP","NISP","NISP","NISP","NISP","NISP","NISP","NISP","NISP","NISP","NISP","NISP","NISP","NISP","NISP","NISP","NISP","NISP","NISP","NISP","NISP","NISP","NISP","NISP","NISP","NISP","NISP","NISP","NISP","NISP","NISP","NISP","NISP","NISP","NISP","NISP","NISP","NISP","NISP","NISP","NISP","NISP","NISP","NISP","NISP","NISP","NISP","NISP","NISP","NISP","NISP","NISP","NISP","NISP","NISP","NISP","NISP","NISP","NISP","NISP","NISP","NISP","NISP","NISP","NISP","NISP","NISP","NISP","NISP","NISP","NISP","NISP","NISP","NISP","NISP","NISP","NISP","NISP","NISP","NISP","NISP","NISP","NISP","NISP","NISP","NISP","NISP","NISP","NISP","NISP","NISP","NISP","NISP","NISP","NISP","NISP","NISP","NISP","NISP","NISP","NISP","NISP","NISP","NISP","NISP","NISP","NISP","NISP","NISP","NISP","volume","quantity added","concentration","counted","pollen","pollen","pollen","pollen","pollen","pollen","pollen","pollen","pollen","pollen","pollen","pollen","pollen","pollen","pollen","pollen","pollen","spore","spore","pollen","pollen","pollen","pollen","pollen","pollen","pollen","spore","pollen","pollen","pollen","pollen","pollen","pollen","pollen","pollen","pollen","pollen","pollen","pollen","pollen","pollen","pollen","pollen","pollen","spore","pollen","spore","pollen","pollen","pollen","pollen","pollen","pollen","pollen","pollen","pollen","pollen","pollen","spore","pollen","pollen","pollen","pollen","pollen","pollen","pollen","pollen","pollen","pollen","pollen","pollen","spore","pollen","pollen","pollen","pollen","pollen","pollen","spore","pollen","pollen","pollen","pollen","pollen","pollen","pollen","pollen","pollen","spore","pollen","pollen","pollen","pollen","pollen","pollen","pollen","pollen","pollen","pollen/spore","pollen","pollen","pollen","spore","spore","pollen","pollen","pollen","pollen","pollen","pollen","spore","pollen","pollen","pollen","pollen","pollen","pollen","pollen","pollen","spore","pollen","pollen","pollen","pollen","pollen","pollen","pollen","pollen","Lake Victoria (Shirati Bay) LV4",33.7961333333333,33.7961333333333,-1.04943333333333,-1.04943333333333,1135,6880000,"Tanzania",NA,NA,NA,NA,68,33135,"LVC18_S4","Lake Victoria LV4","Core","UWITEC piston corer","2018-10-01",NA,"Natural Lake",63,"30 km away from the shore in the Shirati Bay",NA,NA,NA,NA,NA,NA,NA,"2,10,12,3,16",44877,"8777,15357,20039,20044,9599","Gobet, E.|Grosjean, M.|Muschick, M.|Seehausen, O.|Tinner, W.",5,"Depth",15,"Carbon-14","Radiocarbon years BP",189,2,"BE-16251",3990,90,90,1,90,"False","Charcoal","","Temotzin-Loranca et al. 2023",2,20036,"Temoltzin-Loranca, Y.",4080,3900,4,9224,9224,"Heiri, Oliver","Heiri, O.","Heiri","Oliver","O.","Prof. Dr.","active","Geoecology Research Group
University of Basel
Klingelbergstrasse 27
4056 Basel
Switzerland","oliver.heiri@unibas.ch","+41 31 631 51 95","https://duw.unibas.ch/en/geoecology/staff/oliver-heiri-englisch/","",1,"false","journal article",20442,"https://doi.org/10.1016/j.quascirev.2022.107915",2023,"Temoltzin-Loranca, Y., E. Gobet, B. Vannière, J.F.N. van Leeuwen, G. Wienhues, S. Szidat, C. Courtney-Mustaphi, M. Kishe, M. Muschick, O. Seehausen, M. Grosjean, and W. Tinner. 2023. A chronologically reliable record of 17,000 years of biomass burning in the Lake Victoria area. Quaternary Science Reviews 301:107915. [DOI: https://doi.org/10.1016/j.quascirev.2022.107915]","A chronologically reliable record of 17,000 years of biomass burning in the Lake Victoria area","Quaternary Science Reviews",301,107915,1,13,"Szidat","S.","20036,8777,9974,15224,20037,13851,18278,20038,20039,20044,15357,9599","Temoltzin-Loranca, Y.|Gobet, E.|Vannière, B.|van Leeuwen, J.F.N.|Wienhues, G.|Szidat, S.|Courtney-Mustaphi, C.J.|Kishe, M.|Muschick, M.|Seehausen, O.|Grosjean, M.|Tinner, W.",15695,"18278,8777,15357,9224,20040,20038,20043,20041,20039,20042,20044,20036,9599,15224,9974,10026,20037","Morales-Molino, C.","Courtney-Mustaphi, C.J.|Gobet, E.|Grosjean, M.|Heiri, O.|King, L.|Kishe, M.|Matthews, B.|Misra, P.|Muschick, M.|Ngoepe, N.|Seehausen, O.|Temoltzin-Loranca, Y.|Tinner, W.|van Leeuwen, J.F.N.|Vannière, B.|Vogel, H.|Wienhues, G.","Pollen","LV4 pollen",1,"Temoltzin-Loranca et al. (2023)","Calendar years BP","True",NA,"rbacon",16700,-50,NA,"Temotzin-Loranca, Y.",15,20036,"Temoltzin-Loranca, Y.",NA,NA,NA,NA,"Radiocarbon"
468,1,1,10081,1,4,9666,154,0,0,0,0,0,0,1,0,0,0,0,10,29,0,0,0,0,0,0,0,5,0,0,0,0,0,0,0,0,0,22,0,0,0,0,0,0,0,2,0,0,0,0,0,0,12,0,0,0,0,3,0,0,0,0,0,0,0,0,0,0,0,0,0,0,0,0,0,0,0,0,0,0,0,1,14,0,0,5,106,8,0,1,0,1,0,0,57,0,0,0,0,0,0,0,0,113,5,11,0,0,0,0,1,0,0,0,1,2,0,0,0,2,1,0,0,0,0,0,0,0,0,9,0,0,0,0,0,"ml","number","spores/tablet","number","NISP","NISP","NISP","NISP","NISP","NISP","NISP","NISP","NISP","NISP","NISP","NISP","NISP","NISP","NISP","NISP","NISP","NISP","NISP","NISP","NISP","NISP","NISP","NISP","NISP","NISP","NISP","NISP","NISP","NISP","NISP","NISP","NISP","NISP","NISP","NISP","NISP","NISP","NISP","NISP","NISP","NISP","NISP","NISP","NISP","NISP","NISP","NISP","NISP","NISP","NISP","NISP","NISP","NISP","NISP","NISP","NISP","NISP","NISP","NISP","NISP","NISP","NISP","NISP","NISP","NISP","NISP","NISP","NISP","NISP","NISP","NISP","NISP","NISP","NISP","NISP","NISP","NISP","NISP","NISP","NISP","NISP","NISP","NISP","NISP","NISP","NISP","NISP","NISP","NISP","NISP","NISP","NISP","NISP","NISP","NISP","NISP","NISP","NISP","NISP","NISP","NISP","NISP","NISP","NISP","NISP","NISP","NISP","NISP","NISP","NISP","NISP","NISP","NISP","NISP","NISP","NISP","NISP","NISP","NISP","NISP","NISP","NISP","NISP","NISP","NISP","NISP","NISP","volume","quantity added","concentration","counted","pollen","pollen","pollen","pollen","pollen","pollen","pollen","pollen","pollen","pollen","pollen","pollen","pollen","pollen","pollen","pollen","pollen","spore","spore","pollen","pollen","pollen","pollen","pollen","pollen","pollen","spore","pollen","pollen","pollen","pollen","pollen","pollen","pollen","pollen","pollen","pollen","pollen","pollen","pollen","pollen","pollen","pollen","pollen","spore","pollen","spore","pollen","pollen","pollen","pollen","pollen","pollen","pollen","pollen","pollen","pollen","pollen","spore","pollen","pollen","pollen","pollen","pollen","pollen","pollen","pollen","pollen","pollen","pollen","pollen","spore","pollen","pollen","pollen","pollen","pollen","pollen","spore","pollen","pollen","pollen","pollen","pollen","pollen","pollen","pollen","pollen","spore","pollen","pollen","pollen","pollen","pollen","pollen","pollen","pollen","pollen","pollen/spore","pollen","pollen","pollen","spore","spore","pollen","pollen","pollen","pollen","pollen","pollen","spore","pollen","pollen","pollen","pollen","pollen","pollen","pollen","pollen","spore","pollen","pollen","pollen","pollen","pollen","pollen","pollen","pollen","Lake Victoria (Shirati Bay) LV4",33.7961333333333,33.7961333333333,-1.04943333333333,-1.04943333333333,1135,6880000,"Tanzania",NA,NA,NA,NA,68,33135,"LVC18_S4","Lake Victoria LV4","Core","UWITEC piston corer","2018-10-01",NA,"Natural Lake",63,"30 km away from the shore in the Shirati Bay",NA,NA,NA,NA,NA,NA,NA,"2,10,12,3,16",44877,"8777,15357,20039,20044,9599","Gobet, E.|Grosjean, M.|Muschick, M.|Seehausen, O.|Tinner, W.",5,"Depth",15,"Carbon-14","Radiocarbon years BP",189,2,"BE-16251",3990,90,90,1,90,"False","Charcoal","","Temotzin-Loranca et al. 2023",2,20036,"Temoltzin-Loranca, Y.",4080,3900,4,9224,9224,"Heiri, Oliver","Heiri, O.","Heiri","Oliver","O.","Prof. Dr.","active","Geoecology Research Group
University of Basel
Klingelbergstrasse 27
4056 Basel
Switzerland","oliver.heiri@unibas.ch","+41 31 631 51 95","https://duw.unibas.ch/en/geoecology/staff/oliver-heiri-englisch/","",1,"false","journal article",20442,"https://doi.org/10.1016/j.quascirev.2022.107915",2023,"Temoltzin-Loranca, Y., E. Gobet, B. Vannière, J.F.N. van Leeuwen, G. Wienhues, S. Szidat, C. Courtney-Mustaphi, M. Kishe, M. Muschick, O. Seehausen, M. Grosjean, and W. Tinner. 2023. A chronologically reliable record of 17,000 years of biomass burning in the Lake Victoria area. Quaternary Science Reviews 301:107915. [DOI: https://doi.org/10.1016/j.quascirev.2022.107915]","A chronologically reliable record of 17,000 years of biomass burning in the Lake Victoria area","Quaternary Science Reviews",301,107915,1,13,"Szidat","S.","20036,8777,9974,15224,20037,13851,18278,20038,20039,20044,15357,9599","Temoltzin-Loranca, Y.|Gobet, E.|Vannière, B.|van Leeuwen, J.F.N.|Wienhues, G.|Szidat, S.|Courtney-Mustaphi, C.J.|Kishe, M.|Muschick, M.|Seehausen, O.|Grosjean, M.|Tinner, W.",15695,"18278,8777,15357,9224,20040,20038,20043,20041,20039,20042,20044,20036,9599,15224,9974,10026,20037","Morales-Molino, C.","Courtney-Mustaphi, C.J.|Gobet, E.|Grosjean, M.|Heiri, O.|King, L.|Kishe, M.|Matthews, B.|Misra, P.|Muschick, M.|Ngoepe, N.|Seehausen, O.|Temoltzin-Loranca, Y.|Tinner, W.|van Leeuwen, J.F.N.|Vannière, B.|Vogel, H.|Wienhues, G.","Pollen","LV4 pollen",1,"Temoltzin-Loranca et al. (2023)","Calendar years BP","True",NA,"rbacon",16700,-50,NA,"Temotzin-Loranca, Y.",15,20036,"Temoltzin-Loranca, Y.",NA,NA,NA,NA,"Radiocarbon"
470,1,1,10116,1,4,9666,196,0,0,0,0,0,0,1,0,0,1,0,7,21,0,0,0,0,0,0,1,11,0,0,0,0,0,0,0,0,0,17,0,0,0,2,0,0,0,0,0,0,0,0,0,1,17,0,0,0,0,0,0,0,0,0,0,0,0,0,0,0,0,0,0,1,0,0,0,0,0,0,0,0,0,0,12,0,1,3,84,1,0,0,0,0,0,0,27,0,0,0,0,0,0,0,0,73,2,6,0,1,0,0,0,0,0,0,0,0,0,0,0,0,0,0,0,0,0,2,0,0,0,2,0,0,0,0,0,"ml","number","spores/tablet","number","NISP","NISP","NISP","NISP","NISP","NISP","NISP","NISP","NISP","NISP","NISP","NISP","NISP","NISP","NISP","NISP","NISP","NISP","NISP","NISP","NISP","NISP","NISP","NISP","NISP","NISP","NISP","NISP","NISP","NISP","NISP","NISP","NISP","NISP","NISP","NISP","NISP","NISP","NISP","NISP","NISP","NISP","NISP","NISP","NISP","NISP","NISP","NISP","NISP","NISP","NISP","NISP","NISP","NISP","NISP","NISP","NISP","NISP","NISP","NISP","NISP","NISP","NISP","NISP","NISP","NISP","NISP","NISP","NISP","NISP","NISP","NISP","NISP","NISP","NISP","NISP","NISP","NISP","NISP","NISP","NISP","NISP","NISP","NISP","NISP","NISP","NISP","NISP","NISP","NISP","NISP","NISP","NISP","NISP","NISP","NISP","NISP","NISP","NISP","NISP","NISP","NISP","NISP","NISP","NISP","NISP","NISP","NISP","NISP","NISP","NISP","NISP","NISP","NISP","NISP","NISP","NISP","NISP","NISP","NISP","NISP","NISP","NISP","NISP","NISP","NISP","NISP","NISP","volume","quantity added","concentration","counted","pollen","pollen","pollen","pollen","pollen","pollen","pollen","pollen","pollen","pollen","pollen","pollen","pollen","pollen","pollen","pollen","pollen","spore","spore","pollen","pollen","pollen","pollen","pollen","pollen","pollen","spore","pollen","pollen","pollen","pollen","pollen","pollen","pollen","pollen","pollen","pollen","pollen","pollen","pollen","pollen","pollen","pollen","pollen","spore","pollen","spore","pollen","pollen","pollen","pollen","pollen","pollen","pollen","pollen","pollen","pollen","pollen","spore","pollen","pollen","pollen","pollen","pollen","pollen","pollen","pollen","pollen","pollen","pollen","pollen","spore","pollen","pollen","pollen","pollen","pollen","pollen","spore","pollen","pollen","pollen","pollen","pollen","pollen","pollen","pollen","pollen","spore","pollen","pollen","pollen","pollen","pollen","pollen","pollen","pollen","pollen","pollen/spore","pollen","pollen","pollen","spore","spore","pollen","pollen","pollen","pollen","pollen","pollen","spore","pollen","pollen","pollen","pollen","pollen","pollen","pollen","pollen","spore","pollen","pollen","pollen","pollen","pollen","pollen","pollen","pollen","Lake Victoria (Shirati Bay) LV4",33.7961333333333,33.7961333333333,-1.04943333333333,-1.04943333333333,1135,6880000,"Tanzania",NA,NA,NA,NA,68,33135,"LVC18_S4","Lake Victoria LV4","Core","UWITEC piston corer","2018-10-01",NA,"Natural Lake",63,"30 km away from the shore in the Shirati Bay",NA,NA,NA,NA,NA,NA,NA,"2,10,12,3,16",44877,"8777,15357,20039,20044,9599","Gobet, E.|Grosjean, M.|Muschick, M.|Seehausen, O.|Tinner, W.",5,"Depth",15,"Carbon-14","Radiocarbon years BP",189,2,"BE-16251",3990,90,90,1,90,"False","Charcoal","","Temotzin-Loranca et al. 2023",2,20036,"Temoltzin-Loranca, Y.",4080,3900,4,9224,9224,"Heiri, Oliver","Heiri, O.","Heiri","Oliver","O.","Prof. Dr.","active","Geoecology Research Group
University of Basel
Klingelbergstrasse 27
4056 Basel
Switzerland","oliver.heiri@unibas.ch","+41 31 631 51 95","https://duw.unibas.ch/en/geoecology/staff/oliver-heiri-englisch/","",1,"false","journal article",20442,"https://doi.org/10.1016/j.quascirev.2022.107915",2023,"Temoltzin-Loranca, Y., E. Gobet, B. Vannière, J.F.N. van Leeuwen, G. Wienhues, S. Szidat, C. Courtney-Mustaphi, M. Kishe, M. Muschick, O. Seehausen, M. Grosjean, and W. Tinner. 2023. A chronologically reliable record of 17,000 years of biomass burning in the Lake Victoria area. Quaternary Science Reviews 301:107915. [DOI: https://doi.org/10.1016/j.quascirev.2022.107915]","A chronologically reliable record of 17,000 years of biomass burning in the Lake Victoria area","Quaternary Science Reviews",301,107915,1,13,"Szidat","S.","20036,8777,9974,15224,20037,13851,18278,20038,20039,20044,15357,9599","Temoltzin-Loranca, Y.|Gobet, E.|Vannière, B.|van Leeuwen, J.F.N.|Wienhues, G.|Szidat, S.|Courtney-Mustaphi, C.J.|Kishe, M.|Muschick, M.|Seehausen, O.|Grosjean, M.|Tinner, W.",15695,"18278,8777,15357,9224,20040,20038,20043,20041,20039,20042,20044,20036,9599,15224,9974,10026,20037","Morales-Molino, C.","Courtney-Mustaphi, C.J.|Gobet, E.|Grosjean, M.|Heiri, O.|King, L.|Kishe, M.|Matthews, B.|Misra, P.|Muschick, M.|Ngoepe, N.|Seehausen, O.|Temoltzin-Loranca, Y.|Tinner, W.|van Leeuwen, J.F.N.|Vannière, B.|Vogel, H.|Wienhues, G.","Pollen","LV4 pollen",1,"Temoltzin-Loranca et al. (2023)","Calendar years BP","True",NA,"rbacon",16700,-50,NA,"Temotzin-Loranca, Y.",15,20036,"Temoltzin-Loranca, Y.",NA,NA,NA,NA,"Radiocarbon"
472,1,1,10151,1,4,9666,287,0,0,0,0,0,0,1,0,0,1,0,10,30,0,0,0,0,0,0,1,16,0,0,0,0,0,0,0,0,0,24,0,0,0,2,0,0,0,0,0,0,0,0,0,1,24,0,0,0,0,0,0,0,0,0,0,0,0,0,0,0,0,0,0,1,0,0,0,0,0,0,0,0,0,0,17,0,1,4,123,1,0,0,0,0,0,0,39,0,0,0,0,0,0,0,0,106,2,8,0,1,0,0,0,0,0,0,0,0,0,0,0,0,0,0,0,0,0,2,0,0,0,2,0,0,0,0,0,"ml","number","spores/tablet","number","NISP","NISP","NISP","NISP","NISP","NISP","NISP","NISP","NISP","NISP","NISP","NISP","NISP","NISP","NISP","NISP","NISP","NISP","NISP","NISP","NISP","NISP","NISP","NISP","NISP","NISP","NISP","NISP","NISP","NISP","NISP","NISP","NISP","NISP","NISP","NISP","NISP","NISP","NISP","NISP","NISP","NISP","NISP","NISP","NISP","NISP","NISP","NISP","NISP","NISP","NISP","NISP","NISP","NISP","NISP","NISP","NISP","NISP","NISP","NISP","NISP","NISP","NISP","NISP","NISP","NISP","NISP","NISP","NISP","NISP","NISP","NISP","NISP","NISP","NISP","NISP","NISP","NISP","NISP","NISP","NISP","NISP","NISP","NISP","NISP","NISP","NISP","NISP","NISP","NISP","NISP","NISP","NISP","NISP","NISP","NISP","NISP","NISP","NISP","NISP","NISP","NISP","NISP","NISP","NISP","NISP","NISP","NISP","NISP","NISP","NISP","NISP","NISP","NISP","NISP","NISP","NISP","NISP","NISP","NISP","NISP","NISP","NISP","NISP","NISP","NISP","NISP","NISP","volume","quantity added","concentration","counted","pollen","pollen","pollen","pollen","pollen","pollen","pollen","pollen","pollen","pollen","pollen","pollen","pollen","pollen","pollen","pollen","pollen","spore","spore","pollen","pollen","pollen","pollen","pollen","pollen","pollen","spore","pollen","pollen","pollen","pollen","pollen","pollen","pollen","pollen","pollen","pollen","pollen","pollen","pollen","pollen","pollen","pollen","pollen","spore","pollen","spore","pollen","pollen","pollen","pollen","pollen","pollen","pollen","pollen","pollen","pollen","pollen","spore","pollen","pollen","pollen","pollen","pollen","pollen","pollen","pollen","pollen","pollen","pollen","pollen","spore","pollen","pollen","pollen","pollen","pollen","pollen","spore","pollen","pollen","pollen","pollen","pollen","pollen","pollen","pollen","pollen","spore","pollen","pollen","pollen","pollen","pollen","pollen","pollen","pollen","pollen","pollen/spore","pollen","pollen","pollen","spore","spore","pollen","pollen","pollen","pollen","pollen","pollen","spore","pollen","pollen","pollen","pollen","pollen","pollen","pollen","pollen","spore","pollen","pollen","pollen","pollen","pollen","pollen","pollen","pollen","Lake Victoria (Shirati Bay) LV4",33.7961333333333,33.7961333333333,-1.04943333333333,-1.04943333333333,1135,6880000,"Tanzania",NA,NA,NA,NA,68,33135,"LVC18_S4","Lake Victoria LV4","Core","UWITEC piston corer","2018-10-01",NA,"Natural Lake",63,"30 km away from the shore in the Shirati Bay",NA,NA,NA,NA,NA,NA,NA,"2,10,12,3,16",44877,"8777,15357,20039,20044,9599","Gobet, E.|Grosjean, M.|Muschick, M.|Seehausen, O.|Tinner, W.",5,"Depth",15,"Carbon-14","Radiocarbon years BP",189,2,"BE-16251",3990,90,90,1,90,"False","Charcoal","","Temotzin-Loranca et al. 2023",2,20036,"Temoltzin-Loranca, Y.",4080,3900,4,9224,9224,"Heiri, Oliver","Heiri, O.","Heiri","Oliver","O.","Prof. Dr.","active","Geoecology Research Group
University of Basel
Klingelbergstrasse 27
4056 Basel
Switzerland","oliver.heiri@unibas.ch","+41 31 631 51 95","https://duw.unibas.ch/en/geoecology/staff/oliver-heiri-englisch/","",1,"false","journal article",20442,"https://doi.org/10.1016/j.quascirev.2022.107915",2023,"Temoltzin-Loranca, Y., E. Gobet, B. Vannière, J.F.N. van Leeuwen, G. Wienhues, S. Szidat, C. Courtney-Mustaphi, M. Kishe, M. Muschick, O. Seehausen, M. Grosjean, and W. Tinner. 2023. A chronologically reliable record of 17,000 years of biomass burning in the Lake Victoria area. Quaternary Science Reviews 301:107915. [DOI: https://doi.org/10.1016/j.quascirev.2022.107915]","A chronologically reliable record of 17,000 years of biomass burning in the Lake Victoria area","Quaternary Science Reviews",301,107915,1,13,"Szidat","S.","20036,8777,9974,15224,20037,13851,18278,20038,20039,20044,15357,9599","Temoltzin-Loranca, Y.|Gobet, E.|Vannière, B.|van Leeuwen, J.F.N.|Wienhues, G.|Szidat, S.|Courtney-Mustaphi, C.J.|Kishe, M.|Muschick, M.|Seehausen, O.|Grosjean, M.|Tinner, W.",15695,"18278,8777,15357,9224,20040,20038,20043,20041,20039,20042,20044,20036,9599,15224,9974,10026,20037","Morales-Molino, C.","Courtney-Mustaphi, C.J.|Gobet, E.|Grosjean, M.|Heiri, O.|King, L.|Kishe, M.|Matthews, B.|Misra, P.|Muschick, M.|Ngoepe, N.|Seehausen, O.|Temoltzin-Loranca, Y.|Tinner, W.|van Leeuwen, J.F.N.|Vannière, B.|Vogel, H.|Wienhues, G.","Pollen","LV4 pollen",1,"Temoltzin-Loranca et al. (2023)","Calendar years BP","True",NA,"rbacon",16700,-50,NA,"Temotzin-Loranca, Y.",15,20036,"Temoltzin-Loranca, Y.",NA,NA,NA,NA,"Radiocarbon"
474,1,1,10182,1,4,9666,158,0,0,0,0,0,0,0,0,0,0,2,5,20,0,0,1,0,0,0,0,4,0,0,0,1,0,0,0,0,0,16,0,0,0,0,0,0,0,3,0,0,0,0,0,0,30,0,0,0,0,4,0,0,0,0,0,0,0,0,0,0,1,0,0,0,0,0,0,0,0,0,0,0,0,0,0,0,0,1,134,1,0,1,2,1,0,0,38,0,0,1,0,0,0,1,0,84,3,7,0,0,0,0,0,0,0,0,0,0,1,0,0,1,1,3,0,0,0,2,0,1,0,12,0,0,1,0,1,"ml","number","spores/tablet","number","NISP","NISP","NISP","NISP","NISP","NISP","NISP","NISP","NISP","NISP","NISP","NISP","NISP","NISP","NISP","NISP","NISP","NISP","NISP","NISP","NISP","NISP","NISP","NISP","NISP","NISP","NISP","NISP","NISP","NISP","NISP","NISP","NISP","NISP","NISP","NISP","NISP","NISP","NISP","NISP","NISP","NISP","NISP","NISP","NISP","NISP","NISP","NISP","NISP","NISP","NISP","NISP","NISP","NISP","NISP","NISP","NISP","NISP","NISP","NISP","NISP","NISP","NISP","NISP","NISP","NISP","NISP","NISP","NISP","NISP","NISP","NISP","NISP","NISP","NISP","NISP","NISP","NISP","NISP","NISP","NISP","NISP","NISP","NISP","NISP","NISP","NISP","NISP","NISP","NISP","NISP","NISP","NISP","NISP","NISP","NISP","NISP","NISP","NISP","NISP","NISP","NISP","NISP","NISP","NISP","NISP","NISP","NISP","NISP","NISP","NISP","NISP","NISP","NISP","NISP","NISP","NISP","NISP","NISP","NISP","NISP","NISP","NISP","NISP","NISP","NISP","NISP","NISP","volume","quantity added","concentration","counted","pollen","pollen","pollen","pollen","pollen","pollen","pollen","pollen","pollen","pollen","pollen","pollen","pollen","pollen","pollen","pollen","pollen","spore","spore","pollen","pollen","pollen","pollen","pollen","pollen","pollen","spore","pollen","pollen","pollen","pollen","pollen","pollen","pollen","pollen","pollen","pollen","pollen","pollen","pollen","pollen","pollen","pollen","pollen","spore","pollen","spore","pollen","pollen","pollen","pollen","pollen","pollen","pollen","pollen","pollen","pollen","pollen","spore","pollen","pollen","pollen","pollen","pollen","pollen","pollen","pollen","pollen","pollen","pollen","pollen","spore","pollen","pollen","pollen","pollen","pollen","pollen","spore","pollen","pollen","pollen","pollen","pollen","pollen","pollen","pollen","pollen","spore","pollen","pollen","pollen","pollen","pollen","pollen","pollen","pollen","pollen","pollen/spore","pollen","pollen","pollen","spore","spore","pollen","pollen","pollen","pollen","pollen","pollen","spore","pollen","pollen","pollen","pollen","pollen","pollen","pollen","pollen","spore","pollen","pollen","pollen","pollen","pollen","pollen","pollen","pollen","Lake Victoria (Shirati Bay) LV4",33.7961333333333,33.7961333333333,-1.04943333333333,-1.04943333333333,1135,6880000,"Tanzania",NA,NA,NA,NA,68,33135,"LVC18_S4","Lake Victoria LV4","Core","UWITEC piston corer","2018-10-01",NA,"Natural Lake",63,"30 km away from the shore in the Shirati Bay",NA,NA,NA,NA,NA,NA,NA,"2,10,12,3,16",44877,"8777,15357,20039,20044,9599","Gobet, E.|Grosjean, M.|Muschick, M.|Seehausen, O.|Tinner, W.",5,"Depth",15,"Carbon-14","Radiocarbon years BP",189,2,"BE-16251",3990,90,90,1,90,"False","Charcoal","","Temotzin-Loranca et al. 2023",2,20036,"Temoltzin-Loranca, Y.",4080,3900,4,9224,9224,"Heiri, Oliver","Heiri, O.","Heiri","Oliver","O.","Prof. Dr.","active","Geoecology Research Group
University of Basel
Klingelbergstrasse 27
4056 Basel
Switzerland","oliver.heiri@unibas.ch","+41 31 631 51 95","https://duw.unibas.ch/en/geoecology/staff/oliver-heiri-englisch/","",1,"false","journal article",20442,"https://doi.org/10.1016/j.quascirev.2022.107915",2023,"Temoltzin-Loranca, Y., E. Gobet, B. Vannière, J.F.N. van Leeuwen, G. Wienhues, S. Szidat, C. Courtney-Mustaphi, M. Kishe, M. Muschick, O. Seehausen, M. Grosjean, and W. Tinner. 2023. A chronologically reliable record of 17,000 years of biomass burning in the Lake Victoria area. Quaternary Science Reviews 301:107915. [DOI: https://doi.org/10.1016/j.quascirev.2022.107915]","A chronologically reliable record of 17,000 years of biomass burning in the Lake Victoria area","Quaternary Science Reviews",301,107915,1,13,"Szidat","S.","20036,8777,9974,15224,20037,13851,18278,20038,20039,20044,15357,9599","Temoltzin-Loranca, Y.|Gobet, E.|Vannière, B.|van Leeuwen, J.F.N.|Wienhues, G.|Szidat, S.|Courtney-Mustaphi, C.J.|Kishe, M.|Muschick, M.|Seehausen, O.|Grosjean, M.|Tinner, W.",15695,"18278,8777,15357,9224,20040,20038,20043,20041,20039,20042,20044,20036,9599,15224,9974,10026,20037","Morales-Molino, C.","Courtney-Mustaphi, C.J.|Gobet, E.|Grosjean, M.|Heiri, O.|King, L.|Kishe, M.|Matthews, B.|Misra, P.|Muschick, M.|Ngoepe, N.|Seehausen, O.|Temoltzin-Loranca, Y.|Tinner, W.|van Leeuwen, J.F.N.|Vannière, B.|Vogel, H.|Wienhues, G.","Pollen","LV4 pollen",1,"Temoltzin-Loranca et al. (2023)","Calendar years BP","True",NA,"rbacon",16700,-50,NA,"Temotzin-Loranca, Y.",15,20036,"Temoltzin-Loranca, Y.",NA,NA,NA,NA,"Radiocarbon"
476,1,1,10212,1,4,9666,177,0,0,0,0,0,0,0,0,0,0,2,5,22,0,0,1,0,0,0,0,4,0,0,0,1,0,0,0,0,0,18,0,0,0,0,0,0,0,3,0,0,0,0,0,0,32,0,0,0,0,4,0,0,0,0,0,0,0,0,0,0,1,0,0,0,0,0,0,0,0,0,0,0,0,0,0,0,0,1,150,1,0,1,2,1,0,0,42,0,0,1,0,0,0,1,0,94,3,7,0,0,0,0,0,0,0,0,0,0,1,0,0,1,1,3,0,0,0,2,0,1,0,13,0,0,1,0,1,"ml","number","spores/tablet","number","NISP","NISP","NISP","NISP","NISP","NISP","NISP","NISP","NISP","NISP","NISP","NISP","NISP","NISP","NISP","NISP","NISP","NISP","NISP","NISP","NISP","NISP","NISP","NISP","NISP","NISP","NISP","NISP","NISP","NISP","NISP","NISP","NISP","NISP","NISP","NISP","NISP","NISP","NISP","NISP","NISP","NISP","NISP","NISP","NISP","NISP","NISP","NISP","NISP","NISP","NISP","NISP","NISP","NISP","NISP","NISP","NISP","NISP","NISP","NISP","NISP","NISP","NISP","NISP","NISP","NISP","NISP","NISP","NISP","NISP","NISP","NISP","NISP","NISP","NISP","NISP","NISP","NISP","NISP","NISP","NISP","NISP","NISP","NISP","NISP","NISP","NISP","NISP","NISP","NISP","NISP","NISP","NISP","NISP","NISP","NISP","NISP","NISP","NISP","NISP","NISP","NISP","NISP","NISP","NISP","NISP","NISP","NISP","NISP","NISP","NISP","NISP","NISP","NISP","NISP","NISP","NISP","NISP","NISP","NISP","NISP","NISP","NISP","NISP","NISP","NISP","NISP","NISP","volume","quantity added","concentration","counted","pollen","pollen","pollen","pollen","pollen","pollen","pollen","pollen","pollen","pollen","pollen","pollen","pollen","pollen","pollen","pollen","pollen","spore","spore","pollen","pollen","pollen","pollen","pollen","pollen","pollen","spore","pollen","pollen","pollen","pollen","pollen","pollen","pollen","pollen","pollen","pollen","pollen","pollen","pollen","pollen","pollen","pollen","pollen","spore","pollen","spore","pollen","pollen","pollen","pollen","pollen","pollen","pollen","pollen","pollen","pollen","pollen","spore","pollen","pollen","pollen","pollen","pollen","pollen","pollen","pollen","pollen","pollen","pollen","pollen","spore","pollen","pollen","pollen","pollen","pollen","pollen","spore","pollen","pollen","pollen","pollen","pollen","pollen","pollen","pollen","pollen","spore","pollen","pollen","pollen","pollen","pollen","pollen","pollen","pollen","pollen","pollen/spore","pollen","pollen","pollen","spore","spore","pollen","pollen","pollen","pollen","pollen","pollen","spore","pollen","pollen","pollen","pollen","pollen","pollen","pollen","pollen","spore","pollen","pollen","pollen","pollen","pollen","pollen","pollen","pollen","Lake Victoria (Shirati Bay) LV4",33.7961333333333,33.7961333333333,-1.04943333333333,-1.04943333333333,1135,6880000,"Tanzania",NA,NA,NA,NA,68,33135,"LVC18_S4","Lake Victoria LV4","Core","UWITEC piston corer","2018-10-01",NA,"Natural Lake",63,"30 km away from the shore in the Shirati Bay",NA,NA,NA,NA,NA,NA,NA,"2,10,12,3,16",44877,"8777,15357,20039,20044,9599","Gobet, E.|Grosjean, M.|Muschick, M.|Seehausen, O.|Tinner, W.",6,"Depth",15,"Carbon-14","Radiocarbon years BP",210,4,"BE-16252",4190,90,90,1,90,"False","Charcoal","","Temotzin-Loranca et al. 2023",2,20036,"Temoltzin-Loranca, Y.",4280,4100,4,9224,9224,"Heiri, Oliver","Heiri, O.","Heiri","Oliver","O.","Prof. Dr.","active","Geoecology Research Group
University of Basel
Klingelbergstrasse 27
4056 Basel
Switzerland","oliver.heiri@unibas.ch","+41 31 631 51 95","https://duw.unibas.ch/en/geoecology/staff/oliver-heiri-englisch/","",1,"false","journal article",20442,"https://doi.org/10.1016/j.quascirev.2022.107915",2023,"Temoltzin-Loranca, Y., E. Gobet, B. Vannière, J.F.N. van Leeuwen, G. Wienhues, S. Szidat, C. Courtney-Mustaphi, M. Kishe, M. Muschick, O. Seehausen, M. Grosjean, and W. Tinner. 2023. A chronologically reliable record of 17,000 years of biomass burning in the Lake Victoria area. Quaternary Science Reviews 301:107915. [DOI: https://doi.org/10.1016/j.quascirev.2022.107915]","A chronologically reliable record of 17,000 years of biomass burning in the Lake Victoria area","Quaternary Science Reviews",301,107915,1,13,"Szidat","S.","20036,8777,9974,15224,20037,13851,18278,20038,20039,20044,15357,9599","Temoltzin-Loranca, Y.|Gobet, E.|Vannière, B.|van Leeuwen, J.F.N.|Wienhues, G.|Szidat, S.|Courtney-Mustaphi, C.J.|Kishe, M.|Muschick, M.|Seehausen, O.|Grosjean, M.|Tinner, W.",15695,"18278,8777,15357,9224,20040,20038,20043,20041,20039,20042,20044,20036,9599,15224,9974,10026,20037","Morales-Molino, C.","Courtney-Mustaphi, C.J.|Gobet, E.|Grosjean, M.|Heiri, O.|King, L.|Kishe, M.|Matthews, B.|Misra, P.|Muschick, M.|Ngoepe, N.|Seehausen, O.|Temoltzin-Loranca, Y.|Tinner, W.|van Leeuwen, J.F.N.|Vannière, B.|Vogel, H.|Wienhues, G.","Pollen","LV4 pollen",1,"Temoltzin-Loranca et al. (2023)","Calendar years BP","True",NA,"rbacon",16700,-50,NA,"Temotzin-Loranca, Y.",15,20036,"Temoltzin-Loranca, Y.",NA,NA,NA,NA,"Radiocarbon"
478,1,1,10244,1,4,9666,125,0,0,0,0,1,0,0,0,0,0,1,11,24,1,0,1,0,0,0,0,5,1,0,0,0,2,0,0,0,0,26,0,0,0,0,0,0,0,2,0,0,0,0,0,0,13,0,1,0,0,0,0,0,2,0,0,0,0,0,0,0,0,0,0,0,0,0,0,0,0,0,2,0,0,0,15,0,0,4,134,2,3,0,1,5,0,0,49,0,0,2,0,0,0,2,0,90,5,13,0,0,0,0,0,1,0,0,0,0,0,0,0,0,1,1,0,0,0,0,0,0,0,10,1,1,0,1,0,"ml","number","spores/tablet","number","NISP","NISP","NISP","NISP","NISP","NISP","NISP","NISP","NISP","NISP","NISP","NISP","NISP","NISP","NISP","NISP","NISP","NISP","NISP","NISP","NISP","NISP","NISP","NISP","NISP","NISP","NISP","NISP","NISP","NISP","NISP","NISP","NISP","NISP","NISP","NISP","NISP","NISP","NISP","NISP","NISP","NISP","NISP","NISP","NISP","NISP","NISP","NISP","NISP","NISP","NISP","NISP","NISP","NISP","NISP","NISP","NISP","NISP","NISP","NISP","NISP","NISP","NISP","NISP","NISP","NISP","NISP","NISP","NISP","NISP","NISP","NISP","NISP","NISP","NISP","NISP","NISP","NISP","NISP","NISP","NISP","NISP","NISP","NISP","NISP","NISP","NISP","NISP","NISP","NISP","NISP","NISP","NISP","NISP","NISP","NISP","NISP","NISP","NISP","NISP","NISP","NISP","NISP","NISP","NISP","NISP","NISP","NISP","NISP","NISP","NISP","NISP","NISP","NISP","NISP","NISP","NISP","NISP","NISP","NISP","NISP","NISP","NISP","NISP","NISP","NISP","NISP","NISP","volume","quantity added","concentration","counted","pollen","pollen","pollen","pollen","pollen","pollen","pollen","pollen","pollen","pollen","pollen","pollen","pollen","pollen","pollen","pollen","pollen","spore","spore","pollen","pollen","pollen","pollen","pollen","pollen","pollen","spore","pollen","pollen","pollen","pollen","pollen","pollen","pollen","pollen","pollen","pollen","pollen","pollen","pollen","pollen","pollen","pollen","pollen","spore","pollen","spore","pollen","pollen","pollen","pollen","pollen","pollen","pollen","pollen","pollen","pollen","pollen","spore","pollen","pollen","pollen","pollen","pollen","pollen","pollen","pollen","pollen","pollen","pollen","pollen","spore","pollen","pollen","pollen","pollen","pollen","pollen","spore","pollen","pollen","pollen","pollen","pollen","pollen","pollen","pollen","pollen","spore","pollen","pollen","pollen","pollen","pollen","pollen","pollen","pollen","pollen","pollen/spore","pollen","pollen","pollen","spore","spore","pollen","pollen","pollen","pollen","pollen","pollen","spore","pollen","pollen","pollen","pollen","pollen","pollen","pollen","pollen","spore","pollen","pollen","pollen","pollen","pollen","pollen","pollen","pollen","Lake Victoria (Shirati Bay) LV4",33.7961333333333,33.7961333333333,-1.04943333333333,-1.04943333333333,1135,6880000,"Tanzania",NA,NA,NA,NA,68,33135,"LVC18_S4","Lake Victoria LV4","Core","UWITEC piston corer","2018-10-01",NA,"Natural Lake",63,"30 km away from the shore in the Shirati Bay",NA,NA,NA,NA,NA,NA,NA,"2,10,12,3,16",44877,"8777,15357,20039,20044,9599","Gobet, E.|Grosjean, M.|Muschick, M.|Seehausen, O.|Tinner, W.",6,"Depth",15,"Carbon-14","Radiocarbon years BP",210,4,"BE-16252",4190,90,90,1,90,"False","Charcoal","","Temotzin-Loranca et al. 2023",2,20036,"Temoltzin-Loranca, Y.",4280,4100,5,20040,20040,"King, Leighton","King, L.","King","Leighton","L.","","unknown","Institute of Ecology and Evolution
University of Bern
Bern, Switzerland","","","","",1,"false","journal article",20442,"https://doi.org/10.1016/j.quascirev.2022.107915",2023,"Temoltzin-Loranca, Y., E. Gobet, B. Vannière, J.F.N. van Leeuwen, G. Wienhues, S. Szidat, C. Courtney-Mustaphi, M. Kishe, M. Muschick, O. Seehausen, M. Grosjean, and W. Tinner. 2023. A chronologically reliable record of 17,000 years of biomass burning in the Lake Victoria area. Quaternary Science Reviews 301:107915. [DOI: https://doi.org/10.1016/j.quascirev.2022.107915]","A chronologically reliable record of 17,000 years of biomass burning in the Lake Victoria area","Quaternary Science Reviews",301,107915,1,1,"Courtney-Mustaphi","C.","20036,8777,9974,15224,20037,13851,18278,20038,20039,20044,15357,9599","Temoltzin-Loranca, Y.|Gobet, E.|Vannière, B.|van Leeuwen, J.F.N.|Wienhues, G.|Szidat, S.|Courtney-Mustaphi, C.J.|Kishe, M.|Muschick, M.|Seehausen, O.|Grosjean, M.|Tinner, W.",15695,"18278,8777,15357,9224,20040,20038,20043,20041,20039,20042,20044,20036,9599,15224,9974,10026,20037","Morales-Molino, C.","Courtney-Mustaphi, C.J.|Gobet, E.|Grosjean, M.|Heiri, O.|King, L.|Kishe, M.|Matthews, B.|Misra, P.|Muschick, M.|Ngoepe, N.|Seehausen, O.|Temoltzin-Loranca, Y.|Tinner, W.|van Leeuwen, J.F.N.|Vannière, B.|Vogel, H.|Wienhues, G.","Pollen","LV4 pollen",1,"Temoltzin-Loranca et al. (2023)","Calendar years BP","True",NA,"rbacon",16700,-50,NA,"Temotzin-Loranca, Y.",15,20036,"Temoltzin-Loranca, Y.",NA,NA,NA,NA,"Radiocarbon"
479,1,1,10244,1,4,9666,125,0,0,0,0,1,0,0,0,0,0,1,11,24,1,0,1,0,0,0,0,5,1,0,0,0,2,0,0,0,0,26,0,0,0,0,0,0,0,2,0,0,0,0,0,0,13,0,1,0,0,0,0,0,2,0,0,0,0,0,0,0,0,0,0,0,0,0,0,0,0,0,2,0,0,0,15,0,0,4,134,2,3,0,1,0,0,0,49,0,0,2,0,0,0,2,0,90,5,13,0,0,0,0,0,1,0,0,0,0,5,0,0,0,1,1,0,0,0,0,0,0,0,10,1,1,0,1,0,"ml","number","spores/tablet","number","NISP","NISP","NISP","NISP","NISP","NISP","NISP","NISP","NISP","NISP","NISP","NISP","NISP","NISP","NISP","NISP","NISP","NISP","NISP","NISP","NISP","NISP","NISP","NISP","NISP","NISP","NISP","NISP","NISP","NISP","NISP","NISP","NISP","NISP","NISP","NISP","NISP","NISP","NISP","NISP","NISP","NISP","NISP","NISP","NISP","NISP","NISP","NISP","NISP","NISP","NISP","NISP","NISP","NISP","NISP","NISP","NISP","NISP","NISP","NISP","NISP","NISP","NISP","NISP","NISP","NISP","NISP","NISP","NISP","NISP","NISP","NISP","NISP","NISP","NISP","NISP","NISP","NISP","NISP","NISP","NISP","NISP","NISP","NISP","NISP","NISP","NISP","NISP","NISP","NISP","NISP","NISP","NISP","NISP","NISP","NISP","NISP","NISP","NISP","NISP","NISP","NISP","NISP","NISP","NISP","NISP","NISP","NISP","NISP","NISP","NISP","NISP","NISP","NISP","NISP","NISP","NISP","NISP","NISP","NISP","NISP","NISP","NISP","NISP","NISP","NISP","NISP","NISP","volume","quantity added","concentration","counted","pollen","pollen","pollen","pollen","pollen","pollen","pollen","pollen","pollen","pollen","pollen","pollen","pollen","pollen","pollen","pollen","pollen","spore","spore","pollen","pollen","pollen","pollen","pollen","pollen","pollen","spore","pollen","pollen","pollen","pollen","pollen","pollen","pollen","pollen","pollen","pollen","pollen","pollen","pollen","pollen","pollen","pollen","pollen","spore","pollen","spore","pollen","pollen","pollen","pollen","pollen","pollen","pollen","pollen","pollen","pollen","pollen","spore","pollen","pollen","pollen","pollen","pollen","pollen","pollen","pollen","pollen","pollen","pollen","pollen","spore","pollen","pollen","pollen","pollen","pollen","pollen","spore","pollen","pollen","pollen","pollen","pollen","pollen","pollen","pollen","pollen","spore","pollen","pollen","pollen","pollen","pollen","pollen","pollen","pollen","pollen","pollen/spore","pollen","pollen","pollen","spore","spore","pollen","pollen","pollen","pollen","pollen","pollen","spore","pollen","pollen","pollen","pollen","pollen","pollen","pollen","pollen","spore","pollen","pollen","pollen","pollen","pollen","pollen","pollen","pollen","Lake Victoria (Shirati Bay) LV4",33.7961333333333,33.7961333333333,-1.04943333333333,-1.04943333333333,1135,6880000,"Tanzania",NA,NA,NA,NA,68,33135,"LVC18_S4","Lake Victoria LV4","Core","UWITEC piston corer","2018-10-01",NA,"Natural Lake",63,"30 km away from the shore in the Shirati Bay",NA,NA,NA,NA,NA,NA,NA,"2,10,12,3,16",44877,"8777,15357,20039,20044,9599","Gobet, E.|Grosjean, M.|Muschick, M.|Seehausen, O.|Tinner, W.",6,"Depth",15,"Carbon-14","Radiocarbon years BP",210,4,"BE-16252",4190,90,90,1,90,"False","Charcoal","","Temotzin-Loranca et al. 2023",2,20036,"Temoltzin-Loranca, Y.",4280,4100,5,20040,20040,"King, Leighton","King, L.","King","Leighton","L.","","unknown","Institute of Ecology and Evolution
University of Bern
Bern, Switzerland","","","","",1,"false","journal article",20442,"https://doi.org/10.1016/j.quascirev.2022.107915",2023,"Temoltzin-Loranca, Y., E. Gobet, B. Vannière, J.F.N. van Leeuwen, G. Wienhues, S. Szidat, C. Courtney-Mustaphi, M. Kishe, M. Muschick, O. Seehausen, M. Grosjean, and W. Tinner. 2023. A chronologically reliable record of 17,000 years of biomass burning in the Lake Victoria area. Quaternary Science Reviews 301:107915. [DOI: https://doi.org/10.1016/j.quascirev.2022.107915]","A chronologically reliable record of 17,000 years of biomass burning in the Lake Victoria area","Quaternary Science Reviews",301,107915,1,1,"Courtney-Mustaphi","C.","20036,8777,9974,15224,20037,13851,18278,20038,20039,20044,15357,9599","Temoltzin-Loranca, Y.|Gobet, E.|Vannière, B.|van Leeuwen, J.F.N.|Wienhues, G.|Szidat, S.|Courtney-Mustaphi, C.J.|Kishe, M.|Muschick, M.|Seehausen, O.|Grosjean, M.|Tinner, W.",15695,"18278,8777,15357,9224,20040,20038,20043,20041,20039,20042,20044,20036,9599,15224,9974,10026,20037","Morales-Molino, C.","Courtney-Mustaphi, C.J.|Gobet, E.|Grosjean, M.|Heiri, O.|King, L.|Kishe, M.|Matthews, B.|Misra, P.|Muschick, M.|Ngoepe, N.|Seehausen, O.|Temoltzin-Loranca, Y.|Tinner, W.|van Leeuwen, J.F.N.|Vannière, B.|Vogel, H.|Wienhues, G.","Pollen","LV4 pollen",1,"Temoltzin-Loranca et al. (2023)","Calendar years BP","True",NA,"rbacon",16700,-50,NA,"Temotzin-Loranca, Y.",15,20036,"Temoltzin-Loranca, Y.",NA,NA,NA,NA,"Radiocarbon"
480,1,1,10276,1,4,9666,110,0,0,0,0,0,0,0,0,0,0,0,9,21,0,0,0,0,0,0,0,4,0,0,0,0,1,0,0,0,0,22,0,0,0,0,0,0,0,1,0,0,0,0,0,0,11,0,0,0,0,0,0,0,1,0,0,0,0,0,0,0,0,0,0,0,0,0,0,0,0,0,1,0,0,0,13,0,0,3,118,1,2,0,0,4,0,0,43,0,0,1,0,0,0,1,0,79,4,11,0,0,0,0,0,0,0,0,0,0,0,0,0,0,0,0,0,0,0,0,0,0,0,8,0,0,0,0,0,"ml","number","spores/tablet","number","NISP","NISP","NISP","NISP","NISP","NISP","NISP","NISP","NISP","NISP","NISP","NISP","NISP","NISP","NISP","NISP","NISP","NISP","NISP","NISP","NISP","NISP","NISP","NISP","NISP","NISP","NISP","NISP","NISP","NISP","NISP","NISP","NISP","NISP","NISP","NISP","NISP","NISP","NISP","NISP","NISP","NISP","NISP","NISP","NISP","NISP","NISP","NISP","NISP","NISP","NISP","NISP","NISP","NISP","NISP","NISP","NISP","NISP","NISP","NISP","NISP","NISP","NISP","NISP","NISP","NISP","NISP","NISP","NISP","NISP","NISP","NISP","NISP","NISP","NISP","NISP","NISP","NISP","NISP","NISP","NISP","NISP","NISP","NISP","NISP","NISP","NISP","NISP","NISP","NISP","NISP","NISP","NISP","NISP","NISP","NISP","NISP","NISP","NISP","NISP","NISP","NISP","NISP","NISP","NISP","NISP","NISP","NISP","NISP","NISP","NISP","NISP","NISP","NISP","NISP","NISP","NISP","NISP","NISP","NISP","NISP","NISP","NISP","NISP","NISP","NISP","NISP","NISP","volume","quantity added","concentration","counted","pollen","pollen","pollen","pollen","pollen","pollen","pollen","pollen","pollen","pollen","pollen","pollen","pollen","pollen","pollen","pollen","pollen","spore","spore","pollen","pollen","pollen","pollen","pollen","pollen","pollen","spore","pollen","pollen","pollen","pollen","pollen","pollen","pollen","pollen","pollen","pollen","pollen","pollen","pollen","pollen","pollen","pollen","pollen","spore","pollen","spore","pollen","pollen","pollen","pollen","pollen","pollen","pollen","pollen","pollen","pollen","pollen","spore","pollen","pollen","pollen","pollen","pollen","pollen","pollen","pollen","pollen","pollen","pollen","pollen","spore","pollen","pollen","pollen","pollen","pollen","pollen","spore","pollen","pollen","pollen","pollen","pollen","pollen","pollen","pollen","pollen","spore","pollen","pollen","pollen","pollen","pollen","pollen","pollen","pollen","pollen","pollen/spore","pollen","pollen","pollen","spore","spore","pollen","pollen","pollen","pollen","pollen","pollen","spore","pollen","pollen","pollen","pollen","pollen","pollen","pollen","pollen","spore","pollen","pollen","pollen","pollen","pollen","pollen","pollen","pollen","Lake Victoria (Shirati Bay) LV4",33.7961333333333,33.7961333333333,-1.04943333333333,-1.04943333333333,1135,6880000,"Tanzania",NA,NA,NA,NA,68,33135,"LVC18_S4","Lake Victoria LV4","Core","UWITEC piston corer","2018-10-01",NA,"Natural Lake",63,"30 km away from the shore in the Shirati Bay",NA,NA,NA,NA,NA,NA,NA,"2,10,12,3,16",44877,"8777,15357,20039,20044,9599","Gobet, E.|Grosjean, M.|Muschick, M.|Seehausen, O.|Tinner, W.",6,"Depth",15,"Carbon-14","Radiocarbon years BP",210,4,"BE-16252",4190,90,90,1,90,"False","Charcoal","","Temotzin-Loranca et al. 2023",2,20036,"Temoltzin-Loranca, Y.",4280,4100,5,20040,20040,"King, Leighton","King, L.","King","Leighton","L.","","unknown","Institute of Ecology and Evolution
University of Bern
Bern, Switzerland","","","","",1,"false","journal article",20442,"https://doi.org/10.1016/j.quascirev.2022.107915",2023,"Temoltzin-Loranca, Y., E. Gobet, B. Vannière, J.F.N. van Leeuwen, G. Wienhues, S. Szidat, C. Courtney-Mustaphi, M. Kishe, M. Muschick, O. Seehausen, M. Grosjean, and W. Tinner. 2023. A chronologically reliable record of 17,000 years of biomass burning in the Lake Victoria area. Quaternary Science Reviews 301:107915. [DOI: https://doi.org/10.1016/j.quascirev.2022.107915]","A chronologically reliable record of 17,000 years of biomass burning in the Lake Victoria area","Quaternary Science Reviews",301,107915,1,1,"Courtney-Mustaphi","C.","20036,8777,9974,15224,20037,13851,18278,20038,20039,20044,15357,9599","Temoltzin-Loranca, Y.|Gobet, E.|Vannière, B.|van Leeuwen, J.F.N.|Wienhues, G.|Szidat, S.|Courtney-Mustaphi, C.J.|Kishe, M.|Muschick, M.|Seehausen, O.|Grosjean, M.|Tinner, W.",15695,"18278,8777,15357,9224,20040,20038,20043,20041,20039,20042,20044,20036,9599,15224,9974,10026,20037","Morales-Molino, C.","Courtney-Mustaphi, C.J.|Gobet, E.|Grosjean, M.|Heiri, O.|King, L.|Kishe, M.|Matthews, B.|Misra, P.|Muschick, M.|Ngoepe, N.|Seehausen, O.|Temoltzin-Loranca, Y.|Tinner, W.|van Leeuwen, J.F.N.|Vannière, B.|Vogel, H.|Wienhues, G.","Pollen","LV4 pollen",1,"Temoltzin-Loranca et al. (2023)","Calendar years BP","True",NA,"rbacon",16700,-50,NA,"Temotzin-Loranca, Y.",15,20036,"Temoltzin-Loranca, Y.",NA,NA,NA,NA,"Radiocarbon"
482,1,1,10294,1,4,9666,150,0,0,0,0,0,0,1,1,0,0,0,4,13,0,0,0,0,0,0,0,8,1,0,0,0,1,0,0,0,0,19,0,0,0,0,0,0,0,0,0,0,0,0,1,2,26,0,0,0,0,0,0,0,0,0,0,0,0,0,0,0,0,0,0,0,0,0,0,0,0,0,0,0,0,0,9,0,0,3,137,3,0,4,0,1,0,0,29,0,0,3,0,0,0,2,0,87,5,13,0,0,0,0,1,0,0,0,1,0,0,0,0,1,1,5,0,0,0,3,0,1,0,12,0,1,1,0,0,"ml","number","spores/tablet","number","NISP","NISP","NISP","NISP","NISP","NISP","NISP","NISP","NISP","NISP","NISP","NISP","NISP","NISP","NISP","NISP","NISP","NISP","NISP","NISP","NISP","NISP","NISP","NISP","NISP","NISP","NISP","NISP","NISP","NISP","NISP","NISP","NISP","NISP","NISP","NISP","NISP","NISP","NISP","NISP","NISP","NISP","NISP","NISP","NISP","NISP","NISP","NISP","NISP","NISP","NISP","NISP","NISP","NISP","NISP","NISP","NISP","NISP","NISP","NISP","NISP","NISP","NISP","NISP","NISP","NISP","NISP","NISP","NISP","NISP","NISP","NISP","NISP","NISP","NISP","NISP","NISP","NISP","NISP","NISP","NISP","NISP","NISP","NISP","NISP","NISP","NISP","NISP","NISP","NISP","NISP","NISP","NISP","NISP","NISP","NISP","NISP","NISP","NISP","NISP","NISP","NISP","NISP","NISP","NISP","NISP","NISP","NISP","NISP","NISP","NISP","NISP","NISP","NISP","NISP","NISP","NISP","NISP","NISP","NISP","NISP","NISP","NISP","NISP","NISP","NISP","NISP","NISP","volume","quantity added","concentration","counted","pollen","pollen","pollen","pollen","pollen","pollen","pollen","pollen","pollen","pollen","pollen","pollen","pollen","pollen","pollen","pollen","pollen","spore","spore","pollen","pollen","pollen","pollen","pollen","pollen","pollen","spore","pollen","pollen","pollen","pollen","pollen","pollen","pollen","pollen","pollen","pollen","pollen","pollen","pollen","pollen","pollen","pollen","pollen","spore","pollen","spore","pollen","pollen","pollen","pollen","pollen","pollen","pollen","pollen","pollen","pollen","pollen","spore","pollen","pollen","pollen","pollen","pollen","pollen","pollen","pollen","pollen","pollen","pollen","pollen","spore","pollen","pollen","pollen","pollen","pollen","pollen","spore","pollen","pollen","pollen","pollen","pollen","pollen","pollen","pollen","pollen","spore","pollen","pollen","pollen","pollen","pollen","pollen","pollen","pollen","pollen","pollen/spore","pollen","pollen","pollen","spore","spore","pollen","pollen","pollen","pollen","pollen","pollen","spore","pollen","pollen","pollen","pollen","pollen","pollen","pollen","pollen","spore","pollen","pollen","pollen","pollen","pollen","pollen","pollen","pollen","Lake Victoria (Shirati Bay) LV4",33.7961333333333,33.7961333333333,-1.04943333333333,-1.04943333333333,1135,6880000,"Tanzania",NA,NA,NA,NA,68,33135,"LVC18_S4","Lake Victoria LV4","Core","UWITEC piston corer","2018-10-01",NA,"Natural Lake",63,"30 km away from the shore in the Shirati Bay",NA,NA,NA,NA,NA,NA,NA,"2,10,12,3,16",44877,"8777,15357,20039,20044,9599","Gobet, E.|Grosjean, M.|Muschick, M.|Seehausen, O.|Tinner, W.",6,"Depth",15,"Carbon-14","Radiocarbon years BP",210,4,"BE-16252",4190,90,90,1,90,"False","Charcoal","","Temotzin-Loranca et al. 2023",2,20036,"Temoltzin-Loranca, Y.",4280,4100,5,20040,20040,"King, Leighton","King, L.","King","Leighton","L.","","unknown","Institute of Ecology and Evolution
University of Bern
Bern, Switzerland","","","","",1,"false","journal article",20442,"https://doi.org/10.1016/j.quascirev.2022.107915",2023,"Temoltzin-Loranca, Y., E. Gobet, B. Vannière, J.F.N. van Leeuwen, G. Wienhues, S. Szidat, C. Courtney-Mustaphi, M. Kishe, M. Muschick, O. Seehausen, M. Grosjean, and W. Tinner. 2023. A chronologically reliable record of 17,000 years of biomass burning in the Lake Victoria area. Quaternary Science Reviews 301:107915. [DOI: https://doi.org/10.1016/j.quascirev.2022.107915]","A chronologically reliable record of 17,000 years of biomass burning in the Lake Victoria area","Quaternary Science Reviews",301,107915,1,1,"Courtney-Mustaphi","C.","20036,8777,9974,15224,20037,13851,18278,20038,20039,20044,15357,9599","Temoltzin-Loranca, Y.|Gobet, E.|Vannière, B.|van Leeuwen, J.F.N.|Wienhues, G.|Szidat, S.|Courtney-Mustaphi, C.J.|Kishe, M.|Muschick, M.|Seehausen, O.|Grosjean, M.|Tinner, W.",15695,"18278,8777,15357,9224,20040,20038,20043,20041,20039,20042,20044,20036,9599,15224,9974,10026,20037","Morales-Molino, C.","Courtney-Mustaphi, C.J.|Gobet, E.|Grosjean, M.|Heiri, O.|King, L.|Kishe, M.|Matthews, B.|Misra, P.|Muschick, M.|Ngoepe, N.|Seehausen, O.|Temoltzin-Loranca, Y.|Tinner, W.|van Leeuwen, J.F.N.|Vannière, B.|Vogel, H.|Wienhues, G.","Pollen","LV4 pollen",1,"Temoltzin-Loranca et al. (2023)","Calendar years BP","True",NA,"rbacon",16700,-50,NA,"Temotzin-Loranca, Y.",15,20036,"Temoltzin-Loranca, Y.",NA,NA,NA,NA,"Radiocarbon"
484,1,1,10314,1,4,9666,149,0,0,0,0,0,0,0,0,0,0,0,3,12,0,0,0,0,0,0,0,7,0,0,0,0,0,0,0,0,0,18,0,0,0,0,0,0,0,0,0,0,0,0,0,1,24,0,0,0,0,0,0,0,0,0,0,0,0,0,0,0,0,0,0,0,0,0,0,0,0,0,0,0,0,0,8,0,0,2,136,2,0,3,0,0,0,0,28,0,0,2,0,0,0,1,0,86,4,12,0,0,0,0,0,0,0,0,0,0,0,0,0,0,0,4,0,0,0,2,0,0,0,11,0,0,0,0,0,"ml","number","spores/tablet","number","NISP","NISP","NISP","NISP","NISP","NISP","NISP","NISP","NISP","NISP","NISP","NISP","NISP","NISP","NISP","NISP","NISP","NISP","NISP","NISP","NISP","NISP","NISP","NISP","NISP","NISP","NISP","NISP","NISP","NISP","NISP","NISP","NISP","NISP","NISP","NISP","NISP","NISP","NISP","NISP","NISP","NISP","NISP","NISP","NISP","NISP","NISP","NISP","NISP","NISP","NISP","NISP","NISP","NISP","NISP","NISP","NISP","NISP","NISP","NISP","NISP","NISP","NISP","NISP","NISP","NISP","NISP","NISP","NISP","NISP","NISP","NISP","NISP","NISP","NISP","NISP","NISP","NISP","NISP","NISP","NISP","NISP","NISP","NISP","NISP","NISP","NISP","NISP","NISP","NISP","NISP","NISP","NISP","NISP","NISP","NISP","NISP","NISP","NISP","NISP","NISP","NISP","NISP","NISP","NISP","NISP","NISP","NISP","NISP","NISP","NISP","NISP","NISP","NISP","NISP","NISP","NISP","NISP","NISP","NISP","NISP","NISP","NISP","NISP","NISP","NISP","NISP","NISP","volume","quantity added","concentration","counted","pollen","pollen","pollen","pollen","pollen","pollen","pollen","pollen","pollen","pollen","pollen","pollen","pollen","pollen","pollen","pollen","pollen","spore","spore","pollen","pollen","pollen","pollen","pollen","pollen","pollen","spore","pollen","pollen","pollen","pollen","pollen","pollen","pollen","pollen","pollen","pollen","pollen","pollen","pollen","pollen","pollen","pollen","pollen","spore","pollen","spore","pollen","pollen","pollen","pollen","pollen","pollen","pollen","pollen","pollen","pollen","pollen","spore","pollen","pollen","pollen","pollen","pollen","pollen","pollen","pollen","pollen","pollen","pollen","pollen","spore","pollen","pollen","pollen","pollen","pollen","pollen","spore","pollen","pollen","pollen","pollen","pollen","pollen","pollen","pollen","pollen","spore","pollen","pollen","pollen","pollen","pollen","pollen","pollen","pollen","pollen","pollen/spore","pollen","pollen","pollen","spore","spore","pollen","pollen","pollen","pollen","pollen","pollen","spore","pollen","pollen","pollen","pollen","pollen","pollen","pollen","pollen","spore","pollen","pollen","pollen","pollen","pollen","pollen","pollen","pollen","Lake Victoria (Shirati Bay) LV4",33.7961333333333,33.7961333333333,-1.04943333333333,-1.04943333333333,1135,6880000,"Tanzania",NA,NA,NA,NA,68,33135,"LVC18_S4","Lake Victoria LV4","Core","UWITEC piston corer","2018-10-01",NA,"Natural Lake",63,"30 km away from the shore in the Shirati Bay",NA,NA,NA,NA,NA,NA,NA,"2,10,12,3,16",44877,"8777,15357,20039,20044,9599","Gobet, E.|Grosjean, M.|Muschick, M.|Seehausen, O.|Tinner, W.",6,"Depth",15,"Carbon-14","Radiocarbon years BP",210,4,"BE-16252",4190,90,90,1,90,"False","Charcoal","","Temotzin-Loranca et al. 2023",2,20036,"Temoltzin-Loranca, Y.",4280,4100,5,20040,20040,"King, Leighton","King, L.","King","Leighton","L.","","unknown","Institute of Ecology and Evolution
University of Bern
Bern, Switzerland","","","","",1,"false","journal article",20442,"https://doi.org/10.1016/j.quascirev.2022.107915",2023,"Temoltzin-Loranca, Y., E. Gobet, B. Vannière, J.F.N. van Leeuwen, G. Wienhues, S. Szidat, C. Courtney-Mustaphi, M. Kishe, M. Muschick, O. Seehausen, M. Grosjean, and W. Tinner. 2023. A chronologically reliable record of 17,000 years of biomass burning in the Lake Victoria area. Quaternary Science Reviews 301:107915. [DOI: https://doi.org/10.1016/j.quascirev.2022.107915]","A chronologically reliable record of 17,000 years of biomass burning in the Lake Victoria area","Quaternary Science Reviews",301,107915,1,1,"Courtney-Mustaphi","C.","20036,8777,9974,15224,20037,13851,18278,20038,20039,20044,15357,9599","Temoltzin-Loranca, Y.|Gobet, E.|Vannière, B.|van Leeuwen, J.F.N.|Wienhues, G.|Szidat, S.|Courtney-Mustaphi, C.J.|Kishe, M.|Muschick, M.|Seehausen, O.|Grosjean, M.|Tinner, W.",15695,"18278,8777,15357,9224,20040,20038,20043,20041,20039,20042,20044,20036,9599,15224,9974,10026,20037","Morales-Molino, C.","Courtney-Mustaphi, C.J.|Gobet, E.|Grosjean, M.|Heiri, O.|King, L.|Kishe, M.|Matthews, B.|Misra, P.|Muschick, M.|Ngoepe, N.|Seehausen, O.|Temoltzin-Loranca, Y.|Tinner, W.|van Leeuwen, J.F.N.|Vannière, B.|Vogel, H.|Wienhues, G.","Pollen","LV4 pollen",1,"Temoltzin-Loranca et al. (2023)","Calendar years BP","True",NA,"rbacon",16700,-50,NA,"Temotzin-Loranca, Y.",15,20036,"Temoltzin-Loranca, Y.",NA,NA,NA,NA,"Radiocarbon"
486,1,1,10335,1,4,9666,162,0,0,0,0,0,0,0,0,0,0,0,6,20,0,0,0,0,0,0,1,19,0,1,0,0,1,0,1,0,0,19,0,0,0,0,0,0,0,1,0,0,0,1,0,2,27,0,0,0,0,1,2,0,0,1,0,0,0,0,0,0,0,0,0,0,0,2,0,0,0,0,0,0,0,0,13,0,0,7,85,0,0,2,1,3,0,0,40,0,0,6,0,0,0,2,0,117,2,8,0,1,0,2,2,0,0,0,2,0,0,0,0,0,0,1,0,0,0,5,0,0,0,6,0,0,0,0,0,"ml","number","spores/tablet","number","NISP","NISP","NISP","NISP","NISP","NISP","NISP","NISP","NISP","NISP","NISP","NISP","NISP","NISP","NISP","NISP","NISP","NISP","NISP","NISP","NISP","NISP","NISP","NISP","NISP","NISP","NISP","NISP","NISP","NISP","NISP","NISP","NISP","NISP","NISP","NISP","NISP","NISP","NISP","NISP","NISP","NISP","NISP","NISP","NISP","NISP","NISP","NISP","NISP","NISP","NISP","NISP","NISP","NISP","NISP","NISP","NISP","NISP","NISP","NISP","NISP","NISP","NISP","NISP","NISP","NISP","NISP","NISP","NISP","NISP","NISP","NISP","NISP","NISP","NISP","NISP","NISP","NISP","NISP","NISP","NISP","NISP","NISP","NISP","NISP","NISP","NISP","NISP","NISP","NISP","NISP","NISP","NISP","NISP","NISP","NISP","NISP","NISP","NISP","NISP","NISP","NISP","NISP","NISP","NISP","NISP","NISP","NISP","NISP","NISP","NISP","NISP","NISP","NISP","NISP","NISP","NISP","NISP","NISP","NISP","NISP","NISP","NISP","NISP","NISP","NISP","NISP","NISP","volume","quantity added","concentration","counted","pollen","pollen","pollen","pollen","pollen","pollen","pollen","pollen","pollen","pollen","pollen","pollen","pollen","pollen","pollen","pollen","pollen","spore","spore","pollen","pollen","pollen","pollen","pollen","pollen","pollen","spore","pollen","pollen","pollen","pollen","pollen","pollen","pollen","pollen","pollen","pollen","pollen","pollen","pollen","pollen","pollen","pollen","pollen","spore","pollen","spore","pollen","pollen","pollen","pollen","pollen","pollen","pollen","pollen","pollen","pollen","pollen","spore","pollen","pollen","pollen","pollen","pollen","pollen","pollen","pollen","pollen","pollen","pollen","pollen","spore","pollen","pollen","pollen","pollen","pollen","pollen","spore","pollen","pollen","pollen","pollen","pollen","pollen","pollen","pollen","pollen","spore","pollen","pollen","pollen","pollen","pollen","pollen","pollen","pollen","pollen","pollen/spore","pollen","pollen","pollen","spore","spore","pollen","pollen","pollen","pollen","pollen","pollen","spore","pollen","pollen","pollen","pollen","pollen","pollen","pollen","pollen","spore","pollen","pollen","pollen","pollen","pollen","pollen","pollen","pollen","Lake Victoria (Shirati Bay) LV4",33.7961333333333,33.7961333333333,-1.04943333333333,-1.04943333333333,1135,6880000,"Tanzania",NA,NA,NA,NA,68,33135,"LVC18_S4","Lake Victoria LV4","Core","UWITEC piston corer","2018-10-01",NA,"Natural Lake",63,"30 km away from the shore in the Shirati Bay",NA,NA,NA,NA,NA,NA,NA,"2,10,12,3,16",44877,"8777,15357,20039,20044,9599","Gobet, E.|Grosjean, M.|Muschick, M.|Seehausen, O.|Tinner, W.",6,"Depth",15,"Carbon-14","Radiocarbon years BP",210,4,"BE-16252",4190,90,90,1,90,"False","Charcoal","","Temotzin-Loranca et al. 2023",2,20036,"Temoltzin-Loranca, Y.",4280,4100,5,20040,20040,"King, Leighton","King, L.","King","Leighton","L.","","unknown","Institute of Ecology and Evolution
University of Bern
Bern, Switzerland","","","","",1,"false","journal article",20442,"https://doi.org/10.1016/j.quascirev.2022.107915",2023,"Temoltzin-Loranca, Y., E. Gobet, B. Vannière, J.F.N. van Leeuwen, G. Wienhues, S. Szidat, C. Courtney-Mustaphi, M. Kishe, M. Muschick, O. Seehausen, M. Grosjean, and W. Tinner. 2023. A chronologically reliable record of 17,000 years of biomass burning in the Lake Victoria area. Quaternary Science Reviews 301:107915. [DOI: https://doi.org/10.1016/j.quascirev.2022.107915]","A chronologically reliable record of 17,000 years of biomass burning in the Lake Victoria area","Quaternary Science Reviews",301,107915,1,1,"Courtney-Mustaphi","C.","20036,8777,9974,15224,20037,13851,18278,20038,20039,20044,15357,9599","Temoltzin-Loranca, Y.|Gobet, E.|Vannière, B.|van Leeuwen, J.F.N.|Wienhues, G.|Szidat, S.|Courtney-Mustaphi, C.J.|Kishe, M.|Muschick, M.|Seehausen, O.|Grosjean, M.|Tinner, W.",15695,"18278,8777,15357,9224,20040,20038,20043,20041,20039,20042,20044,20036,9599,15224,9974,10026,20037","Morales-Molino, C.","Courtney-Mustaphi, C.J.|Gobet, E.|Grosjean, M.|Heiri, O.|King, L.|Kishe, M.|Matthews, B.|Misra, P.|Muschick, M.|Ngoepe, N.|Seehausen, O.|Temoltzin-Loranca, Y.|Tinner, W.|van Leeuwen, J.F.N.|Vannière, B.|Vogel, H.|Wienhues, G.","Pollen","LV4 pollen",1,"Temoltzin-Loranca et al. (2023)","Calendar years BP","True",NA,"rbacon",16700,-50,NA,"Temotzin-Loranca, Y.",15,20036,"Temoltzin-Loranca, Y.",NA,NA,NA,NA,"Radiocarbon"
488,1,1,10356,1,4,9666,167,0,0,0,0,0,0,0,0,0,0,0,6,20,0,0,0,0,0,0,1,19,0,1,0,0,1,0,1,0,0,19,0,0,0,0,0,0,0,1,0,0,0,1,0,2,27,0,0,0,0,1,2,0,0,1,0,0,0,0,0,0,0,0,0,0,0,2,0,0,0,0,0,0,0,0,13,0,0,7,87,0,0,2,1,3,0,0,41,0,0,6,0,0,0,2,0,120,2,8,0,1,0,2,2,0,0,0,2,0,0,0,0,0,0,1,0,0,0,5,0,0,0,6,0,0,0,0,0,"ml","number","spores/tablet","number","NISP","NISP","NISP","NISP","NISP","NISP","NISP","NISP","NISP","NISP","NISP","NISP","NISP","NISP","NISP","NISP","NISP","NISP","NISP","NISP","NISP","NISP","NISP","NISP","NISP","NISP","NISP","NISP","NISP","NISP","NISP","NISP","NISP","NISP","NISP","NISP","NISP","NISP","NISP","NISP","NISP","NISP","NISP","NISP","NISP","NISP","NISP","NISP","NISP","NISP","NISP","NISP","NISP","NISP","NISP","NISP","NISP","NISP","NISP","NISP","NISP","NISP","NISP","NISP","NISP","NISP","NISP","NISP","NISP","NISP","NISP","NISP","NISP","NISP","NISP","NISP","NISP","NISP","NISP","NISP","NISP","NISP","NISP","NISP","NISP","NISP","NISP","NISP","NISP","NISP","NISP","NISP","NISP","NISP","NISP","NISP","NISP","NISP","NISP","NISP","NISP","NISP","NISP","NISP","NISP","NISP","NISP","NISP","NISP","NISP","NISP","NISP","NISP","NISP","NISP","NISP","NISP","NISP","NISP","NISP","NISP","NISP","NISP","NISP","NISP","NISP","NISP","NISP","volume","quantity added","concentration","counted","pollen","pollen","pollen","pollen","pollen","pollen","pollen","pollen","pollen","pollen","pollen","pollen","pollen","pollen","pollen","pollen","pollen","spore","spore","pollen","pollen","pollen","pollen","pollen","pollen","pollen","spore","pollen","pollen","pollen","pollen","pollen","pollen","pollen","pollen","pollen","pollen","pollen","pollen","pollen","pollen","pollen","pollen","pollen","spore","pollen","spore","pollen","pollen","pollen","pollen","pollen","pollen","pollen","pollen","pollen","pollen","pollen","spore","pollen","pollen","pollen","pollen","pollen","pollen","pollen","pollen","pollen","pollen","pollen","pollen","spore","pollen","pollen","pollen","pollen","pollen","pollen","spore","pollen","pollen","pollen","pollen","pollen","pollen","pollen","pollen","pollen","spore","pollen","pollen","pollen","pollen","pollen","pollen","pollen","pollen","pollen","pollen/spore","pollen","pollen","pollen","spore","spore","pollen","pollen","pollen","pollen","pollen","pollen","spore","pollen","pollen","pollen","pollen","pollen","pollen","pollen","pollen","spore","pollen","pollen","pollen","pollen","pollen","pollen","pollen","pollen","Lake Victoria (Shirati Bay) LV4",33.7961333333333,33.7961333333333,-1.04943333333333,-1.04943333333333,1135,6880000,"Tanzania",NA,NA,NA,NA,68,33135,"LVC18_S4","Lake Victoria LV4","Core","UWITEC piston corer","2018-10-01",NA,"Natural Lake",63,"30 km away from the shore in the Shirati Bay",NA,NA,NA,NA,NA,NA,NA,"2,10,12,3,16",44877,"8777,15357,20039,20044,9599","Gobet, E.|Grosjean, M.|Muschick, M.|Seehausen, O.|Tinner, W.",7,"Depth",15,"Carbon-14","Radiocarbon years BP",273,2,"BE-16263",5770,30,30,1,30,"False","Pollen concentrate","Corrected to 5200 +/- 410 radiocarbon yr BP","Temotzin-Loranca et al. 2023",2,20036,"Temoltzin-Loranca, Y.",5800,5740,5,20040,20040,"King, Leighton","King, L.","King","Leighton","L.","","unknown","Institute of Ecology and Evolution
University of Bern
Bern, Switzerland","","","","",1,"false","journal article",20442,"https://doi.org/10.1016/j.quascirev.2022.107915",2023,"Temoltzin-Loranca, Y., E. Gobet, B. Vannière, J.F.N. van Leeuwen, G. Wienhues, S. Szidat, C. Courtney-Mustaphi, M. Kishe, M. Muschick, O. Seehausen, M. Grosjean, and W. Tinner. 2023. A chronologically reliable record of 17,000 years of biomass burning in the Lake Victoria area. Quaternary Science Reviews 301:107915. [DOI: https://doi.org/10.1016/j.quascirev.2022.107915]","A chronologically reliable record of 17,000 years of biomass burning in the Lake Victoria area","Quaternary Science Reviews",301,107915,1,6,"Kishe","M.","20036,8777,9974,15224,20037,13851,18278,20038,20039,20044,15357,9599","Temoltzin-Loranca, Y.|Gobet, E.|Vannière, B.|van Leeuwen, J.F.N.|Wienhues, G.|Szidat, S.|Courtney-Mustaphi, C.J.|Kishe, M.|Muschick, M.|Seehausen, O.|Grosjean, M.|Tinner, W.",15695,"18278,8777,15357,9224,20040,20038,20043,20041,20039,20042,20044,20036,9599,15224,9974,10026,20037","Morales-Molino, C.","Courtney-Mustaphi, C.J.|Gobet, E.|Grosjean, M.|Heiri, O.|King, L.|Kishe, M.|Matthews, B.|Misra, P.|Muschick, M.|Ngoepe, N.|Seehausen, O.|Temoltzin-Loranca, Y.|Tinner, W.|van Leeuwen, J.F.N.|Vannière, B.|Vogel, H.|Wienhues, G.","Pollen","LV4 pollen",1,"Temoltzin-Loranca et al. (2023)","Calendar years BP","True",NA,"rbacon",16700,-50,NA,"Temotzin-Loranca, Y.",15,20036,"Temoltzin-Loranca, Y.",NA,NA,NA,NA,"Radiocarbon"
490,1,1,10376,1,4,9666,147,0,0,0,0,0,0,0,0,0,0,0,7,16,0,0,0,0,0,0,0,10,1,0,0,0,0,0,1,0,0,19,0,0,0,2,0,0,0,1,0,1,0,0,0,3,19,0,0,0,1,1,0,0,1,0,0,0,0,0,0,0,1,0,0,1,1,1,1,0,0,0,0,0,0,0,16,0,0,3,95,0,0,0,3,2,0,0,46,0,0,1,0,0,0,9,0,128,2,8,0,0,1,1,0,0,0,0,0,0,1,0,0,0,0,2,0,0,0,4,0,0,0,6,0,0,1,0,0,"ml","number","spores/tablet","number","NISP","NISP","NISP","NISP","NISP","NISP","NISP","NISP","NISP","NISP","NISP","NISP","NISP","NISP","NISP","NISP","NISP","NISP","NISP","NISP","NISP","NISP","NISP","NISP","NISP","NISP","NISP","NISP","NISP","NISP","NISP","NISP","NISP","NISP","NISP","NISP","NISP","NISP","NISP","NISP","NISP","NISP","NISP","NISP","NISP","NISP","NISP","NISP","NISP","NISP","NISP","NISP","NISP","NISP","NISP","NISP","NISP","NISP","NISP","NISP","NISP","NISP","NISP","NISP","NISP","NISP","NISP","NISP","NISP","NISP","NISP","NISP","NISP","NISP","NISP","NISP","NISP","NISP","NISP","NISP","NISP","NISP","NISP","NISP","NISP","NISP","NISP","NISP","NISP","NISP","NISP","NISP","NISP","NISP","NISP","NISP","NISP","NISP","NISP","NISP","NISP","NISP","NISP","NISP","NISP","NISP","NISP","NISP","NISP","NISP","NISP","NISP","NISP","NISP","NISP","NISP","NISP","NISP","NISP","NISP","NISP","NISP","NISP","NISP","NISP","NISP","NISP","NISP","volume","quantity added","concentration","counted","pollen","pollen","pollen","pollen","pollen","pollen","pollen","pollen","pollen","pollen","pollen","pollen","pollen","pollen","pollen","pollen","pollen","spore","spore","pollen","pollen","pollen","pollen","pollen","pollen","pollen","spore","pollen","pollen","pollen","pollen","pollen","pollen","pollen","pollen","pollen","pollen","pollen","pollen","pollen","pollen","pollen","pollen","pollen","spore","pollen","spore","pollen","pollen","pollen","pollen","pollen","pollen","pollen","pollen","pollen","pollen","pollen","spore","pollen","pollen","pollen","pollen","pollen","pollen","pollen","pollen","pollen","pollen","pollen","pollen","spore","pollen","pollen","pollen","pollen","pollen","pollen","spore","pollen","pollen","pollen","pollen","pollen","pollen","pollen","pollen","pollen","spore","pollen","pollen","pollen","pollen","pollen","pollen","pollen","pollen","pollen","pollen/spore","pollen","pollen","pollen","spore","spore","pollen","pollen","pollen","pollen","pollen","pollen","spore","pollen","pollen","pollen","pollen","pollen","pollen","pollen","pollen","spore","pollen","pollen","pollen","pollen","pollen","pollen","pollen","pollen","Lake Victoria (Shirati Bay) LV4",33.7961333333333,33.7961333333333,-1.04943333333333,-1.04943333333333,1135,6880000,"Tanzania",NA,NA,NA,NA,68,33135,"LVC18_S4","Lake Victoria LV4","Core","UWITEC piston corer","2018-10-01",NA,"Natural Lake",63,"30 km away from the shore in the Shirati Bay",NA,NA,NA,NA,NA,NA,NA,"2,10,12,3,16",44877,"8777,15357,20039,20044,9599","Gobet, E.|Grosjean, M.|Muschick, M.|Seehausen, O.|Tinner, W.",7,"Depth",15,"Carbon-14","Radiocarbon years BP",273,2,"BE-16263",5770,30,30,1,30,"False","Pollen concentrate","Corrected to 5200 +/- 410 radiocarbon yr BP","Temotzin-Loranca et al. 2023",2,20036,"Temoltzin-Loranca, Y.",5800,5740,5,20040,20040,"King, Leighton","King, L.","King","Leighton","L.","","unknown","Institute of Ecology and Evolution
University of Bern
Bern, Switzerland","","","","",1,"false","journal article",20442,"https://doi.org/10.1016/j.quascirev.2022.107915",2023,"Temoltzin-Loranca, Y., E. Gobet, B. Vannière, J.F.N. van Leeuwen, G. Wienhues, S. Szidat, C. Courtney-Mustaphi, M. Kishe, M. Muschick, O. Seehausen, M. Grosjean, and W. Tinner. 2023. A chronologically reliable record of 17,000 years of biomass burning in the Lake Victoria area. Quaternary Science Reviews 301:107915. [DOI: https://doi.org/10.1016/j.quascirev.2022.107915]","A chronologically reliable record of 17,000 years of biomass burning in the Lake Victoria area","Quaternary Science Reviews",301,107915,1,6,"Kishe","M.","20036,8777,9974,15224,20037,13851,18278,20038,20039,20044,15357,9599","Temoltzin-Loranca, Y.|Gobet, E.|Vannière, B.|van Leeuwen, J.F.N.|Wienhues, G.|Szidat, S.|Courtney-Mustaphi, C.J.|Kishe, M.|Muschick, M.|Seehausen, O.|Grosjean, M.|Tinner, W.",15695,"18278,8777,15357,9224,20040,20038,20043,20041,20039,20042,20044,20036,9599,15224,9974,10026,20037","Morales-Molino, C.","Courtney-Mustaphi, C.J.|Gobet, E.|Grosjean, M.|Heiri, O.|King, L.|Kishe, M.|Matthews, B.|Misra, P.|Muschick, M.|Ngoepe, N.|Seehausen, O.|Temoltzin-Loranca, Y.|Tinner, W.|van Leeuwen, J.F.N.|Vannière, B.|Vogel, H.|Wienhues, G.","Pollen","LV4 pollen",1,"Temoltzin-Loranca et al. (2023)","Calendar years BP","True",NA,"rbacon",16700,-50,NA,"Temotzin-Loranca, Y.",15,20036,"Temoltzin-Loranca, Y.",NA,NA,NA,NA,"Radiocarbon"
492,1,1,10396,1,4,9666,174,0,0,0,0,0,0,0,0,0,0,0,8,18,0,0,0,0,0,0,0,11,1,0,0,0,0,0,1,0,0,22,0,0,0,2,0,0,0,1,0,1,0,0,0,3,22,0,0,0,1,1,0,0,1,0,0,0,0,0,0,0,1,0,0,1,1,1,1,0,0,0,0,0,0,0,18,0,0,3,112,0,0,0,3,2,0,0,54,0,0,1,0,0,0,10,0,151,2,9,0,0,1,1,0,0,0,0,0,0,1,0,0,0,0,2,0,0,0,4,0,0,0,7,0,0,1,0,0,"ml","number","spores/tablet","number","NISP","NISP","NISP","NISP","NISP","NISP","NISP","NISP","NISP","NISP","NISP","NISP","NISP","NISP","NISP","NISP","NISP","NISP","NISP","NISP","NISP","NISP","NISP","NISP","NISP","NISP","NISP","NISP","NISP","NISP","NISP","NISP","NISP","NISP","NISP","NISP","NISP","NISP","NISP","NISP","NISP","NISP","NISP","NISP","NISP","NISP","NISP","NISP","NISP","NISP","NISP","NISP","NISP","NISP","NISP","NISP","NISP","NISP","NISP","NISP","NISP","NISP","NISP","NISP","NISP","NISP","NISP","NISP","NISP","NISP","NISP","NISP","NISP","NISP","NISP","NISP","NISP","NISP","NISP","NISP","NISP","NISP","NISP","NISP","NISP","NISP","NISP","NISP","NISP","NISP","NISP","NISP","NISP","NISP","NISP","NISP","NISP","NISP","NISP","NISP","NISP","NISP","NISP","NISP","NISP","NISP","NISP","NISP","NISP","NISP","NISP","NISP","NISP","NISP","NISP","NISP","NISP","NISP","NISP","NISP","NISP","NISP","NISP","NISP","NISP","NISP","NISP","NISP","volume","quantity added","concentration","counted","pollen","pollen","pollen","pollen","pollen","pollen","pollen","pollen","pollen","pollen","pollen","pollen","pollen","pollen","pollen","pollen","pollen","spore","spore","pollen","pollen","pollen","pollen","pollen","pollen","pollen","spore","pollen","pollen","pollen","pollen","pollen","pollen","pollen","pollen","pollen","pollen","pollen","pollen","pollen","pollen","pollen","pollen","pollen","spore","pollen","spore","pollen","pollen","pollen","pollen","pollen","pollen","pollen","pollen","pollen","pollen","pollen","spore","pollen","pollen","pollen","pollen","pollen","pollen","pollen","pollen","pollen","pollen","pollen","pollen","spore","pollen","pollen","pollen","pollen","pollen","pollen","spore","pollen","pollen","pollen","pollen","pollen","pollen","pollen","pollen","pollen","spore","pollen","pollen","pollen","pollen","pollen","pollen","pollen","pollen","pollen","pollen/spore","pollen","pollen","pollen","spore","spore","pollen","pollen","pollen","pollen","pollen","pollen","spore","pollen","pollen","pollen","pollen","pollen","pollen","pollen","pollen","spore","pollen","pollen","pollen","pollen","pollen","pollen","pollen","pollen","Lake Victoria (Shirati Bay) LV4",33.7961333333333,33.7961333333333,-1.04943333333333,-1.04943333333333,1135,6880000,"Tanzania",NA,NA,NA,NA,68,33135,"LVC18_S4","Lake Victoria LV4","Core","UWITEC piston corer","2018-10-01",NA,"Natural Lake",63,"30 km away from the shore in the Shirati Bay",NA,NA,NA,NA,NA,NA,NA,"2,10,12,3,16",44877,"8777,15357,20039,20044,9599","Gobet, E.|Grosjean, M.|Muschick, M.|Seehausen, O.|Tinner, W.",7,"Depth",15,"Carbon-14","Radiocarbon years BP",273,2,"BE-16263",5770,30,30,1,30,"False","Pollen concentrate","Corrected to 5200 +/- 410 radiocarbon yr BP","Temotzin-Loranca et al. 2023",2,20036,"Temoltzin-Loranca, Y.",5800,5740,5,20040,20040,"King, Leighton","King, L.","King","Leighton","L.","","unknown","Institute of Ecology and Evolution
University of Bern
Bern, Switzerland","","","","",1,"false","journal article",20442,"https://doi.org/10.1016/j.quascirev.2022.107915",2023,"Temoltzin-Loranca, Y., E. Gobet, B. Vannière, J.F.N. van Leeuwen, G. Wienhues, S. Szidat, C. Courtney-Mustaphi, M. Kishe, M. Muschick, O. Seehausen, M. Grosjean, and W. Tinner. 2023. A chronologically reliable record of 17,000 years of biomass burning in the Lake Victoria area. Quaternary Science Reviews 301:107915. [DOI: https://doi.org/10.1016/j.quascirev.2022.107915]","A chronologically reliable record of 17,000 years of biomass burning in the Lake Victoria area","Quaternary Science Reviews",301,107915,1,6,"Kishe","M.","20036,8777,9974,15224,20037,13851,18278,20038,20039,20044,15357,9599","Temoltzin-Loranca, Y.|Gobet, E.|Vannière, B.|van Leeuwen, J.F.N.|Wienhues, G.|Szidat, S.|Courtney-Mustaphi, C.J.|Kishe, M.|Muschick, M.|Seehausen, O.|Grosjean, M.|Tinner, W.",15695,"18278,8777,15357,9224,20040,20038,20043,20041,20039,20042,20044,20036,9599,15224,9974,10026,20037","Morales-Molino, C.","Courtney-Mustaphi, C.J.|Gobet, E.|Grosjean, M.|Heiri, O.|King, L.|Kishe, M.|Matthews, B.|Misra, P.|Muschick, M.|Ngoepe, N.|Seehausen, O.|Temoltzin-Loranca, Y.|Tinner, W.|van Leeuwen, J.F.N.|Vannière, B.|Vogel, H.|Wienhues, G.","Pollen","LV4 pollen",1,"Temoltzin-Loranca et al. (2023)","Calendar years BP","True",NA,"rbacon",16700,-50,NA,"Temotzin-Loranca, Y.",15,20036,"Temoltzin-Loranca, Y.",NA,NA,NA,NA,"Radiocarbon"
494,1,1,10415,1,4,9666,252,0,0,0,2,0,0,0,0,0,0,0,5,23,0,0,0,0,0,0,1,7,0,0,0,0,0,0,2,0,0,23,0,0,0,0,0,0,0,1,0,1,0,0,0,2,17,0,0,0,0,1,0,0,1,0,0,0,0,0,0,0,1,0,0,0,0,0,0,0,0,0,0,0,0,0,17,0,0,9,80,3,0,6,3,0,0,0,54,0,0,2,0,0,0,7,0,112,3,10,0,0,0,0,0,0,0,0,0,0,1,0,0,0,1,1,0,0,1,5,0,0,0,5,0,0,0,0,0,"ml","number","spores/tablet","number","NISP","NISP","NISP","NISP","NISP","NISP","NISP","NISP","NISP","NISP","NISP","NISP","NISP","NISP","NISP","NISP","NISP","NISP","NISP","NISP","NISP","NISP","NISP","NISP","NISP","NISP","NISP","NISP","NISP","NISP","NISP","NISP","NISP","NISP","NISP","NISP","NISP","NISP","NISP","NISP","NISP","NISP","NISP","NISP","NISP","NISP","NISP","NISP","NISP","NISP","NISP","NISP","NISP","NISP","NISP","NISP","NISP","NISP","NISP","NISP","NISP","NISP","NISP","NISP","NISP","NISP","NISP","NISP","NISP","NISP","NISP","NISP","NISP","NISP","NISP","NISP","NISP","NISP","NISP","NISP","NISP","NISP","NISP","NISP","NISP","NISP","NISP","NISP","NISP","NISP","NISP","NISP","NISP","NISP","NISP","NISP","NISP","NISP","NISP","NISP","NISP","NISP","NISP","NISP","NISP","NISP","NISP","NISP","NISP","NISP","NISP","NISP","NISP","NISP","NISP","NISP","NISP","NISP","NISP","NISP","NISP","NISP","NISP","NISP","NISP","NISP","NISP","NISP","volume","quantity added","concentration","counted","pollen","pollen","pollen","pollen","pollen","pollen","pollen","pollen","pollen","pollen","pollen","pollen","pollen","pollen","pollen","pollen","pollen","spore","spore","pollen","pollen","pollen","pollen","pollen","pollen","pollen","spore","pollen","pollen","pollen","pollen","pollen","pollen","pollen","pollen","pollen","pollen","pollen","pollen","pollen","pollen","pollen","pollen","pollen","spore","pollen","spore","pollen","pollen","pollen","pollen","pollen","pollen","pollen","pollen","pollen","pollen","pollen","spore","pollen","pollen","pollen","pollen","pollen","pollen","pollen","pollen","pollen","pollen","pollen","pollen","spore","pollen","pollen","pollen","pollen","pollen","pollen","spore","pollen","pollen","pollen","pollen","pollen","pollen","pollen","pollen","pollen","spore","pollen","pollen","pollen","pollen","pollen","pollen","pollen","pollen","pollen","pollen/spore","pollen","pollen","pollen","spore","spore","pollen","pollen","pollen","pollen","pollen","pollen","spore","pollen","pollen","pollen","pollen","pollen","pollen","pollen","pollen","spore","pollen","pollen","pollen","pollen","pollen","pollen","pollen","pollen","Lake Victoria (Shirati Bay) LV4",33.7961333333333,33.7961333333333,-1.04943333333333,-1.04943333333333,1135,6880000,"Tanzania",NA,NA,NA,NA,68,33135,"LVC18_S4","Lake Victoria LV4","Core","UWITEC piston corer","2018-10-01",NA,"Natural Lake",63,"30 km away from the shore in the Shirati Bay",NA,NA,NA,NA,NA,NA,NA,"2,10,12,3,16",44877,"8777,15357,20039,20044,9599","Gobet, E.|Grosjean, M.|Muschick, M.|Seehausen, O.|Tinner, W.",7,"Depth",15,"Carbon-14","Radiocarbon years BP",273,2,"BE-16263",5770,30,30,1,30,"False","Pollen concentrate","Corrected to 5200 +/- 410 radiocarbon yr BP","Temotzin-Loranca et al. 2023",2,20036,"Temoltzin-Loranca, Y.",5800,5740,6,20038,20038,"Kishe, Mary","Kishe, M.","Kishe","Mary","M.","","unknown","Tanzania Fisheries Research Institute
Dar es Salaam, Tanzania","","","","",1,"false","journal article",20442,"https://doi.org/10.1016/j.quascirev.2022.107915",2023,"Temoltzin-Loranca, Y., E. Gobet, B. Vannière, J.F.N. van Leeuwen, G. Wienhues, S. Szidat, C. Courtney-Mustaphi, M. Kishe, M. Muschick, O. Seehausen, M. Grosjean, and W. Tinner. 2023. A chronologically reliable record of 17,000 years of biomass burning in the Lake Victoria area. Quaternary Science Reviews 301:107915. [DOI: https://doi.org/10.1016/j.quascirev.2022.107915]","A chronologically reliable record of 17,000 years of biomass burning in the Lake Victoria area","Quaternary Science Reviews",301,107915,1,6,"Kishe","M.","20036,8777,9974,15224,20037,13851,18278,20038,20039,20044,15357,9599","Temoltzin-Loranca, Y.|Gobet, E.|Vannière, B.|van Leeuwen, J.F.N.|Wienhues, G.|Szidat, S.|Courtney-Mustaphi, C.J.|Kishe, M.|Muschick, M.|Seehausen, O.|Grosjean, M.|Tinner, W.",15695,"18278,8777,15357,9224,20040,20038,20043,20041,20039,20042,20044,20036,9599,15224,9974,10026,20037","Morales-Molino, C.","Courtney-Mustaphi, C.J.|Gobet, E.|Grosjean, M.|Heiri, O.|King, L.|Kishe, M.|Matthews, B.|Misra, P.|Muschick, M.|Ngoepe, N.|Seehausen, O.|Temoltzin-Loranca, Y.|Tinner, W.|van Leeuwen, J.F.N.|Vannière, B.|Vogel, H.|Wienhues, G.","Pollen","LV4 pollen",1,"Temoltzin-Loranca et al. (2023)","Calendar years BP","True",NA,"rbacon",16700,-50,NA,"Temotzin-Loranca, Y.",15,20036,"Temoltzin-Loranca, Y.",NA,NA,NA,NA,"Radiocarbon"
496,1,1,10431,1,4,9666,295,0,0,0,2,0,0,0,0,0,0,0,7,32,0,0,0,0,0,0,1,9,0,0,0,0,0,0,2,0,0,32,0,0,0,0,0,0,0,1,0,1,0,0,0,2,23,0,0,0,0,1,0,0,1,0,0,0,0,0,0,0,1,0,0,0,0,0,0,0,0,0,0,0,0,0,23,0,0,12,112,4,0,8,4,0,0,0,76,0,0,2,0,0,0,9,0,157,4,14,0,0,0,0,0,0,0,0,0,0,1,0,0,0,1,1,0,0,1,7,0,0,0,7,0,0,0,0,0,"ml","number","spores/tablet","number","NISP","NISP","NISP","NISP","NISP","NISP","NISP","NISP","NISP","NISP","NISP","NISP","NISP","NISP","NISP","NISP","NISP","NISP","NISP","NISP","NISP","NISP","NISP","NISP","NISP","NISP","NISP","NISP","NISP","NISP","NISP","NISP","NISP","NISP","NISP","NISP","NISP","NISP","NISP","NISP","NISP","NISP","NISP","NISP","NISP","NISP","NISP","NISP","NISP","NISP","NISP","NISP","NISP","NISP","NISP","NISP","NISP","NISP","NISP","NISP","NISP","NISP","NISP","NISP","NISP","NISP","NISP","NISP","NISP","NISP","NISP","NISP","NISP","NISP","NISP","NISP","NISP","NISP","NISP","NISP","NISP","NISP","NISP","NISP","NISP","NISP","NISP","NISP","NISP","NISP","NISP","NISP","NISP","NISP","NISP","NISP","NISP","NISP","NISP","NISP","NISP","NISP","NISP","NISP","NISP","NISP","NISP","NISP","NISP","NISP","NISP","NISP","NISP","NISP","NISP","NISP","NISP","NISP","NISP","NISP","NISP","NISP","NISP","NISP","NISP","NISP","NISP","NISP","volume","quantity added","concentration","counted","pollen","pollen","pollen","pollen","pollen","pollen","pollen","pollen","pollen","pollen","pollen","pollen","pollen","pollen","pollen","pollen","pollen","spore","spore","pollen","pollen","pollen","pollen","pollen","pollen","pollen","spore","pollen","pollen","pollen","pollen","pollen","pollen","pollen","pollen","pollen","pollen","pollen","pollen","pollen","pollen","pollen","pollen","pollen","spore","pollen","spore","pollen","pollen","pollen","pollen","pollen","pollen","pollen","pollen","pollen","pollen","pollen","spore","pollen","pollen","pollen","pollen","pollen","pollen","pollen","pollen","pollen","pollen","pollen","pollen","spore","pollen","pollen","pollen","pollen","pollen","pollen","spore","pollen","pollen","pollen","pollen","pollen","pollen","pollen","pollen","pollen","spore","pollen","pollen","pollen","pollen","pollen","pollen","pollen","pollen","pollen","pollen/spore","pollen","pollen","pollen","spore","spore","pollen","pollen","pollen","pollen","pollen","pollen","spore","pollen","pollen","pollen","pollen","pollen","pollen","pollen","pollen","spore","pollen","pollen","pollen","pollen","pollen","pollen","pollen","pollen","Lake Victoria (Shirati Bay) LV4",33.7961333333333,33.7961333333333,-1.04943333333333,-1.04943333333333,1135,6880000,"Tanzania",NA,NA,NA,NA,68,33135,"LVC18_S4","Lake Victoria LV4","Core","UWITEC piston corer","2018-10-01",NA,"Natural Lake",63,"30 km away from the shore in the Shirati Bay",NA,NA,NA,NA,NA,NA,NA,"2,10,12,3,16",44877,"8777,15357,20039,20044,9599","Gobet, E.|Grosjean, M.|Muschick, M.|Seehausen, O.|Tinner, W.",7,"Depth",15,"Carbon-14","Radiocarbon years BP",273,2,"BE-16263",5770,30,30,1,30,"False","Pollen concentrate","Corrected to 5200 +/- 410 radiocarbon yr BP","Temotzin-Loranca et al. 2023",2,20036,"Temoltzin-Loranca, Y.",5800,5740,6,20038,20038,"Kishe, Mary","Kishe, M.","Kishe","Mary","M.","","unknown","Tanzania Fisheries Research Institute
Dar es Salaam, Tanzania","","","","",1,"false","journal article",20442,"https://doi.org/10.1016/j.quascirev.2022.107915",2023,"Temoltzin-Loranca, Y., E. Gobet, B. Vannière, J.F.N. van Leeuwen, G. Wienhues, S. Szidat, C. Courtney-Mustaphi, M. Kishe, M. Muschick, O. Seehausen, M. Grosjean, and W. Tinner. 2023. A chronologically reliable record of 17,000 years of biomass burning in the Lake Victoria area. Quaternary Science Reviews 301:107915. [DOI: https://doi.org/10.1016/j.quascirev.2022.107915]","A chronologically reliable record of 17,000 years of biomass burning in the Lake Victoria area","Quaternary Science Reviews",301,107915,1,6,"Kishe","M.","20036,8777,9974,15224,20037,13851,18278,20038,20039,20044,15357,9599","Temoltzin-Loranca, Y.|Gobet, E.|Vannière, B.|van Leeuwen, J.F.N.|Wienhues, G.|Szidat, S.|Courtney-Mustaphi, C.J.|Kishe, M.|Muschick, M.|Seehausen, O.|Grosjean, M.|Tinner, W.",15695,"18278,8777,15357,9224,20040,20038,20043,20041,20039,20042,20044,20036,9599,15224,9974,10026,20037","Morales-Molino, C.","Courtney-Mustaphi, C.J.|Gobet, E.|Grosjean, M.|Heiri, O.|King, L.|Kishe, M.|Matthews, B.|Misra, P.|Muschick, M.|Ngoepe, N.|Seehausen, O.|Temoltzin-Loranca, Y.|Tinner, W.|van Leeuwen, J.F.N.|Vannière, B.|Vogel, H.|Wienhues, G.","Pollen","LV4 pollen",1,"Temoltzin-Loranca et al. (2023)","Calendar years BP","True",NA,"rbacon",16700,-50,NA,"Temotzin-Loranca, Y.",15,20036,"Temoltzin-Loranca, Y.",NA,NA,NA,NA,"Radiocarbon"
498,1,1,10449,1,4,9666,218,1,0,1,0,0,0,0,0,0,0,3,7,18,0,0,0,0,0,0,0,13,0,0,0,0,1,0,0,0,0,23,0,0,0,0,0,0,0,1,0,0,1,0,0,1,35,0,0,0,0,1,1,0,0,0,0,0,0,0,0,0,1,0,0,0,0,4,0,0,0,0,0,0,0,1,16,0,0,5,78,0,0,0,2,3,0,0,45,0,0,0,0,0,0,3,0,115,6,8,0,1,0,0,0,0,0,0,1,0,0,0,0,0,1,0,0,0,0,1,0,2,0,9,0,0,2,0,0,"ml","number","spores/tablet","number","NISP","NISP","NISP","NISP","NISP","NISP","NISP","NISP","NISP","NISP","NISP","NISP","NISP","NISP","NISP","NISP","NISP","NISP","NISP","NISP","NISP","NISP","NISP","NISP","NISP","NISP","NISP","NISP","NISP","NISP","NISP","NISP","NISP","NISP","NISP","NISP","NISP","NISP","NISP","NISP","NISP","NISP","NISP","NISP","NISP","NISP","NISP","NISP","NISP","NISP","NISP","NISP","NISP","NISP","NISP","NISP","NISP","NISP","NISP","NISP","NISP","NISP","NISP","NISP","NISP","NISP","NISP","NISP","NISP","NISP","NISP","NISP","NISP","NISP","NISP","NISP","NISP","NISP","NISP","NISP","NISP","NISP","NISP","NISP","NISP","NISP","NISP","NISP","NISP","NISP","NISP","NISP","NISP","NISP","NISP","NISP","NISP","NISP","NISP","NISP","NISP","NISP","NISP","NISP","NISP","NISP","NISP","NISP","NISP","NISP","NISP","NISP","NISP","NISP","NISP","NISP","NISP","NISP","NISP","NISP","NISP","NISP","NISP","NISP","NISP","NISP","NISP","NISP","volume","quantity added","concentration","counted","pollen","pollen","pollen","pollen","pollen","pollen","pollen","pollen","pollen","pollen","pollen","pollen","pollen","pollen","pollen","pollen","pollen","spore","spore","pollen","pollen","pollen","pollen","pollen","pollen","pollen","spore","pollen","pollen","pollen","pollen","pollen","pollen","pollen","pollen","pollen","pollen","pollen","pollen","pollen","pollen","pollen","pollen","pollen","spore","pollen","spore","pollen","pollen","pollen","pollen","pollen","pollen","pollen","pollen","pollen","pollen","pollen","spore","pollen","pollen","pollen","pollen","pollen","pollen","pollen","pollen","pollen","pollen","pollen","pollen","spore","pollen","pollen","pollen","pollen","pollen","pollen","spore","pollen","pollen","pollen","pollen","pollen","pollen","pollen","pollen","pollen","spore","pollen","pollen","pollen","pollen","pollen","pollen","pollen","pollen","pollen","pollen/spore","pollen","pollen","pollen","spore","spore","pollen","pollen","pollen","pollen","pollen","pollen","spore","pollen","pollen","pollen","pollen","pollen","pollen","pollen","pollen","spore","pollen","pollen","pollen","pollen","pollen","pollen","pollen","pollen","Lake Victoria (Shirati Bay) LV4",33.7961333333333,33.7961333333333,-1.04943333333333,-1.04943333333333,1135,6880000,"Tanzania",NA,NA,NA,NA,68,33135,"LVC18_S4","Lake Victoria LV4","Core","UWITEC piston corer","2018-10-01",NA,"Natural Lake",63,"30 km away from the shore in the Shirati Bay",NA,NA,NA,NA,NA,NA,NA,"2,10,12,3,16",44877,"8777,15357,20039,20044,9599","Gobet, E.|Grosjean, M.|Muschick, M.|Seehausen, O.|Tinner, W.",7,"Depth",15,"Carbon-14","Radiocarbon years BP",273,2,"BE-16263",5770,30,30,1,30,"False","Pollen concentrate","Corrected to 5200 +/- 410 radiocarbon yr BP","Temotzin-Loranca et al. 2023",2,20036,"Temoltzin-Loranca, Y.",5800,5740,6,20038,20038,"Kishe, Mary","Kishe, M.","Kishe","Mary","M.","","unknown","Tanzania Fisheries Research Institute
Dar es Salaam, Tanzania","","","","",1,"false","journal article",20442,"https://doi.org/10.1016/j.quascirev.2022.107915",2023,"Temoltzin-Loranca, Y., E. Gobet, B. Vannière, J.F.N. van Leeuwen, G. Wienhues, S. Szidat, C. Courtney-Mustaphi, M. Kishe, M. Muschick, O. Seehausen, M. Grosjean, and W. Tinner. 2023. A chronologically reliable record of 17,000 years of biomass burning in the Lake Victoria area. Quaternary Science Reviews 301:107915. [DOI: https://doi.org/10.1016/j.quascirev.2022.107915]","A chronologically reliable record of 17,000 years of biomass burning in the Lake Victoria area","Quaternary Science Reviews",301,107915,1,6,"Kishe","M.","20036,8777,9974,15224,20037,13851,18278,20038,20039,20044,15357,9599","Temoltzin-Loranca, Y.|Gobet, E.|Vannière, B.|van Leeuwen, J.F.N.|Wienhues, G.|Szidat, S.|Courtney-Mustaphi, C.J.|Kishe, M.|Muschick, M.|Seehausen, O.|Grosjean, M.|Tinner, W.",15695,"18278,8777,15357,9224,20040,20038,20043,20041,20039,20042,20044,20036,9599,15224,9974,10026,20037","Morales-Molino, C.","Courtney-Mustaphi, C.J.|Gobet, E.|Grosjean, M.|Heiri, O.|King, L.|Kishe, M.|Matthews, B.|Misra, P.|Muschick, M.|Ngoepe, N.|Seehausen, O.|Temoltzin-Loranca, Y.|Tinner, W.|van Leeuwen, J.F.N.|Vannière, B.|Vogel, H.|Wienhues, G.","Pollen","LV4 pollen",1,"Temoltzin-Loranca et al. (2023)","Calendar years BP","True",NA,"rbacon",16700,-50,NA,"Temotzin-Loranca, Y.",15,20036,"Temoltzin-Loranca, Y.",NA,NA,NA,NA,"Radiocarbon"
500,1,1,10466,1,4,9666,179,1,0,1,0,0,0,0,0,0,0,3,7,19,0,0,0,0,0,0,0,13,0,0,0,0,1,0,0,0,0,24,0,0,0,0,0,0,0,1,0,0,1,0,0,1,36,0,0,0,0,1,1,0,0,0,0,0,0,0,0,0,1,0,0,0,0,4,0,0,0,0,0,0,0,1,17,0,0,5,83,0,0,0,2,3,0,0,48,0,0,0,0,0,0,3,0,123,6,8,0,1,0,0,0,0,0,0,1,0,0,0,0,0,1,0,0,0,0,1,0,2,0,9,0,0,2,0,0,"ml","number","spores/tablet","number","NISP","NISP","NISP","NISP","NISP","NISP","NISP","NISP","NISP","NISP","NISP","NISP","NISP","NISP","NISP","NISP","NISP","NISP","NISP","NISP","NISP","NISP","NISP","NISP","NISP","NISP","NISP","NISP","NISP","NISP","NISP","NISP","NISP","NISP","NISP","NISP","NISP","NISP","NISP","NISP","NISP","NISP","NISP","NISP","NISP","NISP","NISP","NISP","NISP","NISP","NISP","NISP","NISP","NISP","NISP","NISP","NISP","NISP","NISP","NISP","NISP","NISP","NISP","NISP","NISP","NISP","NISP","NISP","NISP","NISP","NISP","NISP","NISP","NISP","NISP","NISP","NISP","NISP","NISP","NISP","NISP","NISP","NISP","NISP","NISP","NISP","NISP","NISP","NISP","NISP","NISP","NISP","NISP","NISP","NISP","NISP","NISP","NISP","NISP","NISP","NISP","NISP","NISP","NISP","NISP","NISP","NISP","NISP","NISP","NISP","NISP","NISP","NISP","NISP","NISP","NISP","NISP","NISP","NISP","NISP","NISP","NISP","NISP","NISP","NISP","NISP","NISP","NISP","volume","quantity added","concentration","counted","pollen","pollen","pollen","pollen","pollen","pollen","pollen","pollen","pollen","pollen","pollen","pollen","pollen","pollen","pollen","pollen","pollen","spore","spore","pollen","pollen","pollen","pollen","pollen","pollen","pollen","spore","pollen","pollen","pollen","pollen","pollen","pollen","pollen","pollen","pollen","pollen","pollen","pollen","pollen","pollen","pollen","pollen","pollen","spore","pollen","spore","pollen","pollen","pollen","pollen","pollen","pollen","pollen","pollen","pollen","pollen","pollen","spore","pollen","pollen","pollen","pollen","pollen","pollen","pollen","pollen","pollen","pollen","pollen","pollen","spore","pollen","pollen","pollen","pollen","pollen","pollen","spore","pollen","pollen","pollen","pollen","pollen","pollen","pollen","pollen","pollen","spore","pollen","pollen","pollen","pollen","pollen","pollen","pollen","pollen","pollen","pollen/spore","pollen","pollen","pollen","spore","spore","pollen","pollen","pollen","pollen","pollen","pollen","spore","pollen","pollen","pollen","pollen","pollen","pollen","pollen","pollen","spore","pollen","pollen","pollen","pollen","pollen","pollen","pollen","pollen","Lake Victoria (Shirati Bay) LV4",33.7961333333333,33.7961333333333,-1.04943333333333,-1.04943333333333,1135,6880000,"Tanzania",NA,NA,NA,NA,68,33135,"LVC18_S4","Lake Victoria LV4","Core","UWITEC piston corer","2018-10-01",NA,"Natural Lake",63,"30 km away from the shore in the Shirati Bay",NA,NA,NA,NA,NA,NA,NA,"2,10,12,3,16",44877,"8777,15357,20039,20044,9599","Gobet, E.|Grosjean, M.|Muschick, M.|Seehausen, O.|Tinner, W.",7,"Depth",15,"Carbon-14","Radiocarbon years BP",273,2,"BE-16263",5770,30,30,1,30,"False","Pollen concentrate","Corrected to 5200 +/- 410 radiocarbon yr BP","Temotzin-Loranca et al. 2023",2,20036,"Temoltzin-Loranca, Y.",5800,5740,6,20038,20038,"Kishe, Mary","Kishe, M.","Kishe","Mary","M.","","unknown","Tanzania Fisheries Research Institute
Dar es Salaam, Tanzania","","","","",1,"false","journal article",20442,"https://doi.org/10.1016/j.quascirev.2022.107915",2023,"Temoltzin-Loranca, Y., E. Gobet, B. Vannière, J.F.N. van Leeuwen, G. Wienhues, S. Szidat, C. Courtney-Mustaphi, M. Kishe, M. Muschick, O. Seehausen, M. Grosjean, and W. Tinner. 2023. A chronologically reliable record of 17,000 years of biomass burning in the Lake Victoria area. Quaternary Science Reviews 301:107915. [DOI: https://doi.org/10.1016/j.quascirev.2022.107915]","A chronologically reliable record of 17,000 years of biomass burning in the Lake Victoria area","Quaternary Science Reviews",301,107915,1,10,"Muschick","M.","20036,8777,9974,15224,20037,13851,18278,20038,20039,20044,15357,9599","Temoltzin-Loranca, Y.|Gobet, E.|Vannière, B.|van Leeuwen, J.F.N.|Wienhues, G.|Szidat, S.|Courtney-Mustaphi, C.J.|Kishe, M.|Muschick, M.|Seehausen, O.|Grosjean, M.|Tinner, W.",15695,"18278,8777,15357,9224,20040,20038,20043,20041,20039,20042,20044,20036,9599,15224,9974,10026,20037","Morales-Molino, C.","Courtney-Mustaphi, C.J.|Gobet, E.|Grosjean, M.|Heiri, O.|King, L.|Kishe, M.|Matthews, B.|Misra, P.|Muschick, M.|Ngoepe, N.|Seehausen, O.|Temoltzin-Loranca, Y.|Tinner, W.|van Leeuwen, J.F.N.|Vannière, B.|Vogel, H.|Wienhues, G.","Pollen","LV4 pollen",1,"Temoltzin-Loranca et al. (2023)","Calendar years BP","True",NA,"rbacon",16700,-50,NA,"Temotzin-Loranca, Y.",15,20036,"Temoltzin-Loranca, Y.",NA,NA,NA,NA,"Radiocarbon"
502,1,1,10485,1,4,9666,150,0,0,0,1,0,0,0,0,0,0,1,2,19,0,0,0,0,0,0,1,6,0,0,0,1,0,0,0,0,1,21,0,0,0,1,0,0,0,2,0,3,1,0,0,1,21,0,0,0,0,0,0,0,0,0,0,0,0,0,0,0,1,0,0,1,1,1,1,0,0,0,0,0,0,0,16,0,0,4,66,1,0,1,1,4,0,0,31,0,0,1,0,0,0,7,0,77,6,7,0,1,0,0,0,0,0,0,0,0,0,0,0,0,1,0,0,0,0,2,0,0,0,5,1,0,0,0,0,"ml","number","spores/tablet","number","NISP","NISP","NISP","NISP","NISP","NISP","NISP","NISP","NISP","NISP","NISP","NISP","NISP","NISP","NISP","NISP","NISP","NISP","NISP","NISP","NISP","NISP","NISP","NISP","NISP","NISP","NISP","NISP","NISP","NISP","NISP","NISP","NISP","NISP","NISP","NISP","NISP","NISP","NISP","NISP","NISP","NISP","NISP","NISP","NISP","NISP","NISP","NISP","NISP","NISP","NISP","NISP","NISP","NISP","NISP","NISP","NISP","NISP","NISP","NISP","NISP","NISP","NISP","NISP","NISP","NISP","NISP","NISP","NISP","NISP","NISP","NISP","NISP","NISP","NISP","NISP","NISP","NISP","NISP","NISP","NISP","NISP","NISP","NISP","NISP","NISP","NISP","NISP","NISP","NISP","NISP","NISP","NISP","NISP","NISP","NISP","NISP","NISP","NISP","NISP","NISP","NISP","NISP","NISP","NISP","NISP","NISP","NISP","NISP","NISP","NISP","NISP","NISP","NISP","NISP","NISP","NISP","NISP","NISP","NISP","NISP","NISP","NISP","NISP","NISP","NISP","NISP","NISP","volume","quantity added","concentration","counted","pollen","pollen","pollen","pollen","pollen","pollen","pollen","pollen","pollen","pollen","pollen","pollen","pollen","pollen","pollen","pollen","pollen","spore","spore","pollen","pollen","pollen","pollen","pollen","pollen","pollen","spore","pollen","pollen","pollen","pollen","pollen","pollen","pollen","pollen","pollen","pollen","pollen","pollen","pollen","pollen","pollen","pollen","pollen","spore","pollen","spore","pollen","pollen","pollen","pollen","pollen","pollen","pollen","pollen","pollen","pollen","pollen","spore","pollen","pollen","pollen","pollen","pollen","pollen","pollen","pollen","pollen","pollen","pollen","pollen","spore","pollen","pollen","pollen","pollen","pollen","pollen","spore","pollen","pollen","pollen","pollen","pollen","pollen","pollen","pollen","pollen","spore","pollen","pollen","pollen","pollen","pollen","pollen","pollen","pollen","pollen","pollen/spore","pollen","pollen","pollen","spore","spore","pollen","pollen","pollen","pollen","pollen","pollen","spore","pollen","pollen","pollen","pollen","pollen","pollen","pollen","pollen","spore","pollen","pollen","pollen","pollen","pollen","pollen","pollen","pollen","Lake Victoria (Shirati Bay) LV4",33.7961333333333,33.7961333333333,-1.04943333333333,-1.04943333333333,1135,6880000,"Tanzania",NA,NA,NA,NA,68,33135,"LVC18_S4","Lake Victoria LV4","Core","UWITEC piston corer","2018-10-01",NA,"Natural Lake",63,"30 km away from the shore in the Shirati Bay",NA,NA,NA,NA,NA,NA,NA,"2,10,12,3,16",44877,"8777,15357,20039,20044,9599","Gobet, E.|Grosjean, M.|Muschick, M.|Seehausen, O.|Tinner, W.",8,"Depth",15,"Carbon-14","Radiocarbon years BP",274,4,"BE-16253",5500,100,100,1,100,"False","Charcoal","","Temotzin-Loranca et al. 2023",2,20036,"Temoltzin-Loranca, Y.",5600,5400,6,20038,20038,"Kishe, Mary","Kishe, M.","Kishe","Mary","M.","","unknown","Tanzania Fisheries Research Institute
Dar es Salaam, Tanzania","","","","",1,"false","journal article",20442,"https://doi.org/10.1016/j.quascirev.2022.107915",2023,"Temoltzin-Loranca, Y., E. Gobet, B. Vannière, J.F.N. van Leeuwen, G. Wienhues, S. Szidat, C. Courtney-Mustaphi, M. Kishe, M. Muschick, O. Seehausen, M. Grosjean, and W. Tinner. 2023. A chronologically reliable record of 17,000 years of biomass burning in the Lake Victoria area. Quaternary Science Reviews 301:107915. [DOI: https://doi.org/10.1016/j.quascirev.2022.107915]","A chronologically reliable record of 17,000 years of biomass burning in the Lake Victoria area","Quaternary Science Reviews",301,107915,1,10,"Muschick","M.","20036,8777,9974,15224,20037,13851,18278,20038,20039,20044,15357,9599","Temoltzin-Loranca, Y.|Gobet, E.|Vannière, B.|van Leeuwen, J.F.N.|Wienhues, G.|Szidat, S.|Courtney-Mustaphi, C.J.|Kishe, M.|Muschick, M.|Seehausen, O.|Grosjean, M.|Tinner, W.",15695,"18278,8777,15357,9224,20040,20038,20043,20041,20039,20042,20044,20036,9599,15224,9974,10026,20037","Morales-Molino, C.","Courtney-Mustaphi, C.J.|Gobet, E.|Grosjean, M.|Heiri, O.|King, L.|Kishe, M.|Matthews, B.|Misra, P.|Muschick, M.|Ngoepe, N.|Seehausen, O.|Temoltzin-Loranca, Y.|Tinner, W.|van Leeuwen, J.F.N.|Vannière, B.|Vogel, H.|Wienhues, G.","Pollen","LV4 pollen",1,"Temoltzin-Loranca et al. (2023)","Calendar years BP","True",NA,"rbacon",16700,-50,NA,"Temotzin-Loranca, Y.",15,20036,"Temoltzin-Loranca, Y.",NA,NA,NA,NA,"Radiocarbon"
504,1,1,10502,1,4,9666,209,0,0,0,1,0,0,0,0,0,0,1,2,27,0,0,0,0,0,0,1,8,0,0,0,1,0,0,0,0,1,30,0,0,0,1,0,0,0,2,0,4,1,0,0,1,30,0,0,0,0,0,0,0,0,0,0,0,0,0,0,0,1,0,0,1,1,1,1,0,0,0,0,0,0,0,23,0,0,5,96,1,0,1,1,5,0,0,45,0,0,1,0,0,0,10,0,112,8,10,0,1,0,0,0,0,0,0,0,0,0,0,0,0,1,0,0,0,0,2,0,0,0,7,1,0,0,0,0,"ml","number","spores/tablet","number","NISP","NISP","NISP","NISP","NISP","NISP","NISP","NISP","NISP","NISP","NISP","NISP","NISP","NISP","NISP","NISP","NISP","NISP","NISP","NISP","NISP","NISP","NISP","NISP","NISP","NISP","NISP","NISP","NISP","NISP","NISP","NISP","NISP","NISP","NISP","NISP","NISP","NISP","NISP","NISP","NISP","NISP","NISP","NISP","NISP","NISP","NISP","NISP","NISP","NISP","NISP","NISP","NISP","NISP","NISP","NISP","NISP","NISP","NISP","NISP","NISP","NISP","NISP","NISP","NISP","NISP","NISP","NISP","NISP","NISP","NISP","NISP","NISP","NISP","NISP","NISP","NISP","NISP","NISP","NISP","NISP","NISP","NISP","NISP","NISP","NISP","NISP","NISP","NISP","NISP","NISP","NISP","NISP","NISP","NISP","NISP","NISP","NISP","NISP","NISP","NISP","NISP","NISP","NISP","NISP","NISP","NISP","NISP","NISP","NISP","NISP","NISP","NISP","NISP","NISP","NISP","NISP","NISP","NISP","NISP","NISP","NISP","NISP","NISP","NISP","NISP","NISP","NISP","volume","quantity added","concentration","counted","pollen","pollen","pollen","pollen","pollen","pollen","pollen","pollen","pollen","pollen","pollen","pollen","pollen","pollen","pollen","pollen","pollen","spore","spore","pollen","pollen","pollen","pollen","pollen","pollen","pollen","spore","pollen","pollen","pollen","pollen","pollen","pollen","pollen","pollen","pollen","pollen","pollen","pollen","pollen","pollen","pollen","pollen","pollen","spore","pollen","spore","pollen","pollen","pollen","pollen","pollen","pollen","pollen","pollen","pollen","pollen","pollen","spore","pollen","pollen","pollen","pollen","pollen","pollen","pollen","pollen","pollen","pollen","pollen","pollen","spore","pollen","pollen","pollen","pollen","pollen","pollen","spore","pollen","pollen","pollen","pollen","pollen","pollen","pollen","pollen","pollen","spore","pollen","pollen","pollen","pollen","pollen","pollen","pollen","pollen","pollen","pollen/spore","pollen","pollen","pollen","spore","spore","pollen","pollen","pollen","pollen","pollen","pollen","spore","pollen","pollen","pollen","pollen","pollen","pollen","pollen","pollen","spore","pollen","pollen","pollen","pollen","pollen","pollen","pollen","pollen","Lake Victoria (Shirati Bay) LV4",33.7961333333333,33.7961333333333,-1.04943333333333,-1.04943333333333,1135,6880000,"Tanzania",NA,NA,NA,NA,68,33135,"LVC18_S4","Lake Victoria LV4","Core","UWITEC piston corer","2018-10-01",NA,"Natural Lake",63,"30 km away from the shore in the Shirati Bay",NA,NA,NA,NA,NA,NA,NA,"2,10,12,3,16",44877,"8777,15357,20039,20044,9599","Gobet, E.|Grosjean, M.|Muschick, M.|Seehausen, O.|Tinner, W.",8,"Depth",15,"Carbon-14","Radiocarbon years BP",274,4,"BE-16253",5500,100,100,1,100,"False","Charcoal","","Temotzin-Loranca et al. 2023",2,20036,"Temoltzin-Loranca, Y.",5600,5400,6,20038,20038,"Kishe, Mary","Kishe, M.","Kishe","Mary","M.","","unknown","Tanzania Fisheries Research Institute
Dar es Salaam, Tanzania","","","","",1,"false","journal article",20442,"https://doi.org/10.1016/j.quascirev.2022.107915",2023,"Temoltzin-Loranca, Y., E. Gobet, B. Vannière, J.F.N. van Leeuwen, G. Wienhues, S. Szidat, C. Courtney-Mustaphi, M. Kishe, M. Muschick, O. Seehausen, M. Grosjean, and W. Tinner. 2023. A chronologically reliable record of 17,000 years of biomass burning in the Lake Victoria area. Quaternary Science Reviews 301:107915. [DOI: https://doi.org/10.1016/j.quascirev.2022.107915]","A chronologically reliable record of 17,000 years of biomass burning in the Lake Victoria area","Quaternary Science Reviews",301,107915,1,10,"Muschick","M.","20036,8777,9974,15224,20037,13851,18278,20038,20039,20044,15357,9599","Temoltzin-Loranca, Y.|Gobet, E.|Vannière, B.|van Leeuwen, J.F.N.|Wienhues, G.|Szidat, S.|Courtney-Mustaphi, C.J.|Kishe, M.|Muschick, M.|Seehausen, O.|Grosjean, M.|Tinner, W.",15695,"18278,8777,15357,9224,20040,20038,20043,20041,20039,20042,20044,20036,9599,15224,9974,10026,20037","Morales-Molino, C.","Courtney-Mustaphi, C.J.|Gobet, E.|Grosjean, M.|Heiri, O.|King, L.|Kishe, M.|Matthews, B.|Misra, P.|Muschick, M.|Ngoepe, N.|Seehausen, O.|Temoltzin-Loranca, Y.|Tinner, W.|van Leeuwen, J.F.N.|Vannière, B.|Vogel, H.|Wienhues, G.","Pollen","LV4 pollen",1,"Temoltzin-Loranca et al. (2023)","Calendar years BP","True",NA,"rbacon",16700,-50,NA,"Temotzin-Loranca, Y.",15,20036,"Temoltzin-Loranca, Y.",NA,NA,NA,NA,"Radiocarbon"
506,1,1,10522,1,4,9666,140,0,0,0,1,0,1,0,0,0,0,0,8,24,0,0,2,0,0,0,1,9,0,0,0,0,0,0,0,1,0,22,0,0,0,0,0,0,0,2,0,0,1,0,0,2,18,0,0,0,0,1,0,0,0,0,0,0,0,0,0,0,0,0,0,0,0,1,0,0,0,0,0,0,0,0,13,0,0,6,73,0,0,1,1,0,0,0,38,0,0,3,0,0,0,1,0,95,1,7,0,0,0,2,0,0,0,0,0,0,0,0,0,0,0,0,0,1,0,2,0,1,0,9,0,0,0,0,0,"ml","number","spores/tablet","number","NISP","NISP","NISP","NISP","NISP","NISP","NISP","NISP","NISP","NISP","NISP","NISP","NISP","NISP","NISP","NISP","NISP","NISP","NISP","NISP","NISP","NISP","NISP","NISP","NISP","NISP","NISP","NISP","NISP","NISP","NISP","NISP","NISP","NISP","NISP","NISP","NISP","NISP","NISP","NISP","NISP","NISP","NISP","NISP","NISP","NISP","NISP","NISP","NISP","NISP","NISP","NISP","NISP","NISP","NISP","NISP","NISP","NISP","NISP","NISP","NISP","NISP","NISP","NISP","NISP","NISP","NISP","NISP","NISP","NISP","NISP","NISP","NISP","NISP","NISP","NISP","NISP","NISP","NISP","NISP","NISP","NISP","NISP","NISP","NISP","NISP","NISP","NISP","NISP","NISP","NISP","NISP","NISP","NISP","NISP","NISP","NISP","NISP","NISP","NISP","NISP","NISP","NISP","NISP","NISP","NISP","NISP","NISP","NISP","NISP","NISP","NISP","NISP","NISP","NISP","NISP","NISP","NISP","NISP","NISP","NISP","NISP","NISP","NISP","NISP","NISP","NISP","NISP","volume","quantity added","concentration","counted","pollen","pollen","pollen","pollen","pollen","pollen","pollen","pollen","pollen","pollen","pollen","pollen","pollen","pollen","pollen","pollen","pollen","spore","spore","pollen","pollen","pollen","pollen","pollen","pollen","pollen","spore","pollen","pollen","pollen","pollen","pollen","pollen","pollen","pollen","pollen","pollen","pollen","pollen","pollen","pollen","pollen","pollen","pollen","spore","pollen","spore","pollen","pollen","pollen","pollen","pollen","pollen","pollen","pollen","pollen","pollen","pollen","spore","pollen","pollen","pollen","pollen","pollen","pollen","pollen","pollen","pollen","pollen","pollen","pollen","spore","pollen","pollen","pollen","pollen","pollen","pollen","spore","pollen","pollen","pollen","pollen","pollen","pollen","pollen","pollen","pollen","spore","pollen","pollen","pollen","pollen","pollen","pollen","pollen","pollen","pollen","pollen/spore","pollen","pollen","pollen","spore","spore","pollen","pollen","pollen","pollen","pollen","pollen","spore","pollen","pollen","pollen","pollen","pollen","pollen","pollen","pollen","spore","pollen","pollen","pollen","pollen","pollen","pollen","pollen","pollen","Lake Victoria (Shirati Bay) LV4",33.7961333333333,33.7961333333333,-1.04943333333333,-1.04943333333333,1135,6880000,"Tanzania",NA,NA,NA,NA,68,33135,"LVC18_S4","Lake Victoria LV4","Core","UWITEC piston corer","2018-10-01",NA,"Natural Lake",63,"30 km away from the shore in the Shirati Bay",NA,NA,NA,NA,NA,NA,NA,"2,10,12,3,16",44877,"8777,15357,20039,20044,9599","Gobet, E.|Grosjean, M.|Muschick, M.|Seehausen, O.|Tinner, W.",8,"Depth",15,"Carbon-14","Radiocarbon years BP",274,4,"BE-16253",5500,100,100,1,100,"False","Charcoal","","Temotzin-Loranca et al. 2023",2,20036,"Temoltzin-Loranca, Y.",5600,5400,6,20038,20038,"Kishe, Mary","Kishe, M.","Kishe","Mary","M.","","unknown","Tanzania Fisheries Research Institute
Dar es Salaam, Tanzania","","","","",1,"false","journal article",20442,"https://doi.org/10.1016/j.quascirev.2022.107915",2023,"Temoltzin-Loranca, Y., E. Gobet, B. Vannière, J.F.N. van Leeuwen, G. Wienhues, S. Szidat, C. Courtney-Mustaphi, M. Kishe, M. Muschick, O. Seehausen, M. Grosjean, and W. Tinner. 2023. A chronologically reliable record of 17,000 years of biomass burning in the Lake Victoria area. Quaternary Science Reviews 301:107915. [DOI: https://doi.org/10.1016/j.quascirev.2022.107915]","A chronologically reliable record of 17,000 years of biomass burning in the Lake Victoria area","Quaternary Science Reviews",301,107915,1,10,"Muschick","M.","20036,8777,9974,15224,20037,13851,18278,20038,20039,20044,15357,9599","Temoltzin-Loranca, Y.|Gobet, E.|Vannière, B.|van Leeuwen, J.F.N.|Wienhues, G.|Szidat, S.|Courtney-Mustaphi, C.J.|Kishe, M.|Muschick, M.|Seehausen, O.|Grosjean, M.|Tinner, W.",15695,"18278,8777,15357,9224,20040,20038,20043,20041,20039,20042,20044,20036,9599,15224,9974,10026,20037","Morales-Molino, C.","Courtney-Mustaphi, C.J.|Gobet, E.|Grosjean, M.|Heiri, O.|King, L.|Kishe, M.|Matthews, B.|Misra, P.|Muschick, M.|Ngoepe, N.|Seehausen, O.|Temoltzin-Loranca, Y.|Tinner, W.|van Leeuwen, J.F.N.|Vannière, B.|Vogel, H.|Wienhues, G.","Pollen","LV4 pollen",1,"Temoltzin-Loranca et al. (2023)","Calendar years BP","True",NA,"rbacon",16700,-50,NA,"Temotzin-Loranca, Y.",15,20036,"Temoltzin-Loranca, Y.",NA,NA,NA,NA,"Radiocarbon"
508,1,1,10540,1,4,9666,165,0,0,0,1,0,1,0,0,0,0,0,9,28,0,0,2,0,0,0,1,10,0,0,0,0,0,0,0,1,0,26,0,0,0,0,0,0,0,2,0,0,1,0,0,2,21,0,0,0,0,1,0,0,0,0,0,0,0,0,0,0,0,0,0,0,0,1,0,0,0,0,0,0,0,0,15,0,0,7,86,0,0,1,1,0,0,0,45,0,0,3,0,0,0,1,0,112,1,8,0,0,0,2,0,0,0,0,0,0,0,0,0,0,0,0,0,1,0,2,0,1,0,10,0,0,0,0,0,"ml","number","spores/tablet","number","NISP","NISP","NISP","NISP","NISP","NISP","NISP","NISP","NISP","NISP","NISP","NISP","NISP","NISP","NISP","NISP","NISP","NISP","NISP","NISP","NISP","NISP","NISP","NISP","NISP","NISP","NISP","NISP","NISP","NISP","NISP","NISP","NISP","NISP","NISP","NISP","NISP","NISP","NISP","NISP","NISP","NISP","NISP","NISP","NISP","NISP","NISP","NISP","NISP","NISP","NISP","NISP","NISP","NISP","NISP","NISP","NISP","NISP","NISP","NISP","NISP","NISP","NISP","NISP","NISP","NISP","NISP","NISP","NISP","NISP","NISP","NISP","NISP","NISP","NISP","NISP","NISP","NISP","NISP","NISP","NISP","NISP","NISP","NISP","NISP","NISP","NISP","NISP","NISP","NISP","NISP","NISP","NISP","NISP","NISP","NISP","NISP","NISP","NISP","NISP","NISP","NISP","NISP","NISP","NISP","NISP","NISP","NISP","NISP","NISP","NISP","NISP","NISP","NISP","NISP","NISP","NISP","NISP","NISP","NISP","NISP","NISP","NISP","NISP","NISP","NISP","NISP","NISP","volume","quantity added","concentration","counted","pollen","pollen","pollen","pollen","pollen","pollen","pollen","pollen","pollen","pollen","pollen","pollen","pollen","pollen","pollen","pollen","pollen","spore","spore","pollen","pollen","pollen","pollen","pollen","pollen","pollen","spore","pollen","pollen","pollen","pollen","pollen","pollen","pollen","pollen","pollen","pollen","pollen","pollen","pollen","pollen","pollen","pollen","pollen","spore","pollen","spore","pollen","pollen","pollen","pollen","pollen","pollen","pollen","pollen","pollen","pollen","pollen","spore","pollen","pollen","pollen","pollen","pollen","pollen","pollen","pollen","pollen","pollen","pollen","pollen","spore","pollen","pollen","pollen","pollen","pollen","pollen","spore","pollen","pollen","pollen","pollen","pollen","pollen","pollen","pollen","pollen","spore","pollen","pollen","pollen","pollen","pollen","pollen","pollen","pollen","pollen","pollen/spore","pollen","pollen","pollen","spore","spore","pollen","pollen","pollen","pollen","pollen","pollen","spore","pollen","pollen","pollen","pollen","pollen","pollen","pollen","pollen","spore","pollen","pollen","pollen","pollen","pollen","pollen","pollen","pollen","Lake Victoria (Shirati Bay) LV4",33.7961333333333,33.7961333333333,-1.04943333333333,-1.04943333333333,1135,6880000,"Tanzania",NA,NA,NA,NA,68,33135,"LVC18_S4","Lake Victoria LV4","Core","UWITEC piston corer","2018-10-01",NA,"Natural Lake",63,"30 km away from the shore in the Shirati Bay",NA,NA,NA,NA,NA,NA,NA,"2,10,12,3,16",44877,"8777,15357,20039,20044,9599","Gobet, E.|Grosjean, M.|Muschick, M.|Seehausen, O.|Tinner, W.",8,"Depth",15,"Carbon-14","Radiocarbon years BP",274,4,"BE-16253",5500,100,100,1,100,"False","Charcoal","","Temotzin-Loranca et al. 2023",2,20036,"Temoltzin-Loranca, Y.",5600,5400,6,20038,20038,"Kishe, Mary","Kishe, M.","Kishe","Mary","M.","","unknown","Tanzania Fisheries Research Institute
Dar es Salaam, Tanzania","","","","",1,"false","journal article",20442,"https://doi.org/10.1016/j.quascirev.2022.107915",2023,"Temoltzin-Loranca, Y., E. Gobet, B. Vannière, J.F.N. van Leeuwen, G. Wienhues, S. Szidat, C. Courtney-Mustaphi, M. Kishe, M. Muschick, O. Seehausen, M. Grosjean, and W. Tinner. 2023. A chronologically reliable record of 17,000 years of biomass burning in the Lake Victoria area. Quaternary Science Reviews 301:107915. [DOI: https://doi.org/10.1016/j.quascirev.2022.107915]","A chronologically reliable record of 17,000 years of biomass burning in the Lake Victoria area","Quaternary Science Reviews",301,107915,1,10,"Muschick","M.","20036,8777,9974,15224,20037,13851,18278,20038,20039,20044,15357,9599","Temoltzin-Loranca, Y.|Gobet, E.|Vannière, B.|van Leeuwen, J.F.N.|Wienhues, G.|Szidat, S.|Courtney-Mustaphi, C.J.|Kishe, M.|Muschick, M.|Seehausen, O.|Grosjean, M.|Tinner, W.",15695,"18278,8777,15357,9224,20040,20038,20043,20041,20039,20042,20044,20036,9599,15224,9974,10026,20037","Morales-Molino, C.","Courtney-Mustaphi, C.J.|Gobet, E.|Grosjean, M.|Heiri, O.|King, L.|Kishe, M.|Matthews, B.|Misra, P.|Muschick, M.|Ngoepe, N.|Seehausen, O.|Temoltzin-Loranca, Y.|Tinner, W.|van Leeuwen, J.F.N.|Vannière, B.|Vogel, H.|Wienhues, G.","Pollen","LV4 pollen",1,"Temoltzin-Loranca et al. (2023)","Calendar years BP","True",NA,"rbacon",16700,-50,NA,"Temotzin-Loranca, Y.",15,20036,"Temoltzin-Loranca, Y.",NA,NA,NA,NA,"Radiocarbon"
510,1,1,10558,1,4,9666,189,0,0,0,0,0,0,1,0,0,0,1,3,28,0,0,0,0,0,0,0,7,0,0,0,0,0,0,0,0,0,9,0,0,0,0,0,0,0,3,0,0,0,1,0,1,28,0,0,0,0,2,1,0,0,0,0,0,0,0,0,0,1,0,0,3,0,0,0,0,1,0,0,0,0,0,15,0,1,2,59,3,0,0,2,2,0,0,27,0,0,1,0,0,0,3,0,90,1,12,0,1,0,0,0,0,0,0,0,1,0,0,0,0,2,0,0,0,0,1,0,0,0,5,0,1,0,1,0,"ml","number","spores/tablet","number","NISP","NISP","NISP","NISP","NISP","NISP","NISP","NISP","NISP","NISP","NISP","NISP","NISP","NISP","NISP","NISP","NISP","NISP","NISP","NISP","NISP","NISP","NISP","NISP","NISP","NISP","NISP","NISP","NISP","NISP","NISP","NISP","NISP","NISP","NISP","NISP","NISP","NISP","NISP","NISP","NISP","NISP","NISP","NISP","NISP","NISP","NISP","NISP","NISP","NISP","NISP","NISP","NISP","NISP","NISP","NISP","NISP","NISP","NISP","NISP","NISP","NISP","NISP","NISP","NISP","NISP","NISP","NISP","NISP","NISP","NISP","NISP","NISP","NISP","NISP","NISP","NISP","NISP","NISP","NISP","NISP","NISP","NISP","NISP","NISP","NISP","NISP","NISP","NISP","NISP","NISP","NISP","NISP","NISP","NISP","NISP","NISP","NISP","NISP","NISP","NISP","NISP","NISP","NISP","NISP","NISP","NISP","NISP","NISP","NISP","NISP","NISP","NISP","NISP","NISP","NISP","NISP","NISP","NISP","NISP","NISP","NISP","NISP","NISP","NISP","NISP","NISP","NISP","volume","quantity added","concentration","counted","pollen","pollen","pollen","pollen","pollen","pollen","pollen","pollen","pollen","pollen","pollen","pollen","pollen","pollen","pollen","pollen","pollen","spore","spore","pollen","pollen","pollen","pollen","pollen","pollen","pollen","spore","pollen","pollen","pollen","pollen","pollen","pollen","pollen","pollen","pollen","pollen","pollen","pollen","pollen","pollen","pollen","pollen","pollen","spore","pollen","spore","pollen","pollen","pollen","pollen","pollen","pollen","pollen","pollen","pollen","pollen","pollen","spore","pollen","pollen","pollen","pollen","pollen","pollen","pollen","pollen","pollen","pollen","pollen","pollen","spore","pollen","pollen","pollen","pollen","pollen","pollen","spore","pollen","pollen","pollen","pollen","pollen","pollen","pollen","pollen","pollen","spore","pollen","pollen","pollen","pollen","pollen","pollen","pollen","pollen","pollen","pollen/spore","pollen","pollen","pollen","spore","spore","pollen","pollen","pollen","pollen","pollen","pollen","spore","pollen","pollen","pollen","pollen","pollen","pollen","pollen","pollen","spore","pollen","pollen","pollen","pollen","pollen","pollen","pollen","pollen","Lake Victoria (Shirati Bay) LV4",33.7961333333333,33.7961333333333,-1.04943333333333,-1.04943333333333,1135,6880000,"Tanzania",NA,NA,NA,NA,68,33135,"LVC18_S4","Lake Victoria LV4","Core","UWITEC piston corer","2018-10-01",NA,"Natural Lake",63,"30 km away from the shore in the Shirati Bay",NA,NA,NA,NA,NA,NA,NA,"2,10,12,3,16",44877,"8777,15357,20039,20044,9599","Gobet, E.|Grosjean, M.|Muschick, M.|Seehausen, O.|Tinner, W.",8,"Depth",15,"Carbon-14","Radiocarbon years BP",274,4,"BE-16253",5500,100,100,1,100,"False","Charcoal","","Temotzin-Loranca et al. 2023",2,20036,"Temoltzin-Loranca, Y.",5600,5400,6,20038,20038,"Kishe, Mary","Kishe, M.","Kishe","Mary","M.","","unknown","Tanzania Fisheries Research Institute
Dar es Salaam, Tanzania","","","","",1,"false","journal article",20442,"https://doi.org/10.1016/j.quascirev.2022.107915",2023,"Temoltzin-Loranca, Y., E. Gobet, B. Vannière, J.F.N. van Leeuwen, G. Wienhues, S. Szidat, C. Courtney-Mustaphi, M. Kishe, M. Muschick, O. Seehausen, M. Grosjean, and W. Tinner. 2023. A chronologically reliable record of 17,000 years of biomass burning in the Lake Victoria area. Quaternary Science Reviews 301:107915. [DOI: https://doi.org/10.1016/j.quascirev.2022.107915]","A chronologically reliable record of 17,000 years of biomass burning in the Lake Victoria area","Quaternary Science Reviews",301,107915,1,10,"Muschick","M.","20036,8777,9974,15224,20037,13851,18278,20038,20039,20044,15357,9599","Temoltzin-Loranca, Y.|Gobet, E.|Vannière, B.|van Leeuwen, J.F.N.|Wienhues, G.|Szidat, S.|Courtney-Mustaphi, C.J.|Kishe, M.|Muschick, M.|Seehausen, O.|Grosjean, M.|Tinner, W.",15695,"18278,8777,15357,9224,20040,20038,20043,20041,20039,20042,20044,20036,9599,15224,9974,10026,20037","Morales-Molino, C.","Courtney-Mustaphi, C.J.|Gobet, E.|Grosjean, M.|Heiri, O.|King, L.|Kishe, M.|Matthews, B.|Misra, P.|Muschick, M.|Ngoepe, N.|Seehausen, O.|Temoltzin-Loranca, Y.|Tinner, W.|van Leeuwen, J.F.N.|Vannière, B.|Vogel, H.|Wienhues, G.","Pollen","LV4 pollen",1,"Temoltzin-Loranca et al. (2023)","Calendar years BP","True",NA,"rbacon",16700,-50,NA,"Temotzin-Loranca, Y.",15,20036,"Temoltzin-Loranca, Y.",NA,NA,NA,NA,"Radiocarbon"
512,1,1,10577,1,4,9666,222,0,0,0,1,1,0,0,0,1,0,0,12,30,0,1,4,0,0,0,0,13,0,0,0,0,0,0,1,0,0,0,0,0,0,0,0,1,0,5,0,0,0,0,1,0,39,0,2,0,0,0,2,1,0,0,0,0,0,0,0,0,0,0,0,0,1,2,0,0,0,0,2,0,0,0,19,0,0,7,90,0,0,0,3,1,0,0,50,0,0,2,0,0,0,3,0,145,2,13,0,0,0,2,0,0,0,0,0,0,0,1,0,0,0,0,0,0,0,2,0,0,0,29,0,4,1,0,0,"ml","number","spores/tablet","number","NISP","NISP","NISP","NISP","NISP","NISP","NISP","NISP","NISP","NISP","NISP","NISP","NISP","NISP","NISP","NISP","NISP","NISP","NISP","NISP","NISP","NISP","NISP","NISP","NISP","NISP","NISP","NISP","NISP","NISP","NISP","NISP","NISP","NISP","NISP","NISP","NISP","NISP","NISP","NISP","NISP","NISP","NISP","NISP","NISP","NISP","NISP","NISP","NISP","NISP","NISP","NISP","NISP","NISP","NISP","NISP","NISP","NISP","NISP","NISP","NISP","NISP","NISP","NISP","NISP","NISP","NISP","NISP","NISP","NISP","NISP","NISP","NISP","NISP","NISP","NISP","NISP","NISP","NISP","NISP","NISP","NISP","NISP","NISP","NISP","NISP","NISP","NISP","NISP","NISP","NISP","NISP","NISP","NISP","NISP","NISP","NISP","NISP","NISP","NISP","NISP","NISP","NISP","NISP","NISP","NISP","NISP","NISP","NISP","NISP","NISP","NISP","NISP","NISP","NISP","NISP","NISP","NISP","NISP","NISP","NISP","NISP","NISP","NISP","NISP","NISP","NISP","NISP","volume","quantity added","concentration","counted","pollen","pollen","pollen","pollen","pollen","pollen","pollen","pollen","pollen","pollen","pollen","pollen","pollen","pollen","pollen","pollen","pollen","spore","spore","pollen","pollen","pollen","pollen","pollen","pollen","pollen","spore","pollen","pollen","pollen","pollen","pollen","pollen","pollen","pollen","pollen","pollen","pollen","pollen","pollen","pollen","pollen","pollen","pollen","spore","pollen","spore","pollen","pollen","pollen","pollen","pollen","pollen","pollen","pollen","pollen","pollen","pollen","spore","pollen","pollen","pollen","pollen","pollen","pollen","pollen","pollen","pollen","pollen","pollen","pollen","spore","pollen","pollen","pollen","pollen","pollen","pollen","spore","pollen","pollen","pollen","pollen","pollen","pollen","pollen","pollen","pollen","spore","pollen","pollen","pollen","pollen","pollen","pollen","pollen","pollen","pollen","pollen/spore","pollen","pollen","pollen","spore","spore","pollen","pollen","pollen","pollen","pollen","pollen","spore","pollen","pollen","pollen","pollen","pollen","pollen","pollen","pollen","spore","pollen","pollen","pollen","pollen","pollen","pollen","pollen","pollen","Lake Victoria (Shirati Bay) LV4",33.7961333333333,33.7961333333333,-1.04943333333333,-1.04943333333333,1135,6880000,"Tanzania",NA,NA,NA,NA,68,33135,"LVC18_S4","Lake Victoria LV4","Core","UWITEC piston corer","2018-10-01",NA,"Natural Lake",63,"30 km away from the shore in the Shirati Bay",NA,NA,NA,NA,NA,NA,NA,"2,10,12,3,16",44877,"8777,15357,20039,20044,9599","Gobet, E.|Grosjean, M.|Muschick, M.|Seehausen, O.|Tinner, W.",8,"Depth",15,"Carbon-14","Radiocarbon years BP",274,4,"BE-16253",5500,100,100,1,100,"False","Charcoal","","Temotzin-Loranca et al. 2023",2,20036,"Temoltzin-Loranca, Y.",5600,5400,7,20043,20043,"Matthews, Blake","Matthews, B.","Matthews","Blake","B.","","unknown","Institute of Ecology and Evolution
University of Bern
Bern, Switzerland","","","","",1,"false","journal article",20442,"https://doi.org/10.1016/j.quascirev.2022.107915",2023,"Temoltzin-Loranca, Y., E. Gobet, B. Vannière, J.F.N. van Leeuwen, G. Wienhues, S. Szidat, C. Courtney-Mustaphi, M. Kishe, M. Muschick, O. Seehausen, M. Grosjean, and W. Tinner. 2023. A chronologically reliable record of 17,000 years of biomass burning in the Lake Victoria area. Quaternary Science Reviews 301:107915. [DOI: https://doi.org/10.1016/j.quascirev.2022.107915]","A chronologically reliable record of 17,000 years of biomass burning in the Lake Victoria area","Quaternary Science Reviews",301,107915,1,12,"Seehausen","O.","20036,8777,9974,15224,20037,13851,18278,20038,20039,20044,15357,9599","Temoltzin-Loranca, Y.|Gobet, E.|Vannière, B.|van Leeuwen, J.F.N.|Wienhues, G.|Szidat, S.|Courtney-Mustaphi, C.J.|Kishe, M.|Muschick, M.|Seehausen, O.|Grosjean, M.|Tinner, W.",15695,"18278,8777,15357,9224,20040,20038,20043,20041,20039,20042,20044,20036,9599,15224,9974,10026,20037","Morales-Molino, C.","Courtney-Mustaphi, C.J.|Gobet, E.|Grosjean, M.|Heiri, O.|King, L.|Kishe, M.|Matthews, B.|Misra, P.|Muschick, M.|Ngoepe, N.|Seehausen, O.|Temoltzin-Loranca, Y.|Tinner, W.|van Leeuwen, J.F.N.|Vannière, B.|Vogel, H.|Wienhues, G.","Pollen","LV4 pollen",1,"Temoltzin-Loranca et al. (2023)","Calendar years BP","True",NA,"rbacon",16700,-50,NA,"Temotzin-Loranca, Y.",15,20036,"Temoltzin-Loranca, Y.",NA,NA,NA,NA,"Radiocarbon"
513,1,1,10577,1,4,9666,222,0,0,0,1,1,0,0,0,1,0,0,12,30,0,1,4,0,0,0,0,13,0,0,0,0,0,0,1,0,0,19,0,0,0,0,0,1,0,5,0,0,0,0,1,0,39,0,2,0,0,0,2,1,0,0,0,0,0,0,0,0,0,0,0,0,1,2,0,0,0,0,2,0,0,0,19,0,0,7,90,0,0,0,3,0,0,0,50,0,0,2,0,0,0,3,0,145,2,13,0,0,0,2,2,0,0,0,0,0,1,1,0,0,0,0,0,0,0,2,0,0,0,29,0,4,1,0,0,"ml","number","spores/tablet","number","NISP","NISP","NISP","NISP","NISP","NISP","NISP","NISP","NISP","NISP","NISP","NISP","NISP","NISP","NISP","NISP","NISP","NISP","NISP","NISP","NISP","NISP","NISP","NISP","NISP","NISP","NISP","NISP","NISP","NISP","NISP","NISP","NISP","NISP","NISP","NISP","NISP","NISP","NISP","NISP","NISP","NISP","NISP","NISP","NISP","NISP","NISP","NISP","NISP","NISP","NISP","NISP","NISP","NISP","NISP","NISP","NISP","NISP","NISP","NISP","NISP","NISP","NISP","NISP","NISP","NISP","NISP","NISP","NISP","NISP","NISP","NISP","NISP","NISP","NISP","NISP","NISP","NISP","NISP","NISP","NISP","NISP","NISP","NISP","NISP","NISP","NISP","NISP","NISP","NISP","NISP","NISP","NISP","NISP","NISP","NISP","NISP","NISP","NISP","NISP","NISP","NISP","NISP","NISP","NISP","NISP","NISP","NISP","NISP","NISP","NISP","NISP","NISP","NISP","NISP","NISP","NISP","NISP","NISP","NISP","NISP","NISP","NISP","NISP","NISP","NISP","NISP","NISP","volume","quantity added","concentration","counted","pollen","pollen","pollen","pollen","pollen","pollen","pollen","pollen","pollen","pollen","pollen","pollen","pollen","pollen","pollen","pollen","pollen","spore","spore","pollen","pollen","pollen","pollen","pollen","pollen","pollen","spore","pollen","pollen","pollen","pollen","pollen","pollen","pollen","pollen","pollen","pollen","pollen","pollen","pollen","pollen","pollen","pollen","pollen","spore","pollen","spore","pollen","pollen","pollen","pollen","pollen","pollen","pollen","pollen","pollen","pollen","pollen","spore","pollen","pollen","pollen","pollen","pollen","pollen","pollen","pollen","pollen","pollen","pollen","pollen","spore","pollen","pollen","pollen","pollen","pollen","pollen","spore","pollen","pollen","pollen","pollen","pollen","pollen","pollen","pollen","pollen","spore","pollen","pollen","pollen","pollen","pollen","pollen","pollen","pollen","pollen","pollen/spore","pollen","pollen","pollen","spore","spore","pollen","pollen","pollen","pollen","pollen","pollen","spore","pollen","pollen","pollen","pollen","pollen","pollen","pollen","pollen","spore","pollen","pollen","pollen","pollen","pollen","pollen","pollen","pollen","Lake Victoria (Shirati Bay) LV4",33.7961333333333,33.7961333333333,-1.04943333333333,-1.04943333333333,1135,6880000,"Tanzania",NA,NA,NA,NA,68,33135,"LVC18_S4","Lake Victoria LV4","Core","UWITEC piston corer","2018-10-01",NA,"Natural Lake",63,"30 km away from the shore in the Shirati Bay",NA,NA,NA,NA,NA,NA,NA,"2,10,12,3,16",44877,"8777,15357,20039,20044,9599","Gobet, E.|Grosjean, M.|Muschick, M.|Seehausen, O.|Tinner, W.",8,"Depth",15,"Carbon-14","Radiocarbon years BP",274,4,"BE-16253",5500,100,100,1,100,"False","Charcoal","","Temotzin-Loranca et al. 2023",2,20036,"Temoltzin-Loranca, Y.",5600,5400,7,20043,20043,"Matthews, Blake","Matthews, B.","Matthews","Blake","B.","","unknown","Institute of Ecology and Evolution
University of Bern
Bern, Switzerland","","","","",1,"false","journal article",20442,"https://doi.org/10.1016/j.quascirev.2022.107915",2023,"Temoltzin-Loranca, Y., E. Gobet, B. Vannière, J.F.N. van Leeuwen, G. Wienhues, S. Szidat, C. Courtney-Mustaphi, M. Kishe, M. Muschick, O. Seehausen, M. Grosjean, and W. Tinner. 2023. A chronologically reliable record of 17,000 years of biomass burning in the Lake Victoria area. Quaternary Science Reviews 301:107915. [DOI: https://doi.org/10.1016/j.quascirev.2022.107915]","A chronologically reliable record of 17,000 years of biomass burning in the Lake Victoria area","Quaternary Science Reviews",301,107915,1,12,"Seehausen","O.","20036,8777,9974,15224,20037,13851,18278,20038,20039,20044,15357,9599","Temoltzin-Loranca, Y.|Gobet, E.|Vannière, B.|van Leeuwen, J.F.N.|Wienhues, G.|Szidat, S.|Courtney-Mustaphi, C.J.|Kishe, M.|Muschick, M.|Seehausen, O.|Grosjean, M.|Tinner, W.",15695,"18278,8777,15357,9224,20040,20038,20043,20041,20039,20042,20044,20036,9599,15224,9974,10026,20037","Morales-Molino, C.","Courtney-Mustaphi, C.J.|Gobet, E.|Grosjean, M.|Heiri, O.|King, L.|Kishe, M.|Matthews, B.|Misra, P.|Muschick, M.|Ngoepe, N.|Seehausen, O.|Temoltzin-Loranca, Y.|Tinner, W.|van Leeuwen, J.F.N.|Vannière, B.|Vogel, H.|Wienhues, G.","Pollen","LV4 pollen",1,"Temoltzin-Loranca et al. (2023)","Calendar years BP","True",NA,"rbacon",16700,-50,NA,"Temotzin-Loranca, Y.",15,20036,"Temoltzin-Loranca, Y.",NA,NA,NA,NA,"Radiocarbon"
514,1,1,10594,1,4,9666,258,0,0,0,0,0,0,0,0,0,0,0,0,10,1,0,1,0,1,0,0,12,0,0,0,1,0,0,0,0,0,9,0,0,0,0,0,0,0,3,0,0,0,0,1,0,45,0,0,0,0,0,0,0,0,0,0,0,0,0,0,0,0,0,0,0,0,0,0,0,0,0,0,0,0,0,6,0,0,4,61,2,0,3,2,2,0,0,32,0,0,0,0,0,0,3,0,111,4,10,0,1,0,0,1,0,1,0,0,0,0,0,0,2,0,0,0,0,0,0,0,1,0,7,0,0,0,0,0,"ml","number","spores/tablet","number","NISP","NISP","NISP","NISP","NISP","NISP","NISP","NISP","NISP","NISP","NISP","NISP","NISP","NISP","NISP","NISP","NISP","NISP","NISP","NISP","NISP","NISP","NISP","NISP","NISP","NISP","NISP","NISP","NISP","NISP","NISP","NISP","NISP","NISP","NISP","NISP","NISP","NISP","NISP","NISP","NISP","NISP","NISP","NISP","NISP","NISP","NISP","NISP","NISP","NISP","NISP","NISP","NISP","NISP","NISP","NISP","NISP","NISP","NISP","NISP","NISP","NISP","NISP","NISP","NISP","NISP","NISP","NISP","NISP","NISP","NISP","NISP","NISP","NISP","NISP","NISP","NISP","NISP","NISP","NISP","NISP","NISP","NISP","NISP","NISP","NISP","NISP","NISP","NISP","NISP","NISP","NISP","NISP","NISP","NISP","NISP","NISP","NISP","NISP","NISP","NISP","NISP","NISP","NISP","NISP","NISP","NISP","NISP","NISP","NISP","NISP","NISP","NISP","NISP","NISP","NISP","NISP","NISP","NISP","NISP","NISP","NISP","NISP","NISP","NISP","NISP","NISP","NISP","volume","quantity added","concentration","counted","pollen","pollen","pollen","pollen","pollen","pollen","pollen","pollen","pollen","pollen","pollen","pollen","pollen","pollen","pollen","pollen","pollen","spore","spore","pollen","pollen","pollen","pollen","pollen","pollen","pollen","spore","pollen","pollen","pollen","pollen","pollen","pollen","pollen","pollen","pollen","pollen","pollen","pollen","pollen","pollen","pollen","pollen","pollen","spore","pollen","spore","pollen","pollen","pollen","pollen","pollen","pollen","pollen","pollen","pollen","pollen","pollen","spore","pollen","pollen","pollen","pollen","pollen","pollen","pollen","pollen","pollen","pollen","pollen","pollen","spore","pollen","pollen","pollen","pollen","pollen","pollen","spore","pollen","pollen","pollen","pollen","pollen","pollen","pollen","pollen","pollen","spore","pollen","pollen","pollen","pollen","pollen","pollen","pollen","pollen","pollen","pollen/spore","pollen","pollen","pollen","spore","spore","pollen","pollen","pollen","pollen","pollen","pollen","spore","pollen","pollen","pollen","pollen","pollen","pollen","pollen","pollen","spore","pollen","pollen","pollen","pollen","pollen","pollen","pollen","pollen","Lake Victoria (Shirati Bay) LV4",33.7961333333333,33.7961333333333,-1.04943333333333,-1.04943333333333,1135,6880000,"Tanzania",NA,NA,NA,NA,68,33135,"LVC18_S4","Lake Victoria LV4","Core","UWITEC piston corer","2018-10-01",NA,"Natural Lake",63,"30 km away from the shore in the Shirati Bay",NA,NA,NA,NA,NA,NA,NA,"2,10,12,3,16",44877,"8777,15357,20039,20044,9599","Gobet, E.|Grosjean, M.|Muschick, M.|Seehausen, O.|Tinner, W.",9,"Depth",15,"Carbon-14","Radiocarbon years BP",335,2,"BE-16254",6570,100,100,1,100,"False","Charcoal","","Temotzin-Loranca et al. 2023",2,20036,"Temoltzin-Loranca, Y.",6670,6470,7,20043,20043,"Matthews, Blake","Matthews, B.","Matthews","Blake","B.","","unknown","Institute of Ecology and Evolution
University of Bern
Bern, Switzerland","","","","",1,"false","journal article",20442,"https://doi.org/10.1016/j.quascirev.2022.107915",2023,"Temoltzin-Loranca, Y., E. Gobet, B. Vannière, J.F.N. van Leeuwen, G. Wienhues, S. Szidat, C. Courtney-Mustaphi, M. Kishe, M. Muschick, O. Seehausen, M. Grosjean, and W. Tinner. 2023. A chronologically reliable record of 17,000 years of biomass burning in the Lake Victoria area. Quaternary Science Reviews 301:107915. [DOI: https://doi.org/10.1016/j.quascirev.2022.107915]","A chronologically reliable record of 17,000 years of biomass burning in the Lake Victoria area","Quaternary Science Reviews",301,107915,1,12,"Seehausen","O.","20036,8777,9974,15224,20037,13851,18278,20038,20039,20044,15357,9599","Temoltzin-Loranca, Y.|Gobet, E.|Vannière, B.|van Leeuwen, J.F.N.|Wienhues, G.|Szidat, S.|Courtney-Mustaphi, C.J.|Kishe, M.|Muschick, M.|Seehausen, O.|Grosjean, M.|Tinner, W.",15695,"18278,8777,15357,9224,20040,20038,20043,20041,20039,20042,20044,20036,9599,15224,9974,10026,20037","Morales-Molino, C.","Courtney-Mustaphi, C.J.|Gobet, E.|Grosjean, M.|Heiri, O.|King, L.|Kishe, M.|Matthews, B.|Misra, P.|Muschick, M.|Ngoepe, N.|Seehausen, O.|Temoltzin-Loranca, Y.|Tinner, W.|van Leeuwen, J.F.N.|Vannière, B.|Vogel, H.|Wienhues, G.","Pollen","LV4 pollen",1,"Temoltzin-Loranca et al. (2023)","Calendar years BP","True",NA,"rbacon",16700,-50,NA,"Temotzin-Loranca, Y.",15,20036,"Temoltzin-Loranca, Y.",NA,NA,NA,NA,"Radiocarbon"
516,1,1,10611,1,4,9666,346,0,0,0,0,0,0,0,0,0,0,0,0,13,1,0,1,0,1,0,0,16,0,0,0,1,0,0,0,0,0,12,0,0,0,0,0,0,0,4,0,0,0,0,1,0,59,0,0,0,0,0,0,0,0,0,0,0,0,0,0,0,0,0,0,0,0,0,0,0,0,0,0,0,0,0,8,0,0,5,82,2,0,4,2,2,0,0,43,0,0,0,0,0,0,4,0,149,5,13,0,1,0,0,1,0,1,0,0,0,0,0,0,2,0,0,0,0,0,0,0,1,0,9,0,0,0,0,0,"ml","number","spores/tablet","number","NISP","NISP","NISP","NISP","NISP","NISP","NISP","NISP","NISP","NISP","NISP","NISP","NISP","NISP","NISP","NISP","NISP","NISP","NISP","NISP","NISP","NISP","NISP","NISP","NISP","NISP","NISP","NISP","NISP","NISP","NISP","NISP","NISP","NISP","NISP","NISP","NISP","NISP","NISP","NISP","NISP","NISP","NISP","NISP","NISP","NISP","NISP","NISP","NISP","NISP","NISP","NISP","NISP","NISP","NISP","NISP","NISP","NISP","NISP","NISP","NISP","NISP","NISP","NISP","NISP","NISP","NISP","NISP","NISP","NISP","NISP","NISP","NISP","NISP","NISP","NISP","NISP","NISP","NISP","NISP","NISP","NISP","NISP","NISP","NISP","NISP","NISP","NISP","NISP","NISP","NISP","NISP","NISP","NISP","NISP","NISP","NISP","NISP","NISP","NISP","NISP","NISP","NISP","NISP","NISP","NISP","NISP","NISP","NISP","NISP","NISP","NISP","NISP","NISP","NISP","NISP","NISP","NISP","NISP","NISP","NISP","NISP","NISP","NISP","NISP","NISP","NISP","NISP","volume","quantity added","concentration","counted","pollen","pollen","pollen","pollen","pollen","pollen","pollen","pollen","pollen","pollen","pollen","pollen","pollen","pollen","pollen","pollen","pollen","spore","spore","pollen","pollen","pollen","pollen","pollen","pollen","pollen","spore","pollen","pollen","pollen","pollen","pollen","pollen","pollen","pollen","pollen","pollen","pollen","pollen","pollen","pollen","pollen","pollen","pollen","spore","pollen","spore","pollen","pollen","pollen","pollen","pollen","pollen","pollen","pollen","pollen","pollen","pollen","spore","pollen","pollen","pollen","pollen","pollen","pollen","pollen","pollen","pollen","pollen","pollen","pollen","spore","pollen","pollen","pollen","pollen","pollen","pollen","spore","pollen","pollen","pollen","pollen","pollen","pollen","pollen","pollen","pollen","spore","pollen","pollen","pollen","pollen","pollen","pollen","pollen","pollen","pollen","pollen/spore","pollen","pollen","pollen","spore","spore","pollen","pollen","pollen","pollen","pollen","pollen","spore","pollen","pollen","pollen","pollen","pollen","pollen","pollen","pollen","spore","pollen","pollen","pollen","pollen","pollen","pollen","pollen","pollen","Lake Victoria (Shirati Bay) LV4",33.7961333333333,33.7961333333333,-1.04943333333333,-1.04943333333333,1135,6880000,"Tanzania",NA,NA,NA,NA,68,33135,"LVC18_S4","Lake Victoria LV4","Core","UWITEC piston corer","2018-10-01",NA,"Natural Lake",63,"30 km away from the shore in the Shirati Bay",NA,NA,NA,NA,NA,NA,NA,"2,10,12,3,16",44877,"8777,15357,20039,20044,9599","Gobet, E.|Grosjean, M.|Muschick, M.|Seehausen, O.|Tinner, W.",9,"Depth",15,"Carbon-14","Radiocarbon years BP",335,2,"BE-16254",6570,100,100,1,100,"False","Charcoal","","Temotzin-Loranca et al. 2023",2,20036,"Temoltzin-Loranca, Y.",6670,6470,7,20043,20043,"Matthews, Blake","Matthews, B.","Matthews","Blake","B.","","unknown","Institute of Ecology and Evolution
University of Bern
Bern, Switzerland","","","","",1,"false","journal article",20442,"https://doi.org/10.1016/j.quascirev.2022.107915",2023,"Temoltzin-Loranca, Y., E. Gobet, B. Vannière, J.F.N. van Leeuwen, G. Wienhues, S. Szidat, C. Courtney-Mustaphi, M. Kishe, M. Muschick, O. Seehausen, M. Grosjean, and W. Tinner. 2023. A chronologically reliable record of 17,000 years of biomass burning in the Lake Victoria area. Quaternary Science Reviews 301:107915. [DOI: https://doi.org/10.1016/j.quascirev.2022.107915]","A chronologically reliable record of 17,000 years of biomass burning in the Lake Victoria area","Quaternary Science Reviews",301,107915,1,12,"Seehausen","O.","20036,8777,9974,15224,20037,13851,18278,20038,20039,20044,15357,9599","Temoltzin-Loranca, Y.|Gobet, E.|Vannière, B.|van Leeuwen, J.F.N.|Wienhues, G.|Szidat, S.|Courtney-Mustaphi, C.J.|Kishe, M.|Muschick, M.|Seehausen, O.|Grosjean, M.|Tinner, W.",15695,"18278,8777,15357,9224,20040,20038,20043,20041,20039,20042,20044,20036,9599,15224,9974,10026,20037","Morales-Molino, C.","Courtney-Mustaphi, C.J.|Gobet, E.|Grosjean, M.|Heiri, O.|King, L.|Kishe, M.|Matthews, B.|Misra, P.|Muschick, M.|Ngoepe, N.|Seehausen, O.|Temoltzin-Loranca, Y.|Tinner, W.|van Leeuwen, J.F.N.|Vannière, B.|Vogel, H.|Wienhues, G.","Pollen","LV4 pollen",1,"Temoltzin-Loranca et al. (2023)","Calendar years BP","True",NA,"rbacon",16700,-50,NA,"Temotzin-Loranca, Y.",15,20036,"Temoltzin-Loranca, Y.",NA,NA,NA,NA,"Radiocarbon"
518,1,1,10628,1,4,9666,145,0,0,0,0,0,0,0,0,0,0,0,5,9,0,0,3,0,0,0,0,6,0,0,0,0,0,0,0,0,0,9,0,0,0,1,0,0,0,3,0,0,0,0,0,1,20,0,1,0,0,0,1,0,0,0,0,0,0,0,0,0,0,0,0,0,1,2,1,0,0,0,0,0,0,0,14,0,0,4,26,0,0,1,1,0,0,0,34,0,0,1,0,0,0,1,0,76,1,7,0,1,0,0,0,0,0,0,0,0,0,0,0,0,0,0,0,0,0,0,0,1,0,8,0,0,0,0,0,"ml","number","spores/tablet","number","NISP","NISP","NISP","NISP","NISP","NISP","NISP","NISP","NISP","NISP","NISP","NISP","NISP","NISP","NISP","NISP","NISP","NISP","NISP","NISP","NISP","NISP","NISP","NISP","NISP","NISP","NISP","NISP","NISP","NISP","NISP","NISP","NISP","NISP","NISP","NISP","NISP","NISP","NISP","NISP","NISP","NISP","NISP","NISP","NISP","NISP","NISP","NISP","NISP","NISP","NISP","NISP","NISP","NISP","NISP","NISP","NISP","NISP","NISP","NISP","NISP","NISP","NISP","NISP","NISP","NISP","NISP","NISP","NISP","NISP","NISP","NISP","NISP","NISP","NISP","NISP","NISP","NISP","NISP","NISP","NISP","NISP","NISP","NISP","NISP","NISP","NISP","NISP","NISP","NISP","NISP","NISP","NISP","NISP","NISP","NISP","NISP","NISP","NISP","NISP","NISP","NISP","NISP","NISP","NISP","NISP","NISP","NISP","NISP","NISP","NISP","NISP","NISP","NISP","NISP","NISP","NISP","NISP","NISP","NISP","NISP","NISP","NISP","NISP","NISP","NISP","NISP","NISP","volume","quantity added","concentration","counted","pollen","pollen","pollen","pollen","pollen","pollen","pollen","pollen","pollen","pollen","pollen","pollen","pollen","pollen","pollen","pollen","pollen","spore","spore","pollen","pollen","pollen","pollen","pollen","pollen","pollen","spore","pollen","pollen","pollen","pollen","pollen","pollen","pollen","pollen","pollen","pollen","pollen","pollen","pollen","pollen","pollen","pollen","pollen","spore","pollen","spore","pollen","pollen","pollen","pollen","pollen","pollen","pollen","pollen","pollen","pollen","pollen","spore","pollen","pollen","pollen","pollen","pollen","pollen","pollen","pollen","pollen","pollen","pollen","pollen","spore","pollen","pollen","pollen","pollen","pollen","pollen","spore","pollen","pollen","pollen","pollen","pollen","pollen","pollen","pollen","pollen","spore","pollen","pollen","pollen","pollen","pollen","pollen","pollen","pollen","pollen","pollen/spore","pollen","pollen","pollen","spore","spore","pollen","pollen","pollen","pollen","pollen","pollen","spore","pollen","pollen","pollen","pollen","pollen","pollen","pollen","pollen","spore","pollen","pollen","pollen","pollen","pollen","pollen","pollen","pollen","Lake Victoria (Shirati Bay) LV4",33.7961333333333,33.7961333333333,-1.04943333333333,-1.04943333333333,1135,6880000,"Tanzania",NA,NA,NA,NA,68,33135,"LVC18_S4","Lake Victoria LV4","Core","UWITEC piston corer","2018-10-01",NA,"Natural Lake",63,"30 km away from the shore in the Shirati Bay",NA,NA,NA,NA,NA,NA,NA,"2,10,12,3,16",44877,"8777,15357,20039,20044,9599","Gobet, E.|Grosjean, M.|Muschick, M.|Seehausen, O.|Tinner, W.",9,"Depth",15,"Carbon-14","Radiocarbon years BP",335,2,"BE-16254",6570,100,100,1,100,"False","Charcoal","","Temotzin-Loranca et al. 2023",2,20036,"Temoltzin-Loranca, Y.",6670,6470,7,20043,20043,"Matthews, Blake","Matthews, B.","Matthews","Blake","B.","","unknown","Institute of Ecology and Evolution
University of Bern
Bern, Switzerland","","","","",1,"false","journal article",20442,"https://doi.org/10.1016/j.quascirev.2022.107915",2023,"Temoltzin-Loranca, Y., E. Gobet, B. Vannière, J.F.N. van Leeuwen, G. Wienhues, S. Szidat, C. Courtney-Mustaphi, M. Kishe, M. Muschick, O. Seehausen, M. Grosjean, and W. Tinner. 2023. A chronologically reliable record of 17,000 years of biomass burning in the Lake Victoria area. Quaternary Science Reviews 301:107915. [DOI: https://doi.org/10.1016/j.quascirev.2022.107915]","A chronologically reliable record of 17,000 years of biomass burning in the Lake Victoria area","Quaternary Science Reviews",301,107915,1,12,"Seehausen","O.","20036,8777,9974,15224,20037,13851,18278,20038,20039,20044,15357,9599","Temoltzin-Loranca, Y.|Gobet, E.|Vannière, B.|van Leeuwen, J.F.N.|Wienhues, G.|Szidat, S.|Courtney-Mustaphi, C.J.|Kishe, M.|Muschick, M.|Seehausen, O.|Grosjean, M.|Tinner, W.",15695,"18278,8777,15357,9224,20040,20038,20043,20041,20039,20042,20044,20036,9599,15224,9974,10026,20037","Morales-Molino, C.","Courtney-Mustaphi, C.J.|Gobet, E.|Grosjean, M.|Heiri, O.|King, L.|Kishe, M.|Matthews, B.|Misra, P.|Muschick, M.|Ngoepe, N.|Seehausen, O.|Temoltzin-Loranca, Y.|Tinner, W.|van Leeuwen, J.F.N.|Vannière, B.|Vogel, H.|Wienhues, G.","Pollen","LV4 pollen",1,"Temoltzin-Loranca et al. (2023)","Calendar years BP","True",NA,"rbacon",16700,-50,NA,"Temotzin-Loranca, Y.",15,20036,"Temoltzin-Loranca, Y.",NA,NA,NA,NA,"Radiocarbon"
520,1,1,10643,1,4,9666,266,0,0,0,0,0,0,0,0,0,0,0,9,16,0,0,5,0,0,0,0,11,0,0,0,0,0,0,0,0,0,16,0,0,0,1,0,0,0,5,0,0,0,0,0,1,36,0,1,0,0,0,1,0,0,0,0,0,0,0,0,0,0,0,0,0,1,3,1,0,0,0,0,0,0,0,25,0,0,7,47,0,0,1,1,0,0,0,62,0,0,1,0,0,0,1,0,139,1,12,0,1,0,0,0,0,0,0,0,0,0,0,0,0,0,0,0,0,0,0,0,1,0,14,0,0,0,0,0,"ml","number","spores/tablet","number","NISP","NISP","NISP","NISP","NISP","NISP","NISP","NISP","NISP","NISP","NISP","NISP","NISP","NISP","NISP","NISP","NISP","NISP","NISP","NISP","NISP","NISP","NISP","NISP","NISP","NISP","NISP","NISP","NISP","NISP","NISP","NISP","NISP","NISP","NISP","NISP","NISP","NISP","NISP","NISP","NISP","NISP","NISP","NISP","NISP","NISP","NISP","NISP","NISP","NISP","NISP","NISP","NISP","NISP","NISP","NISP","NISP","NISP","NISP","NISP","NISP","NISP","NISP","NISP","NISP","NISP","NISP","NISP","NISP","NISP","NISP","NISP","NISP","NISP","NISP","NISP","NISP","NISP","NISP","NISP","NISP","NISP","NISP","NISP","NISP","NISP","NISP","NISP","NISP","NISP","NISP","NISP","NISP","NISP","NISP","NISP","NISP","NISP","NISP","NISP","NISP","NISP","NISP","NISP","NISP","NISP","NISP","NISP","NISP","NISP","NISP","NISP","NISP","NISP","NISP","NISP","NISP","NISP","NISP","NISP","NISP","NISP","NISP","NISP","NISP","NISP","NISP","NISP","volume","quantity added","concentration","counted","pollen","pollen","pollen","pollen","pollen","pollen","pollen","pollen","pollen","pollen","pollen","pollen","pollen","pollen","pollen","pollen","pollen","spore","spore","pollen","pollen","pollen","pollen","pollen","pollen","pollen","spore","pollen","pollen","pollen","pollen","pollen","pollen","pollen","pollen","pollen","pollen","pollen","pollen","pollen","pollen","pollen","pollen","pollen","spore","pollen","spore","pollen","pollen","pollen","pollen","pollen","pollen","pollen","pollen","pollen","pollen","pollen","spore","pollen","pollen","pollen","pollen","pollen","pollen","pollen","pollen","pollen","pollen","pollen","pollen","spore","pollen","pollen","pollen","pollen","pollen","pollen","spore","pollen","pollen","pollen","pollen","pollen","pollen","pollen","pollen","pollen","spore","pollen","pollen","pollen","pollen","pollen","pollen","pollen","pollen","pollen","pollen/spore","pollen","pollen","pollen","spore","spore","pollen","pollen","pollen","pollen","pollen","pollen","spore","pollen","pollen","pollen","pollen","pollen","pollen","pollen","pollen","spore","pollen","pollen","pollen","pollen","pollen","pollen","pollen","pollen","Lake Victoria (Shirati Bay) LV4",33.7961333333333,33.7961333333333,-1.04943333333333,-1.04943333333333,1135,6880000,"Tanzania",NA,NA,NA,NA,68,33135,"LVC18_S4","Lake Victoria LV4","Core","UWITEC piston corer","2018-10-01",NA,"Natural Lake",63,"30 km away from the shore in the Shirati Bay",NA,NA,NA,NA,NA,NA,NA,"2,10,12,3,16",44877,"8777,15357,20039,20044,9599","Gobet, E.|Grosjean, M.|Muschick, M.|Seehausen, O.|Tinner, W.",9,"Depth",15,"Carbon-14","Radiocarbon years BP",335,2,"BE-16254",6570,100,100,1,100,"False","Charcoal","","Temotzin-Loranca et al. 2023",2,20036,"Temoltzin-Loranca, Y.",6670,6470,7,20043,20043,"Matthews, Blake","Matthews, B.","Matthews","Blake","B.","","unknown","Institute of Ecology and Evolution
University of Bern
Bern, Switzerland","","","","",1,"false","journal article",20442,"https://doi.org/10.1016/j.quascirev.2022.107915",2023,"Temoltzin-Loranca, Y., E. Gobet, B. Vannière, J.F.N. van Leeuwen, G. Wienhues, S. Szidat, C. Courtney-Mustaphi, M. Kishe, M. Muschick, O. Seehausen, M. Grosjean, and W. Tinner. 2023. A chronologically reliable record of 17,000 years of biomass burning in the Lake Victoria area. Quaternary Science Reviews 301:107915. [DOI: https://doi.org/10.1016/j.quascirev.2022.107915]","A chronologically reliable record of 17,000 years of biomass burning in the Lake Victoria area","Quaternary Science Reviews",301,107915,1,12,"Seehausen","O.","20036,8777,9974,15224,20037,13851,18278,20038,20039,20044,15357,9599","Temoltzin-Loranca, Y.|Gobet, E.|Vannière, B.|van Leeuwen, J.F.N.|Wienhues, G.|Szidat, S.|Courtney-Mustaphi, C.J.|Kishe, M.|Muschick, M.|Seehausen, O.|Grosjean, M.|Tinner, W.",15695,"18278,8777,15357,9224,20040,20038,20043,20041,20039,20042,20044,20036,9599,15224,9974,10026,20037","Morales-Molino, C.","Courtney-Mustaphi, C.J.|Gobet, E.|Grosjean, M.|Heiri, O.|King, L.|Kishe, M.|Matthews, B.|Misra, P.|Muschick, M.|Ngoepe, N.|Seehausen, O.|Temoltzin-Loranca, Y.|Tinner, W.|van Leeuwen, J.F.N.|Vannière, B.|Vogel, H.|Wienhues, G.","Pollen","LV4 pollen",1,"Temoltzin-Loranca et al. (2023)","Calendar years BP","True",NA,"rbacon",16700,-50,NA,"Temotzin-Loranca, Y.",15,20036,"Temoltzin-Loranca, Y.",NA,NA,NA,NA,"Radiocarbon"
522,1,1,10666,1,4,9666,144,0,0,0,0,0,0,0,0,0,0,0,4,9,0,0,2,0,0,0,0,7,0,0,0,0,0,0,0,0,0,7,0,0,0,0,0,0,0,2,0,0,0,0,0,0,29,0,0,0,0,0,0,0,0,0,0,0,0,0,0,0,1,0,0,0,0,0,0,0,1,0,0,0,0,0,14,0,0,3,25,0,0,2,0,0,0,0,26,0,0,0,0,0,0,2,0,70,9,8,0,0,0,2,0,0,0,0,0,0,0,1,0,0,0,0,0,0,0,0,0,1,0,6,0,0,0,0,0,"ml","number","spores/tablet","number","NISP","NISP","NISP","NISP","NISP","NISP","NISP","NISP","NISP","NISP","NISP","NISP","NISP","NISP","NISP","NISP","NISP","NISP","NISP","NISP","NISP","NISP","NISP","NISP","NISP","NISP","NISP","NISP","NISP","NISP","NISP","NISP","NISP","NISP","NISP","NISP","NISP","NISP","NISP","NISP","NISP","NISP","NISP","NISP","NISP","NISP","NISP","NISP","NISP","NISP","NISP","NISP","NISP","NISP","NISP","NISP","NISP","NISP","NISP","NISP","NISP","NISP","NISP","NISP","NISP","NISP","NISP","NISP","NISP","NISP","NISP","NISP","NISP","NISP","NISP","NISP","NISP","NISP","NISP","NISP","NISP","NISP","NISP","NISP","NISP","NISP","NISP","NISP","NISP","NISP","NISP","NISP","NISP","NISP","NISP","NISP","NISP","NISP","NISP","NISP","NISP","NISP","NISP","NISP","NISP","NISP","NISP","NISP","NISP","NISP","NISP","NISP","NISP","NISP","NISP","NISP","NISP","NISP","NISP","NISP","NISP","NISP","NISP","NISP","NISP","NISP","NISP","NISP","volume","quantity added","concentration","counted","pollen","pollen","pollen","pollen","pollen","pollen","pollen","pollen","pollen","pollen","pollen","pollen","pollen","pollen","pollen","pollen","pollen","spore","spore","pollen","pollen","pollen","pollen","pollen","pollen","pollen","spore","pollen","pollen","pollen","pollen","pollen","pollen","pollen","pollen","pollen","pollen","pollen","pollen","pollen","pollen","pollen","pollen","pollen","spore","pollen","spore","pollen","pollen","pollen","pollen","pollen","pollen","pollen","pollen","pollen","pollen","pollen","spore","pollen","pollen","pollen","pollen","pollen","pollen","pollen","pollen","pollen","pollen","pollen","pollen","spore","pollen","pollen","pollen","pollen","pollen","pollen","spore","pollen","pollen","pollen","pollen","pollen","pollen","pollen","pollen","pollen","spore","pollen","pollen","pollen","pollen","pollen","pollen","pollen","pollen","pollen","pollen/spore","pollen","pollen","pollen","spore","spore","pollen","pollen","pollen","pollen","pollen","pollen","spore","pollen","pollen","pollen","pollen","pollen","pollen","pollen","pollen","spore","pollen","pollen","pollen","pollen","pollen","pollen","pollen","pollen","Lake Victoria (Shirati Bay) LV4",33.7961333333333,33.7961333333333,-1.04943333333333,-1.04943333333333,1135,6880000,"Tanzania",NA,NA,NA,NA,68,33135,"LVC18_S4","Lake Victoria LV4","Core","UWITEC piston corer","2018-10-01",NA,"Natural Lake",63,"30 km away from the shore in the Shirati Bay",NA,NA,NA,NA,NA,NA,NA,"2,10,12,3,16",44877,"8777,15357,20039,20044,9599","Gobet, E.|Grosjean, M.|Muschick, M.|Seehausen, O.|Tinner, W.",9,"Depth",15,"Carbon-14","Radiocarbon years BP",335,2,"BE-16254",6570,100,100,1,100,"False","Charcoal","","Temotzin-Loranca et al. 2023",2,20036,"Temoltzin-Loranca, Y.",6670,6470,7,20043,20043,"Matthews, Blake","Matthews, B.","Matthews","Blake","B.","","unknown","Institute of Ecology and Evolution
University of Bern
Bern, Switzerland","","","","",1,"false","journal article",20442,"https://doi.org/10.1016/j.quascirev.2022.107915",2023,"Temoltzin-Loranca, Y., E. Gobet, B. Vannière, J.F.N. van Leeuwen, G. Wienhues, S. Szidat, C. Courtney-Mustaphi, M. Kishe, M. Muschick, O. Seehausen, M. Grosjean, and W. Tinner. 2023. A chronologically reliable record of 17,000 years of biomass burning in the Lake Victoria area. Quaternary Science Reviews 301:107915. [DOI: https://doi.org/10.1016/j.quascirev.2022.107915]","A chronologically reliable record of 17,000 years of biomass burning in the Lake Victoria area","Quaternary Science Reviews",301,107915,1,3,"Grosjean","M.","20036,8777,9974,15224,20037,13851,18278,20038,20039,20044,15357,9599","Temoltzin-Loranca, Y.|Gobet, E.|Vannière, B.|van Leeuwen, J.F.N.|Wienhues, G.|Szidat, S.|Courtney-Mustaphi, C.J.|Kishe, M.|Muschick, M.|Seehausen, O.|Grosjean, M.|Tinner, W.",15695,"18278,8777,15357,9224,20040,20038,20043,20041,20039,20042,20044,20036,9599,15224,9974,10026,20037","Morales-Molino, C.","Courtney-Mustaphi, C.J.|Gobet, E.|Grosjean, M.|Heiri, O.|King, L.|Kishe, M.|Matthews, B.|Misra, P.|Muschick, M.|Ngoepe, N.|Seehausen, O.|Temoltzin-Loranca, Y.|Tinner, W.|van Leeuwen, J.F.N.|Vannière, B.|Vogel, H.|Wienhues, G.","Pollen","LV4 pollen",1,"Temoltzin-Loranca et al. (2023)","Calendar years BP","True",NA,"rbacon",16700,-50,NA,"Temotzin-Loranca, Y.",15,20036,"Temoltzin-Loranca, Y.",NA,NA,NA,NA,"Radiocarbon"
524,1,1,10691,1,4,9666,264,0,0,0,0,0,0,0,0,0,0,0,7,16,0,0,3,0,0,0,0,12,0,0,0,0,0,0,0,0,0,12,0,0,0,0,0,0,0,3,0,0,0,0,0,0,52,0,0,0,0,0,0,0,0,0,0,0,0,0,0,0,1,0,0,0,0,0,0,0,1,0,0,0,0,0,25,0,0,5,45,0,0,3,0,0,0,0,47,0,0,0,0,0,0,3,0,128,16,14,0,0,0,3,0,0,0,0,0,0,0,1,0,0,0,0,0,0,0,0,0,1,0,11,0,0,0,0,0,"ml","number","spores/tablet","number","NISP","NISP","NISP","NISP","NISP","NISP","NISP","NISP","NISP","NISP","NISP","NISP","NISP","NISP","NISP","NISP","NISP","NISP","NISP","NISP","NISP","NISP","NISP","NISP","NISP","NISP","NISP","NISP","NISP","NISP","NISP","NISP","NISP","NISP","NISP","NISP","NISP","NISP","NISP","NISP","NISP","NISP","NISP","NISP","NISP","NISP","NISP","NISP","NISP","NISP","NISP","NISP","NISP","NISP","NISP","NISP","NISP","NISP","NISP","NISP","NISP","NISP","NISP","NISP","NISP","NISP","NISP","NISP","NISP","NISP","NISP","NISP","NISP","NISP","NISP","NISP","NISP","NISP","NISP","NISP","NISP","NISP","NISP","NISP","NISP","NISP","NISP","NISP","NISP","NISP","NISP","NISP","NISP","NISP","NISP","NISP","NISP","NISP","NISP","NISP","NISP","NISP","NISP","NISP","NISP","NISP","NISP","NISP","NISP","NISP","NISP","NISP","NISP","NISP","NISP","NISP","NISP","NISP","NISP","NISP","NISP","NISP","NISP","NISP","NISP","NISP","NISP","NISP","volume","quantity added","concentration","counted","pollen","pollen","pollen","pollen","pollen","pollen","pollen","pollen","pollen","pollen","pollen","pollen","pollen","pollen","pollen","pollen","pollen","spore","spore","pollen","pollen","pollen","pollen","pollen","pollen","pollen","spore","pollen","pollen","pollen","pollen","pollen","pollen","pollen","pollen","pollen","pollen","pollen","pollen","pollen","pollen","pollen","pollen","pollen","spore","pollen","spore","pollen","pollen","pollen","pollen","pollen","pollen","pollen","pollen","pollen","pollen","pollen","spore","pollen","pollen","pollen","pollen","pollen","pollen","pollen","pollen","pollen","pollen","pollen","pollen","spore","pollen","pollen","pollen","pollen","pollen","pollen","spore","pollen","pollen","pollen","pollen","pollen","pollen","pollen","pollen","pollen","spore","pollen","pollen","pollen","pollen","pollen","pollen","pollen","pollen","pollen","pollen/spore","pollen","pollen","pollen","spore","spore","pollen","pollen","pollen","pollen","pollen","pollen","spore","pollen","pollen","pollen","pollen","pollen","pollen","pollen","pollen","spore","pollen","pollen","pollen","pollen","pollen","pollen","pollen","pollen","Lake Victoria (Shirati Bay) LV4",33.7961333333333,33.7961333333333,-1.04943333333333,-1.04943333333333,1135,6880000,"Tanzania",NA,NA,NA,NA,68,33135,"LVC18_S4","Lake Victoria LV4","Core","UWITEC piston corer","2018-10-01",NA,"Natural Lake",63,"30 km away from the shore in the Shirati Bay",NA,NA,NA,NA,NA,NA,NA,"2,10,12,3,16",44877,"8777,15357,20039,20044,9599","Gobet, E.|Grosjean, M.|Muschick, M.|Seehausen, O.|Tinner, W.",9,"Depth",15,"Carbon-14","Radiocarbon years BP",335,2,"BE-16254",6570,100,100,1,100,"False","Charcoal","","Temotzin-Loranca et al. 2023",2,20036,"Temoltzin-Loranca, Y.",6670,6470,7,20043,20043,"Matthews, Blake","Matthews, B.","Matthews","Blake","B.","","unknown","Institute of Ecology and Evolution
University of Bern
Bern, Switzerland","","","","",1,"false","journal article",20442,"https://doi.org/10.1016/j.quascirev.2022.107915",2023,"Temoltzin-Loranca, Y., E. Gobet, B. Vannière, J.F.N. van Leeuwen, G. Wienhues, S. Szidat, C. Courtney-Mustaphi, M. Kishe, M. Muschick, O. Seehausen, M. Grosjean, and W. Tinner. 2023. A chronologically reliable record of 17,000 years of biomass burning in the Lake Victoria area. Quaternary Science Reviews 301:107915. [DOI: https://doi.org/10.1016/j.quascirev.2022.107915]","A chronologically reliable record of 17,000 years of biomass burning in the Lake Victoria area","Quaternary Science Reviews",301,107915,1,3,"Grosjean","M.","20036,8777,9974,15224,20037,13851,18278,20038,20039,20044,15357,9599","Temoltzin-Loranca, Y.|Gobet, E.|Vannière, B.|van Leeuwen, J.F.N.|Wienhues, G.|Szidat, S.|Courtney-Mustaphi, C.J.|Kishe, M.|Muschick, M.|Seehausen, O.|Grosjean, M.|Tinner, W.",15695,"18278,8777,15357,9224,20040,20038,20043,20041,20039,20042,20044,20036,9599,15224,9974,10026,20037","Morales-Molino, C.","Courtney-Mustaphi, C.J.|Gobet, E.|Grosjean, M.|Heiri, O.|King, L.|Kishe, M.|Matthews, B.|Misra, P.|Muschick, M.|Ngoepe, N.|Seehausen, O.|Temoltzin-Loranca, Y.|Tinner, W.|van Leeuwen, J.F.N.|Vannière, B.|Vogel, H.|Wienhues, G.","Pollen","LV4 pollen",1,"Temoltzin-Loranca et al. (2023)","Calendar years BP","True",NA,"rbacon",16700,-50,NA,"Temotzin-Loranca, Y.",15,20036,"Temoltzin-Loranca, Y.",NA,NA,NA,NA,"Radiocarbon"
526,1,1,10715,1,4,9666,242,0,0,0,0,0,1,1,1,0,0,4,4,9,1,0,4,0,0,0,1,11,0,0,0,0,1,0,0,0,0,9,0,0,0,1,1,0,1,3,0,0,1,0,0,0,32,1,0,0,0,0,3,0,0,0,0,0,0,0,1,0,1,0,0,0,0,4,0,1,0,0,1,0,0,0,9,0,0,3,31,5,0,1,5,3,0,0,35,0,0,0,0,0,0,1,0,203,4,12,1,0,0,4,0,1,0,0,0,0,0,1,0,2,0,0,0,0,0,1,0,3,0,2,0,4,0,0,1,"ml","number","spores/tablet","number","NISP","NISP","NISP","NISP","NISP","NISP","NISP","NISP","NISP","NISP","NISP","NISP","NISP","NISP","NISP","NISP","NISP","NISP","NISP","NISP","NISP","NISP","NISP","NISP","NISP","NISP","NISP","NISP","NISP","NISP","NISP","NISP","NISP","NISP","NISP","NISP","NISP","NISP","NISP","NISP","NISP","NISP","NISP","NISP","NISP","NISP","NISP","NISP","NISP","NISP","NISP","NISP","NISP","NISP","NISP","NISP","NISP","NISP","NISP","NISP","NISP","NISP","NISP","NISP","NISP","NISP","NISP","NISP","NISP","NISP","NISP","NISP","NISP","NISP","NISP","NISP","NISP","NISP","NISP","NISP","NISP","NISP","NISP","NISP","NISP","NISP","NISP","NISP","NISP","NISP","NISP","NISP","NISP","NISP","NISP","NISP","NISP","NISP","NISP","NISP","NISP","NISP","NISP","NISP","NISP","NISP","NISP","NISP","NISP","NISP","NISP","NISP","NISP","NISP","NISP","NISP","NISP","NISP","NISP","NISP","NISP","NISP","NISP","NISP","NISP","NISP","NISP","NISP","volume","quantity added","concentration","counted","pollen","pollen","pollen","pollen","pollen","pollen","pollen","pollen","pollen","pollen","pollen","pollen","pollen","pollen","pollen","pollen","pollen","spore","spore","pollen","pollen","pollen","pollen","pollen","pollen","pollen","spore","pollen","pollen","pollen","pollen","pollen","pollen","pollen","pollen","pollen","pollen","pollen","pollen","pollen","pollen","pollen","pollen","pollen","spore","pollen","spore","pollen","pollen","pollen","pollen","pollen","pollen","pollen","pollen","pollen","pollen","pollen","spore","pollen","pollen","pollen","pollen","pollen","pollen","pollen","pollen","pollen","pollen","pollen","pollen","spore","pollen","pollen","pollen","pollen","pollen","pollen","spore","pollen","pollen","pollen","pollen","pollen","pollen","pollen","pollen","pollen","spore","pollen","pollen","pollen","pollen","pollen","pollen","pollen","pollen","pollen","pollen/spore","pollen","pollen","pollen","spore","spore","pollen","pollen","pollen","pollen","pollen","pollen","spore","pollen","pollen","pollen","pollen","pollen","pollen","pollen","pollen","spore","pollen","pollen","pollen","pollen","pollen","pollen","pollen","pollen","Lake Victoria (Shirati Bay) LV4",33.7961333333333,33.7961333333333,-1.04943333333333,-1.04943333333333,1135,6880000,"Tanzania",NA,NA,NA,NA,68,33135,"LVC18_S4","Lake Victoria LV4","Core","UWITEC piston corer","2018-10-01",NA,"Natural Lake",63,"30 km away from the shore in the Shirati Bay",NA,NA,NA,NA,NA,NA,NA,"2,10,12,3,16",44877,"8777,15357,20039,20044,9599","Gobet, E.|Grosjean, M.|Muschick, M.|Seehausen, O.|Tinner, W.",9,"Depth",15,"Carbon-14","Radiocarbon years BP",335,2,"BE-16254",6570,100,100,1,100,"False","Charcoal","","Temotzin-Loranca et al. 2023",2,20036,"Temoltzin-Loranca, Y.",6670,6470,7,20043,20043,"Matthews, Blake","Matthews, B.","Matthews","Blake","B.","","unknown","Institute of Ecology and Evolution
University of Bern
Bern, Switzerland","","","","",1,"false","journal article",20442,"https://doi.org/10.1016/j.quascirev.2022.107915",2023,"Temoltzin-Loranca, Y., E. Gobet, B. Vannière, J.F.N. van Leeuwen, G. Wienhues, S. Szidat, C. Courtney-Mustaphi, M. Kishe, M. Muschick, O. Seehausen, M. Grosjean, and W. Tinner. 2023. A chronologically reliable record of 17,000 years of biomass burning in the Lake Victoria area. Quaternary Science Reviews 301:107915. [DOI: https://doi.org/10.1016/j.quascirev.2022.107915]","A chronologically reliable record of 17,000 years of biomass burning in the Lake Victoria area","Quaternary Science Reviews",301,107915,1,3,"Grosjean","M.","20036,8777,9974,15224,20037,13851,18278,20038,20039,20044,15357,9599","Temoltzin-Loranca, Y.|Gobet, E.|Vannière, B.|van Leeuwen, J.F.N.|Wienhues, G.|Szidat, S.|Courtney-Mustaphi, C.J.|Kishe, M.|Muschick, M.|Seehausen, O.|Grosjean, M.|Tinner, W.",15695,"18278,8777,15357,9224,20040,20038,20043,20041,20039,20042,20044,20036,9599,15224,9974,10026,20037","Morales-Molino, C.","Courtney-Mustaphi, C.J.|Gobet, E.|Grosjean, M.|Heiri, O.|King, L.|Kishe, M.|Matthews, B.|Misra, P.|Muschick, M.|Ngoepe, N.|Seehausen, O.|Temoltzin-Loranca, Y.|Tinner, W.|van Leeuwen, J.F.N.|Vannière, B.|Vogel, H.|Wienhues, G.","Pollen","LV4 pollen",1,"Temoltzin-Loranca et al. (2023)","Calendar years BP","True",NA,"rbacon",16700,-50,NA,"Temotzin-Loranca, Y.",15,20036,"Temoltzin-Loranca, Y.",NA,NA,NA,NA,"Radiocarbon"
528,1,1,10741,1,4,9666,319,0,0,0,0,0,1,1,1,0,0,5,5,11,1,0,5,0,0,0,1,9,0,0,0,0,1,0,0,0,0,7,0,0,0,1,1,0,1,3,0,0,1,0,0,0,32,1,0,0,0,0,3,0,0,0,0,0,0,0,1,0,1,0,0,0,0,5,0,1,0,0,1,0,0,0,11,0,0,3,40,6,0,1,6,3,0,0,46,0,0,0,0,0,0,1,0,232,5,15,1,0,0,5,0,1,0,0,0,0,0,1,0,2,0,0,0,0,0,1,0,3,0,2,0,5,0,0,1,"ml","number","spores/tablet","number","NISP","NISP","NISP","NISP","NISP","NISP","NISP","NISP","NISP","NISP","NISP","NISP","NISP","NISP","NISP","NISP","NISP","NISP","NISP","NISP","NISP","NISP","NISP","NISP","NISP","NISP","NISP","NISP","NISP","NISP","NISP","NISP","NISP","NISP","NISP","NISP","NISP","NISP","NISP","NISP","NISP","NISP","NISP","NISP","NISP","NISP","NISP","NISP","NISP","NISP","NISP","NISP","NISP","NISP","NISP","NISP","NISP","NISP","NISP","NISP","NISP","NISP","NISP","NISP","NISP","NISP","NISP","NISP","NISP","NISP","NISP","NISP","NISP","NISP","NISP","NISP","NISP","NISP","NISP","NISP","NISP","NISP","NISP","NISP","NISP","NISP","NISP","NISP","NISP","NISP","NISP","NISP","NISP","NISP","NISP","NISP","NISP","NISP","NISP","NISP","NISP","NISP","NISP","NISP","NISP","NISP","NISP","NISP","NISP","NISP","NISP","NISP","NISP","NISP","NISP","NISP","NISP","NISP","NISP","NISP","NISP","NISP","NISP","NISP","NISP","NISP","NISP","NISP","volume","quantity added","concentration","counted","pollen","pollen","pollen","pollen","pollen","pollen","pollen","pollen","pollen","pollen","pollen","pollen","pollen","pollen","pollen","pollen","pollen","spore","spore","pollen","pollen","pollen","pollen","pollen","pollen","pollen","spore","pollen","pollen","pollen","pollen","pollen","pollen","pollen","pollen","pollen","pollen","pollen","pollen","pollen","pollen","pollen","pollen","pollen","spore","pollen","spore","pollen","pollen","pollen","pollen","pollen","pollen","pollen","pollen","pollen","pollen","pollen","spore","pollen","pollen","pollen","pollen","pollen","pollen","pollen","pollen","pollen","pollen","pollen","pollen","spore","pollen","pollen","pollen","pollen","pollen","pollen","spore","pollen","pollen","pollen","pollen","pollen","pollen","pollen","pollen","pollen","spore","pollen","pollen","pollen","pollen","pollen","pollen","pollen","pollen","pollen","pollen/spore","pollen","pollen","pollen","spore","spore","pollen","pollen","pollen","pollen","pollen","pollen","spore","pollen","pollen","pollen","pollen","pollen","pollen","pollen","pollen","spore","pollen","pollen","pollen","pollen","pollen","pollen","pollen","pollen","Lake Victoria (Shirati Bay) LV4",33.7961333333333,33.7961333333333,-1.04943333333333,-1.04943333333333,1135,6880000,"Tanzania",NA,NA,NA,NA,68,33135,"LVC18_S4","Lake Victoria LV4","Core","UWITEC piston corer","2018-10-01",NA,"Natural Lake",63,"30 km away from the shore in the Shirati Bay",NA,NA,NA,NA,NA,NA,NA,"2,10,12,3,16",44877,"8777,15357,20039,20044,9599","Gobet, E.|Grosjean, M.|Muschick, M.|Seehausen, O.|Tinner, W.",10,"Depth",15,"Carbon-14","Radiocarbon years BP",388,4,"BE-16255",7910,120,120,1,120,"False","Charcoal","","Temotzin-Loranca et al. 2023",2,20036,"Temoltzin-Loranca, Y.",8030,7790,8,20041,20041,"Misra, Pavani","Misra, P.","Misra","Pavani","P.","","unknown","Institute of Ecology and Evolution
University of Bern
Bern, Switzerland","","","","",1,"false","journal article",20442,"https://doi.org/10.1016/j.quascirev.2022.107915",2023,"Temoltzin-Loranca, Y., E. Gobet, B. Vannière, J.F.N. van Leeuwen, G. Wienhues, S. Szidat, C. Courtney-Mustaphi, M. Kishe, M. Muschick, O. Seehausen, M. Grosjean, and W. Tinner. 2023. A chronologically reliable record of 17,000 years of biomass burning in the Lake Victoria area. Quaternary Science Reviews 301:107915. [DOI: https://doi.org/10.1016/j.quascirev.2022.107915]","A chronologically reliable record of 17,000 years of biomass burning in the Lake Victoria area","Quaternary Science Reviews",301,107915,1,3,"Grosjean","M.","20036,8777,9974,15224,20037,13851,18278,20038,20039,20044,15357,9599","Temoltzin-Loranca, Y.|Gobet, E.|Vannière, B.|van Leeuwen, J.F.N.|Wienhues, G.|Szidat, S.|Courtney-Mustaphi, C.J.|Kishe, M.|Muschick, M.|Seehausen, O.|Grosjean, M.|Tinner, W.",15695,"18278,8777,15357,9224,20040,20038,20043,20041,20039,20042,20044,20036,9599,15224,9974,10026,20037","Morales-Molino, C.","Courtney-Mustaphi, C.J.|Gobet, E.|Grosjean, M.|Heiri, O.|King, L.|Kishe, M.|Matthews, B.|Misra, P.|Muschick, M.|Ngoepe, N.|Seehausen, O.|Temoltzin-Loranca, Y.|Tinner, W.|van Leeuwen, J.F.N.|Vannière, B.|Vogel, H.|Wienhues, G.","Pollen","LV4 pollen",1,"Temoltzin-Loranca et al. (2023)","Calendar years BP","True",NA,"rbacon",16700,-50,NA,"Temotzin-Loranca, Y.",15,20036,"Temoltzin-Loranca, Y.",NA,NA,NA,NA,"Radiocarbon"
530,1,1,10765,1,4,9666,102,0,0,0,0,0,0,0,0,0,0,0,2,3,0,0,0,0,0,0,0,4,0,0,0,0,0,0,0,0,0,6,0,0,0,0,0,0,0,0,0,0,0,0,0,0,17,0,0,0,0,0,0,0,0,0,0,0,0,0,0,0,0,0,0,0,0,0,0,0,0,0,0,0,0,0,0,0,0,3,2,0,0,0,1,1,0,0,7,0,0,0,0,0,0,1,0,59,1,1,0,0,0,1,0,0,0,0,0,1,0,0,0,0,0,0,0,0,0,0,0,0,0,4,0,0,0,0,0,"ml","number","spores/tablet","number","NISP","NISP","NISP","NISP","NISP","NISP","NISP","NISP","NISP","NISP","NISP","NISP","NISP","NISP","NISP","NISP","NISP","NISP","NISP","NISP","NISP","NISP","NISP","NISP","NISP","NISP","NISP","NISP","NISP","NISP","NISP","NISP","NISP","NISP","NISP","NISP","NISP","NISP","NISP","NISP","NISP","NISP","NISP","NISP","NISP","NISP","NISP","NISP","NISP","NISP","NISP","NISP","NISP","NISP","NISP","NISP","NISP","NISP","NISP","NISP","NISP","NISP","NISP","NISP","NISP","NISP","NISP","NISP","NISP","NISP","NISP","NISP","NISP","NISP","NISP","NISP","NISP","NISP","NISP","NISP","NISP","NISP","NISP","NISP","NISP","NISP","NISP","NISP","NISP","NISP","NISP","NISP","NISP","NISP","NISP","NISP","NISP","NISP","NISP","NISP","NISP","NISP","NISP","NISP","NISP","NISP","NISP","NISP","NISP","NISP","NISP","NISP","NISP","NISP","NISP","NISP","NISP","NISP","NISP","NISP","NISP","NISP","NISP","NISP","NISP","NISP","NISP","NISP","volume","quantity added","concentration","counted","pollen","pollen","pollen","pollen","pollen","pollen","pollen","pollen","pollen","pollen","pollen","pollen","pollen","pollen","pollen","pollen","pollen","spore","spore","pollen","pollen","pollen","pollen","pollen","pollen","pollen","spore","pollen","pollen","pollen","pollen","pollen","pollen","pollen","pollen","pollen","pollen","pollen","pollen","pollen","pollen","pollen","pollen","pollen","spore","pollen","spore","pollen","pollen","pollen","pollen","pollen","pollen","pollen","pollen","pollen","pollen","pollen","spore","pollen","pollen","pollen","pollen","pollen","pollen","pollen","pollen","pollen","pollen","pollen","pollen","spore","pollen","pollen","pollen","pollen","pollen","pollen","spore","pollen","pollen","pollen","pollen","pollen","pollen","pollen","pollen","pollen","spore","pollen","pollen","pollen","pollen","pollen","pollen","pollen","pollen","pollen","pollen/spore","pollen","pollen","pollen","spore","spore","pollen","pollen","pollen","pollen","pollen","pollen","spore","pollen","pollen","pollen","pollen","pollen","pollen","pollen","pollen","spore","pollen","pollen","pollen","pollen","pollen","pollen","pollen","pollen","Lake Victoria (Shirati Bay) LV4",33.7961333333333,33.7961333333333,-1.04943333333333,-1.04943333333333,1135,6880000,"Tanzania",NA,NA,NA,NA,68,33135,"LVC18_S4","Lake Victoria LV4","Core","UWITEC piston corer","2018-10-01",NA,"Natural Lake",63,"30 km away from the shore in the Shirati Bay",NA,NA,NA,NA,NA,NA,NA,"2,10,12,3,16",44877,"8777,15357,20039,20044,9599","Gobet, E.|Grosjean, M.|Muschick, M.|Seehausen, O.|Tinner, W.",10,"Depth",15,"Carbon-14","Radiocarbon years BP",388,4,"BE-16255",7910,120,120,1,120,"False","Charcoal","","Temotzin-Loranca et al. 2023",2,20036,"Temoltzin-Loranca, Y.",8030,7790,8,20041,20041,"Misra, Pavani","Misra, P.","Misra","Pavani","P.","","unknown","Institute of Ecology and Evolution
University of Bern
Bern, Switzerland","","","","",1,"false","journal article",20442,"https://doi.org/10.1016/j.quascirev.2022.107915",2023,"Temoltzin-Loranca, Y., E. Gobet, B. Vannière, J.F.N. van Leeuwen, G. Wienhues, S. Szidat, C. Courtney-Mustaphi, M. Kishe, M. Muschick, O. Seehausen, M. Grosjean, and W. Tinner. 2023. A chronologically reliable record of 17,000 years of biomass burning in the Lake Victoria area. Quaternary Science Reviews 301:107915. [DOI: https://doi.org/10.1016/j.quascirev.2022.107915]","A chronologically reliable record of 17,000 years of biomass burning in the Lake Victoria area","Quaternary Science Reviews",301,107915,1,3,"Grosjean","M.","20036,8777,9974,15224,20037,13851,18278,20038,20039,20044,15357,9599","Temoltzin-Loranca, Y.|Gobet, E.|Vannière, B.|van Leeuwen, J.F.N.|Wienhues, G.|Szidat, S.|Courtney-Mustaphi, C.J.|Kishe, M.|Muschick, M.|Seehausen, O.|Grosjean, M.|Tinner, W.",15695,"18278,8777,15357,9224,20040,20038,20043,20041,20039,20042,20044,20036,9599,15224,9974,10026,20037","Morales-Molino, C.","Courtney-Mustaphi, C.J.|Gobet, E.|Grosjean, M.|Heiri, O.|King, L.|Kishe, M.|Matthews, B.|Misra, P.|Muschick, M.|Ngoepe, N.|Seehausen, O.|Temoltzin-Loranca, Y.|Tinner, W.|van Leeuwen, J.F.N.|Vannière, B.|Vogel, H.|Wienhues, G.","Pollen","LV4 pollen",1,"Temoltzin-Loranca et al. (2023)","Calendar years BP","True",NA,"rbacon",16700,-50,NA,"Temotzin-Loranca, Y.",15,20036,"Temoltzin-Loranca, Y.",NA,NA,NA,NA,"Radiocarbon"
532,1,1,10792,1,4,9666,268,0,0,0,0,0,0,0,0,0,0,0,7,10,0,0,0,0,0,0,0,14,0,0,0,0,0,0,0,0,0,21,0,0,0,0,0,0,0,0,0,0,0,0,0,0,60,0,0,0,0,0,0,0,0,0,0,0,0,0,0,0,0,0,0,0,0,0,0,0,0,0,0,0,0,0,0,0,0,10,7,0,0,0,3,3,0,0,25,0,0,0,0,0,0,3,0,214,3,3,0,0,0,3,0,0,0,0,0,3,0,0,0,0,0,0,0,0,0,0,0,0,0,14,0,0,0,0,0,"ml","number","spores/tablet","number","NISP","NISP","NISP","NISP","NISP","NISP","NISP","NISP","NISP","NISP","NISP","NISP","NISP","NISP","NISP","NISP","NISP","NISP","NISP","NISP","NISP","NISP","NISP","NISP","NISP","NISP","NISP","NISP","NISP","NISP","NISP","NISP","NISP","NISP","NISP","NISP","NISP","NISP","NISP","NISP","NISP","NISP","NISP","NISP","NISP","NISP","NISP","NISP","NISP","NISP","NISP","NISP","NISP","NISP","NISP","NISP","NISP","NISP","NISP","NISP","NISP","NISP","NISP","NISP","NISP","NISP","NISP","NISP","NISP","NISP","NISP","NISP","NISP","NISP","NISP","NISP","NISP","NISP","NISP","NISP","NISP","NISP","NISP","NISP","NISP","NISP","NISP","NISP","NISP","NISP","NISP","NISP","NISP","NISP","NISP","NISP","NISP","NISP","NISP","NISP","NISP","NISP","NISP","NISP","NISP","NISP","NISP","NISP","NISP","NISP","NISP","NISP","NISP","NISP","NISP","NISP","NISP","NISP","NISP","NISP","NISP","NISP","NISP","NISP","NISP","NISP","NISP","NISP","volume","quantity added","concentration","counted","pollen","pollen","pollen","pollen","pollen","pollen","pollen","pollen","pollen","pollen","pollen","pollen","pollen","pollen","pollen","pollen","pollen","spore","spore","pollen","pollen","pollen","pollen","pollen","pollen","pollen","spore","pollen","pollen","pollen","pollen","pollen","pollen","pollen","pollen","pollen","pollen","pollen","pollen","pollen","pollen","pollen","pollen","pollen","spore","pollen","spore","pollen","pollen","pollen","pollen","pollen","pollen","pollen","pollen","pollen","pollen","pollen","spore","pollen","pollen","pollen","pollen","pollen","pollen","pollen","pollen","pollen","pollen","pollen","pollen","spore","pollen","pollen","pollen","pollen","pollen","pollen","spore","pollen","pollen","pollen","pollen","pollen","pollen","pollen","pollen","pollen","spore","pollen","pollen","pollen","pollen","pollen","pollen","pollen","pollen","pollen","pollen/spore","pollen","pollen","pollen","spore","spore","pollen","pollen","pollen","pollen","pollen","pollen","spore","pollen","pollen","pollen","pollen","pollen","pollen","pollen","pollen","spore","pollen","pollen","pollen","pollen","pollen","pollen","pollen","pollen","Lake Victoria (Shirati Bay) LV4",33.7961333333333,33.7961333333333,-1.04943333333333,-1.04943333333333,1135,6880000,"Tanzania",NA,NA,NA,NA,68,33135,"LVC18_S4","Lake Victoria LV4","Core","UWITEC piston corer","2018-10-01",NA,"Natural Lake",63,"30 km away from the shore in the Shirati Bay",NA,NA,NA,NA,NA,NA,NA,"2,10,12,3,16",44877,"8777,15357,20039,20044,9599","Gobet, E.|Grosjean, M.|Muschick, M.|Seehausen, O.|Tinner, W.",10,"Depth",15,"Carbon-14","Radiocarbon years BP",388,4,"BE-16255",7910,120,120,1,120,"False","Charcoal","","Temotzin-Loranca et al. 2023",2,20036,"Temoltzin-Loranca, Y.",8030,7790,8,20041,20041,"Misra, Pavani","Misra, P.","Misra","Pavani","P.","","unknown","Institute of Ecology and Evolution
University of Bern
Bern, Switzerland","","","","",1,"false","journal article",20442,"https://doi.org/10.1016/j.quascirev.2022.107915",2023,"Temoltzin-Loranca, Y., E. Gobet, B. Vannière, J.F.N. van Leeuwen, G. Wienhues, S. Szidat, C. Courtney-Mustaphi, M. Kishe, M. Muschick, O. Seehausen, M. Grosjean, and W. Tinner. 2023. A chronologically reliable record of 17,000 years of biomass burning in the Lake Victoria area. Quaternary Science Reviews 301:107915. [DOI: https://doi.org/10.1016/j.quascirev.2022.107915]","A chronologically reliable record of 17,000 years of biomass burning in the Lake Victoria area","Quaternary Science Reviews",301,107915,1,3,"Grosjean","M.","20036,8777,9974,15224,20037,13851,18278,20038,20039,20044,15357,9599","Temoltzin-Loranca, Y.|Gobet, E.|Vannière, B.|van Leeuwen, J.F.N.|Wienhues, G.|Szidat, S.|Courtney-Mustaphi, C.J.|Kishe, M.|Muschick, M.|Seehausen, O.|Grosjean, M.|Tinner, W.",15695,"18278,8777,15357,9224,20040,20038,20043,20041,20039,20042,20044,20036,9599,15224,9974,10026,20037","Morales-Molino, C.","Courtney-Mustaphi, C.J.|Gobet, E.|Grosjean, M.|Heiri, O.|King, L.|Kishe, M.|Matthews, B.|Misra, P.|Muschick, M.|Ngoepe, N.|Seehausen, O.|Temoltzin-Loranca, Y.|Tinner, W.|van Leeuwen, J.F.N.|Vannière, B.|Vogel, H.|Wienhues, G.","Pollen","LV4 pollen",1,"Temoltzin-Loranca et al. (2023)","Calendar years BP","True",NA,"rbacon",16700,-50,NA,"Temotzin-Loranca, Y.",15,20036,"Temoltzin-Loranca, Y.",NA,NA,NA,NA,"Radiocarbon"
534,1,1,10817,1,4,9666,190,0,0,0,0,0,1,0,0,0,0,0,1,2,0,0,1,0,0,0,0,4,0,0,0,0,0,0,0,0,0,4,0,0,0,0,0,0,0,2,0,0,0,0,0,0,20,0,0,0,0,0,1,0,0,0,0,0,0,0,1,0,1,0,0,0,0,1,0,0,0,0,0,0,0,0,1,0,0,4,6,1,0,0,2,0,0,0,8,0,0,0,0,0,0,2,0,74,1,3,0,0,0,3,0,0,0,0,0,0,0,0,0,1,0,0,0,0,0,0,0,5,0,0,0,0,1,0,0,"ml","number","spores/tablet","number","NISP","NISP","NISP","NISP","NISP","NISP","NISP","NISP","NISP","NISP","NISP","NISP","NISP","NISP","NISP","NISP","NISP","NISP","NISP","NISP","NISP","NISP","NISP","NISP","NISP","NISP","NISP","NISP","NISP","NISP","NISP","NISP","NISP","NISP","NISP","NISP","NISP","NISP","NISP","NISP","NISP","NISP","NISP","NISP","NISP","NISP","NISP","NISP","NISP","NISP","NISP","NISP","NISP","NISP","NISP","NISP","NISP","NISP","NISP","NISP","NISP","NISP","NISP","NISP","NISP","NISP","NISP","NISP","NISP","NISP","NISP","NISP","NISP","NISP","NISP","NISP","NISP","NISP","NISP","NISP","NISP","NISP","NISP","NISP","NISP","NISP","NISP","NISP","NISP","NISP","NISP","NISP","NISP","NISP","NISP","NISP","NISP","NISP","NISP","NISP","NISP","NISP","NISP","NISP","NISP","NISP","NISP","NISP","NISP","NISP","NISP","NISP","NISP","NISP","NISP","NISP","NISP","NISP","NISP","NISP","NISP","NISP","NISP","NISP","NISP","NISP","NISP","NISP","volume","quantity added","concentration","counted","pollen","pollen","pollen","pollen","pollen","pollen","pollen","pollen","pollen","pollen","pollen","pollen","pollen","pollen","pollen","pollen","pollen","spore","spore","pollen","pollen","pollen","pollen","pollen","pollen","pollen","spore","pollen","pollen","pollen","pollen","pollen","pollen","pollen","pollen","pollen","pollen","pollen","pollen","pollen","pollen","pollen","pollen","pollen","spore","pollen","spore","pollen","pollen","pollen","pollen","pollen","pollen","pollen","pollen","pollen","pollen","pollen","spore","pollen","pollen","pollen","pollen","pollen","pollen","pollen","pollen","pollen","pollen","pollen","pollen","spore","pollen","pollen","pollen","pollen","pollen","pollen","spore","pollen","pollen","pollen","pollen","pollen","pollen","pollen","pollen","pollen","spore","pollen","pollen","pollen","pollen","pollen","pollen","pollen","pollen","pollen","pollen/spore","pollen","pollen","pollen","spore","spore","pollen","pollen","pollen","pollen","pollen","pollen","spore","pollen","pollen","pollen","pollen","pollen","pollen","pollen","pollen","spore","pollen","pollen","pollen","pollen","pollen","pollen","pollen","pollen","Lake Victoria (Shirati Bay) LV4",33.7961333333333,33.7961333333333,-1.04943333333333,-1.04943333333333,1135,6880000,"Tanzania",NA,NA,NA,NA,68,33135,"LVC18_S4","Lake Victoria LV4","Core","UWITEC piston corer","2018-10-01",NA,"Natural Lake",63,"30 km away from the shore in the Shirati Bay",NA,NA,NA,NA,NA,NA,NA,"2,10,12,3,16",44877,"8777,15357,20039,20044,9599","Gobet, E.|Grosjean, M.|Muschick, M.|Seehausen, O.|Tinner, W.",10,"Depth",15,"Carbon-14","Radiocarbon years BP",388,4,"BE-16255",7910,120,120,1,120,"False","Charcoal","","Temotzin-Loranca et al. 2023",2,20036,"Temoltzin-Loranca, Y.",8030,7790,8,20041,20041,"Misra, Pavani","Misra, P.","Misra","Pavani","P.","","unknown","Institute of Ecology and Evolution
University of Bern
Bern, Switzerland","","","","",1,"false","journal article",20442,"https://doi.org/10.1016/j.quascirev.2022.107915",2023,"Temoltzin-Loranca, Y., E. Gobet, B. Vannière, J.F.N. van Leeuwen, G. Wienhues, S. Szidat, C. Courtney-Mustaphi, M. Kishe, M. Muschick, O. Seehausen, M. Grosjean, and W. Tinner. 2023. A chronologically reliable record of 17,000 years of biomass burning in the Lake Victoria area. Quaternary Science Reviews 301:107915. [DOI: https://doi.org/10.1016/j.quascirev.2022.107915]","A chronologically reliable record of 17,000 years of biomass burning in the Lake Victoria area","Quaternary Science Reviews",301,107915,1,16,"Tinner","W.","20036,8777,9974,15224,20037,13851,18278,20038,20039,20044,15357,9599","Temoltzin-Loranca, Y.|Gobet, E.|Vannière, B.|van Leeuwen, J.F.N.|Wienhues, G.|Szidat, S.|Courtney-Mustaphi, C.J.|Kishe, M.|Muschick, M.|Seehausen, O.|Grosjean, M.|Tinner, W.",15695,"18278,8777,15357,9224,20040,20038,20043,20041,20039,20042,20044,20036,9599,15224,9974,10026,20037","Morales-Molino, C.","Courtney-Mustaphi, C.J.|Gobet, E.|Grosjean, M.|Heiri, O.|King, L.|Kishe, M.|Matthews, B.|Misra, P.|Muschick, M.|Ngoepe, N.|Seehausen, O.|Temoltzin-Loranca, Y.|Tinner, W.|van Leeuwen, J.F.N.|Vannière, B.|Vogel, H.|Wienhues, G.","Pollen","LV4 pollen",1,"Temoltzin-Loranca et al. (2023)","Calendar years BP","True",NA,"rbacon",16700,-50,NA,"Temotzin-Loranca, Y.",15,20036,"Temoltzin-Loranca, Y.",NA,NA,NA,NA,"Radiocarbon"
536,1,1,10844,1,4,9666,390,0,0,0,0,0,2,0,0,0,0,0,2,5,0,0,2,0,0,0,0,11,0,0,0,0,0,0,0,0,0,11,0,0,0,0,0,0,0,5,0,0,0,0,0,0,54,0,0,0,0,0,2,0,0,0,0,0,0,0,2,0,2,0,0,0,0,2,0,0,0,0,0,0,0,0,2,0,0,11,16,2,0,0,5,0,0,0,22,0,0,0,0,0,0,5,0,205,2,8,0,0,0,8,0,0,0,0,0,0,0,0,0,2,0,0,0,0,0,0,0,13,0,0,0,0,2,0,0,"ml","number","spores/tablet","number","NISP","NISP","NISP","NISP","NISP","NISP","NISP","NISP","NISP","NISP","NISP","NISP","NISP","NISP","NISP","NISP","NISP","NISP","NISP","NISP","NISP","NISP","NISP","NISP","NISP","NISP","NISP","NISP","NISP","NISP","NISP","NISP","NISP","NISP","NISP","NISP","NISP","NISP","NISP","NISP","NISP","NISP","NISP","NISP","NISP","NISP","NISP","NISP","NISP","NISP","NISP","NISP","NISP","NISP","NISP","NISP","NISP","NISP","NISP","NISP","NISP","NISP","NISP","NISP","NISP","NISP","NISP","NISP","NISP","NISP","NISP","NISP","NISP","NISP","NISP","NISP","NISP","NISP","NISP","NISP","NISP","NISP","NISP","NISP","NISP","NISP","NISP","NISP","NISP","NISP","NISP","NISP","NISP","NISP","NISP","NISP","NISP","NISP","NISP","NISP","NISP","NISP","NISP","NISP","NISP","NISP","NISP","NISP","NISP","NISP","NISP","NISP","NISP","NISP","NISP","NISP","NISP","NISP","NISP","NISP","NISP","NISP","NISP","NISP","NISP","NISP","NISP","NISP","volume","quantity added","concentration","counted","pollen","pollen","pollen","pollen","pollen","pollen","pollen","pollen","pollen","pollen","pollen","pollen","pollen","pollen","pollen","pollen","pollen","spore","spore","pollen","pollen","pollen","pollen","pollen","pollen","pollen","spore","pollen","pollen","pollen","pollen","pollen","pollen","pollen","pollen","pollen","pollen","pollen","pollen","pollen","pollen","pollen","pollen","pollen","spore","pollen","spore","pollen","pollen","pollen","pollen","pollen","pollen","pollen","pollen","pollen","pollen","pollen","spore","pollen","pollen","pollen","pollen","pollen","pollen","pollen","pollen","pollen","pollen","pollen","pollen","spore","pollen","pollen","pollen","pollen","pollen","pollen","spore","pollen","pollen","pollen","pollen","pollen","pollen","pollen","pollen","pollen","spore","pollen","pollen","pollen","pollen","pollen","pollen","pollen","pollen","pollen","pollen/spore","pollen","pollen","pollen","spore","spore","pollen","pollen","pollen","pollen","pollen","pollen","spore","pollen","pollen","pollen","pollen","pollen","pollen","pollen","pollen","spore","pollen","pollen","pollen","pollen","pollen","pollen","pollen","pollen","Lake Victoria (Shirati Bay) LV4",33.7961333333333,33.7961333333333,-1.04943333333333,-1.04943333333333,1135,6880000,"Tanzania",NA,NA,NA,NA,68,33135,"LVC18_S4","Lake Victoria LV4","Core","UWITEC piston corer","2018-10-01",NA,"Natural Lake",63,"30 km away from the shore in the Shirati Bay",NA,NA,NA,NA,NA,NA,NA,"2,10,12,3,16",44877,"8777,15357,20039,20044,9599","Gobet, E.|Grosjean, M.|Muschick, M.|Seehausen, O.|Tinner, W.",10,"Depth",15,"Carbon-14","Radiocarbon years BP",388,4,"BE-16255",7910,120,120,1,120,"False","Charcoal","","Temotzin-Loranca et al. 2023",2,20036,"Temoltzin-Loranca, Y.",8030,7790,8,20041,20041,"Misra, Pavani","Misra, P.","Misra","Pavani","P.","","unknown","Institute of Ecology and Evolution
University of Bern
Bern, Switzerland","","","","",1,"false","journal article",20442,"https://doi.org/10.1016/j.quascirev.2022.107915",2023,"Temoltzin-Loranca, Y., E. Gobet, B. Vannière, J.F.N. van Leeuwen, G. Wienhues, S. Szidat, C. Courtney-Mustaphi, M. Kishe, M. Muschick, O. Seehausen, M. Grosjean, and W. Tinner. 2023. A chronologically reliable record of 17,000 years of biomass burning in the Lake Victoria area. Quaternary Science Reviews 301:107915. [DOI: https://doi.org/10.1016/j.quascirev.2022.107915]","A chronologically reliable record of 17,000 years of biomass burning in the Lake Victoria area","Quaternary Science Reviews",301,107915,1,16,"Tinner","W.","20036,8777,9974,15224,20037,13851,18278,20038,20039,20044,15357,9599","Temoltzin-Loranca, Y.|Gobet, E.|Vannière, B.|van Leeuwen, J.F.N.|Wienhues, G.|Szidat, S.|Courtney-Mustaphi, C.J.|Kishe, M.|Muschick, M.|Seehausen, O.|Grosjean, M.|Tinner, W.",15695,"18278,8777,15357,9224,20040,20038,20043,20041,20039,20042,20044,20036,9599,15224,9974,10026,20037","Morales-Molino, C.","Courtney-Mustaphi, C.J.|Gobet, E.|Grosjean, M.|Heiri, O.|King, L.|Kishe, M.|Matthews, B.|Misra, P.|Muschick, M.|Ngoepe, N.|Seehausen, O.|Temoltzin-Loranca, Y.|Tinner, W.|van Leeuwen, J.F.N.|Vannière, B.|Vogel, H.|Wienhues, G.","Pollen","LV4 pollen",1,"Temoltzin-Loranca et al. (2023)","Calendar years BP","True",NA,"rbacon",16700,-50,NA,"Temotzin-Loranca, Y.",15,20036,"Temoltzin-Loranca, Y.",NA,NA,NA,NA,"Radiocarbon"
538,1,1,10870,1,4,9666,128,0,0,0,0,0,0,0,0,0,0,1,3,4,0,0,0,0,0,0,0,7,0,0,0,0,0,0,0,0,0,1,0,0,1,0,0,0,0,3,0,0,0,0,0,0,20,0,0,0,0,0,0,0,0,0,1,0,0,0,0,0,0,0,0,0,0,1,0,0,0,0,0,0,0,0,2,0,0,2,3,0,0,0,2,0,0,0,10,0,0,1,0,0,0,1,0,64,4,4,0,0,0,0,0,0,0,0,0,1,0,0,0,0,0,0,0,0,0,0,0,1,0,6,0,0,0,0,0,"ml","number","spores/tablet","number","NISP","NISP","NISP","NISP","NISP","NISP","NISP","NISP","NISP","NISP","NISP","NISP","NISP","NISP","NISP","NISP","NISP","NISP","NISP","NISP","NISP","NISP","NISP","NISP","NISP","NISP","NISP","NISP","NISP","NISP","NISP","NISP","NISP","NISP","NISP","NISP","NISP","NISP","NISP","NISP","NISP","NISP","NISP","NISP","NISP","NISP","NISP","NISP","NISP","NISP","NISP","NISP","NISP","NISP","NISP","NISP","NISP","NISP","NISP","NISP","NISP","NISP","NISP","NISP","NISP","NISP","NISP","NISP","NISP","NISP","NISP","NISP","NISP","NISP","NISP","NISP","NISP","NISP","NISP","NISP","NISP","NISP","NISP","NISP","NISP","NISP","NISP","NISP","NISP","NISP","NISP","NISP","NISP","NISP","NISP","NISP","NISP","NISP","NISP","NISP","NISP","NISP","NISP","NISP","NISP","NISP","NISP","NISP","NISP","NISP","NISP","NISP","NISP","NISP","NISP","NISP","NISP","NISP","NISP","NISP","NISP","NISP","NISP","NISP","NISP","NISP","NISP","NISP","volume","quantity added","concentration","counted","pollen","pollen","pollen","pollen","pollen","pollen","pollen","pollen","pollen","pollen","pollen","pollen","pollen","pollen","pollen","pollen","pollen","spore","spore","pollen","pollen","pollen","pollen","pollen","pollen","pollen","spore","pollen","pollen","pollen","pollen","pollen","pollen","pollen","pollen","pollen","pollen","pollen","pollen","pollen","pollen","pollen","pollen","pollen","spore","pollen","spore","pollen","pollen","pollen","pollen","pollen","pollen","pollen","pollen","pollen","pollen","pollen","spore","pollen","pollen","pollen","pollen","pollen","pollen","pollen","pollen","pollen","pollen","pollen","pollen","spore","pollen","pollen","pollen","pollen","pollen","pollen","spore","pollen","pollen","pollen","pollen","pollen","pollen","pollen","pollen","pollen","spore","pollen","pollen","pollen","pollen","pollen","pollen","pollen","pollen","pollen","pollen/spore","pollen","pollen","pollen","spore","spore","pollen","pollen","pollen","pollen","pollen","pollen","spore","pollen","pollen","pollen","pollen","pollen","pollen","pollen","pollen","spore","pollen","pollen","pollen","pollen","pollen","pollen","pollen","pollen","Lake Victoria (Shirati Bay) LV4",33.7961333333333,33.7961333333333,-1.04943333333333,-1.04943333333333,1135,6880000,"Tanzania",NA,NA,NA,NA,68,33135,"LVC18_S4","Lake Victoria LV4","Core","UWITEC piston corer","2018-10-01",NA,"Natural Lake",63,"30 km away from the shore in the Shirati Bay",NA,NA,NA,NA,NA,NA,NA,"2,10,12,3,16",44877,"8777,15357,20039,20044,9599","Gobet, E.|Grosjean, M.|Muschick, M.|Seehausen, O.|Tinner, W.",10,"Depth",15,"Carbon-14","Radiocarbon years BP",388,4,"BE-16255",7910,120,120,1,120,"False","Charcoal","","Temotzin-Loranca et al. 2023",2,20036,"Temoltzin-Loranca, Y.",8030,7790,8,20041,20041,"Misra, Pavani","Misra, P.","Misra","Pavani","P.","","unknown","Institute of Ecology and Evolution
University of Bern
Bern, Switzerland","","","","",1,"false","journal article",20442,"https://doi.org/10.1016/j.quascirev.2022.107915",2023,"Temoltzin-Loranca, Y., E. Gobet, B. Vannière, J.F.N. van Leeuwen, G. Wienhues, S. Szidat, C. Courtney-Mustaphi, M. Kishe, M. Muschick, O. Seehausen, M. Grosjean, and W. Tinner. 2023. A chronologically reliable record of 17,000 years of biomass burning in the Lake Victoria area. Quaternary Science Reviews 301:107915. [DOI: https://doi.org/10.1016/j.quascirev.2022.107915]","A chronologically reliable record of 17,000 years of biomass burning in the Lake Victoria area","Quaternary Science Reviews",301,107915,1,16,"Tinner","W.","20036,8777,9974,15224,20037,13851,18278,20038,20039,20044,15357,9599","Temoltzin-Loranca, Y.|Gobet, E.|Vannière, B.|van Leeuwen, J.F.N.|Wienhues, G.|Szidat, S.|Courtney-Mustaphi, C.J.|Kishe, M.|Muschick, M.|Seehausen, O.|Grosjean, M.|Tinner, W.",15695,"18278,8777,15357,9224,20040,20038,20043,20041,20039,20042,20044,20036,9599,15224,9974,10026,20037","Morales-Molino, C.","Courtney-Mustaphi, C.J.|Gobet, E.|Grosjean, M.|Heiri, O.|King, L.|Kishe, M.|Matthews, B.|Misra, P.|Muschick, M.|Ngoepe, N.|Seehausen, O.|Temoltzin-Loranca, Y.|Tinner, W.|van Leeuwen, J.F.N.|Vannière, B.|Vogel, H.|Wienhues, G.","Pollen","LV4 pollen",1,"Temoltzin-Loranca et al. (2023)","Calendar years BP","True",NA,"rbacon",16700,-50,NA,"Temotzin-Loranca, Y.",15,20036,"Temoltzin-Loranca, Y.",NA,NA,NA,NA,"Radiocarbon"
540,1,1,10895,1,4,9666,376,0,0,0,0,0,0,0,0,0,0,3,10,13,0,0,0,0,0,0,0,24,0,0,0,0,0,0,0,0,0,3,0,0,3,0,0,0,0,10,0,0,0,0,0,0,68,0,0,0,0,0,0,0,0,0,3,0,0,0,0,0,0,0,0,0,0,3,0,0,0,0,0,0,0,0,6,0,0,6,10,0,0,0,6,0,0,0,34,0,0,3,0,0,0,3,0,222,13,13,0,0,0,0,0,0,0,0,0,3,0,0,0,0,0,0,0,0,0,0,0,3,0,20,0,0,0,0,0,"ml","number","spores/tablet","number","NISP","NISP","NISP","NISP","NISP","NISP","NISP","NISP","NISP","NISP","NISP","NISP","NISP","NISP","NISP","NISP","NISP","NISP","NISP","NISP","NISP","NISP","NISP","NISP","NISP","NISP","NISP","NISP","NISP","NISP","NISP","NISP","NISP","NISP","NISP","NISP","NISP","NISP","NISP","NISP","NISP","NISP","NISP","NISP","NISP","NISP","NISP","NISP","NISP","NISP","NISP","NISP","NISP","NISP","NISP","NISP","NISP","NISP","NISP","NISP","NISP","NISP","NISP","NISP","NISP","NISP","NISP","NISP","NISP","NISP","NISP","NISP","NISP","NISP","NISP","NISP","NISP","NISP","NISP","NISP","NISP","NISP","NISP","NISP","NISP","NISP","NISP","NISP","NISP","NISP","NISP","NISP","NISP","NISP","NISP","NISP","NISP","NISP","NISP","NISP","NISP","NISP","NISP","NISP","NISP","NISP","NISP","NISP","NISP","NISP","NISP","NISP","NISP","NISP","NISP","NISP","NISP","NISP","NISP","NISP","NISP","NISP","NISP","NISP","NISP","NISP","NISP","NISP","volume","quantity added","concentration","counted","pollen","pollen","pollen","pollen","pollen","pollen","pollen","pollen","pollen","pollen","pollen","pollen","pollen","pollen","pollen","pollen","pollen","spore","spore","pollen","pollen","pollen","pollen","pollen","pollen","pollen","spore","pollen","pollen","pollen","pollen","pollen","pollen","pollen","pollen","pollen","pollen","pollen","pollen","pollen","pollen","pollen","pollen","pollen","spore","pollen","spore","pollen","pollen","pollen","pollen","pollen","pollen","pollen","pollen","pollen","pollen","pollen","spore","pollen","pollen","pollen","pollen","pollen","pollen","pollen","pollen","pollen","pollen","pollen","pollen","spore","pollen","pollen","pollen","pollen","pollen","pollen","spore","pollen","pollen","pollen","pollen","pollen","pollen","pollen","pollen","pollen","spore","pollen","pollen","pollen","pollen","pollen","pollen","pollen","pollen","pollen","pollen/spore","pollen","pollen","pollen","spore","spore","pollen","pollen","pollen","pollen","pollen","pollen","spore","pollen","pollen","pollen","pollen","pollen","pollen","pollen","pollen","spore","pollen","pollen","pollen","pollen","pollen","pollen","pollen","pollen","Lake Victoria (Shirati Bay) LV4",33.7961333333333,33.7961333333333,-1.04943333333333,-1.04943333333333,1135,6880000,"Tanzania",NA,NA,NA,NA,68,33135,"LVC18_S4","Lake Victoria LV4","Core","UWITEC piston corer","2018-10-01",NA,"Natural Lake",63,"30 km away from the shore in the Shirati Bay",NA,NA,NA,NA,NA,NA,NA,"2,10,12,3,16",44877,"8777,15357,20039,20044,9599","Gobet, E.|Grosjean, M.|Muschick, M.|Seehausen, O.|Tinner, W.",10,"Depth",15,"Carbon-14","Radiocarbon years BP",388,4,"BE-16255",7910,120,120,1,120,"False","Charcoal","","Temotzin-Loranca et al. 2023",2,20036,"Temoltzin-Loranca, Y.",8030,7790,8,20041,20041,"Misra, Pavani","Misra, P.","Misra","Pavani","P.","","unknown","Institute of Ecology and Evolution
University of Bern
Bern, Switzerland","","","","",1,"false","journal article",20442,"https://doi.org/10.1016/j.quascirev.2022.107915",2023,"Temoltzin-Loranca, Y., E. Gobet, B. Vannière, J.F.N. van Leeuwen, G. Wienhues, S. Szidat, C. Courtney-Mustaphi, M. Kishe, M. Muschick, O. Seehausen, M. Grosjean, and W. Tinner. 2023. A chronologically reliable record of 17,000 years of biomass burning in the Lake Victoria area. Quaternary Science Reviews 301:107915. [DOI: https://doi.org/10.1016/j.quascirev.2022.107915]","A chronologically reliable record of 17,000 years of biomass burning in the Lake Victoria area","Quaternary Science Reviews",301,107915,1,16,"Tinner","W.","20036,8777,9974,15224,20037,13851,18278,20038,20039,20044,15357,9599","Temoltzin-Loranca, Y.|Gobet, E.|Vannière, B.|van Leeuwen, J.F.N.|Wienhues, G.|Szidat, S.|Courtney-Mustaphi, C.J.|Kishe, M.|Muschick, M.|Seehausen, O.|Grosjean, M.|Tinner, W.",15695,"18278,8777,15357,9224,20040,20038,20043,20041,20039,20042,20044,20036,9599,15224,9974,10026,20037","Morales-Molino, C.","Courtney-Mustaphi, C.J.|Gobet, E.|Grosjean, M.|Heiri, O.|King, L.|Kishe, M.|Matthews, B.|Misra, P.|Muschick, M.|Ngoepe, N.|Seehausen, O.|Temoltzin-Loranca, Y.|Tinner, W.|van Leeuwen, J.F.N.|Vannière, B.|Vogel, H.|Wienhues, G.","Pollen","LV4 pollen",1,"Temoltzin-Loranca et al. (2023)","Calendar years BP","True",NA,"rbacon",16700,-50,NA,"Temotzin-Loranca, Y.",15,20036,"Temoltzin-Loranca, Y.",NA,NA,NA,NA,"Radiocarbon"
542,1,1,10940,1,4,9666,85,0,0,0,0,0,0,0,0,0,0,0,1,0,0,0,0,0,0,0,0,5,0,0,0,0,0,0,0,0,0,2,0,0,0,0,0,0,0,2,0,0,0,0,0,0,7,0,0,0,0,0,2,0,0,0,0,0,0,0,0,0,1,0,0,1,0,1,1,0,0,0,0,0,0,0,0,0,0,0,5,0,0,1,1,0,0,0,7,0,0,0,0,0,0,0,0,45,2,2,0,0,0,0,0,0,0,0,0,0,0,0,0,0,0,0,0,1,0,0,0,0,0,0,0,0,0,0,0,"ml","number","spores/tablet","number","NISP","NISP","NISP","NISP","NISP","NISP","NISP","NISP","NISP","NISP","NISP","NISP","NISP","NISP","NISP","NISP","NISP","NISP","NISP","NISP","NISP","NISP","NISP","NISP","NISP","NISP","NISP","NISP","NISP","NISP","NISP","NISP","NISP","NISP","NISP","NISP","NISP","NISP","NISP","NISP","NISP","NISP","NISP","NISP","NISP","NISP","NISP","NISP","NISP","NISP","NISP","NISP","NISP","NISP","NISP","NISP","NISP","NISP","NISP","NISP","NISP","NISP","NISP","NISP","NISP","NISP","NISP","NISP","NISP","NISP","NISP","NISP","NISP","NISP","NISP","NISP","NISP","NISP","NISP","NISP","NISP","NISP","NISP","NISP","NISP","NISP","NISP","NISP","NISP","NISP","NISP","NISP","NISP","NISP","NISP","NISP","NISP","NISP","NISP","NISP","NISP","NISP","NISP","NISP","NISP","NISP","NISP","NISP","NISP","NISP","NISP","NISP","NISP","NISP","NISP","NISP","NISP","NISP","NISP","NISP","NISP","NISP","NISP","NISP","NISP","NISP","NISP","NISP","volume","quantity added","concentration","counted","pollen","pollen","pollen","pollen","pollen","pollen","pollen","pollen","pollen","pollen","pollen","pollen","pollen","pollen","pollen","pollen","pollen","spore","spore","pollen","pollen","pollen","pollen","pollen","pollen","pollen","spore","pollen","pollen","pollen","pollen","pollen","pollen","pollen","pollen","pollen","pollen","pollen","pollen","pollen","pollen","pollen","pollen","pollen","spore","pollen","spore","pollen","pollen","pollen","pollen","pollen","pollen","pollen","pollen","pollen","pollen","pollen","spore","pollen","pollen","pollen","pollen","pollen","pollen","pollen","pollen","pollen","pollen","pollen","pollen","spore","pollen","pollen","pollen","pollen","pollen","pollen","spore","pollen","pollen","pollen","pollen","pollen","pollen","pollen","pollen","pollen","spore","pollen","pollen","pollen","pollen","pollen","pollen","pollen","pollen","pollen","pollen/spore","pollen","pollen","pollen","spore","spore","pollen","pollen","pollen","pollen","pollen","pollen","spore","pollen","pollen","pollen","pollen","pollen","pollen","pollen","pollen","spore","pollen","pollen","pollen","pollen","pollen","pollen","pollen","pollen","Lake Victoria (Shirati Bay) LV4",33.7961333333333,33.7961333333333,-1.04943333333333,-1.04943333333333,1135,6880000,"Tanzania",NA,NA,NA,NA,68,33135,"LVC18_S4","Lake Victoria LV4","Core","UWITEC piston corer","2018-10-01",NA,"Natural Lake",63,"30 km away from the shore in the Shirati Bay",NA,NA,NA,NA,NA,NA,NA,"2,10,12,3,16",44877,"8777,15357,20039,20044,9599","Gobet, E.|Grosjean, M.|Muschick, M.|Seehausen, O.|Tinner, W.",11,"Depth",15,"Carbon-14","Radiocarbon years BP",420,4,"BE-16256",8340,110,110,1,110,"False","Charcoal","","Temotzin-Loranca et al. 2023",2,20036,"Temoltzin-Loranca, Y.",8450,8230,8,20041,20041,"Misra, Pavani","Misra, P.","Misra","Pavani","P.","","unknown","Institute of Ecology and Evolution
University of Bern
Bern, Switzerland","","","","",1,"false","journal article",20442,"https://doi.org/10.1016/j.quascirev.2022.107915",2023,"Temoltzin-Loranca, Y., E. Gobet, B. Vannière, J.F.N. van Leeuwen, G. Wienhues, S. Szidat, C. Courtney-Mustaphi, M. Kishe, M. Muschick, O. Seehausen, M. Grosjean, and W. Tinner. 2023. A chronologically reliable record of 17,000 years of biomass burning in the Lake Victoria area. Quaternary Science Reviews 301:107915. [DOI: https://doi.org/10.1016/j.quascirev.2022.107915]","A chronologically reliable record of 17,000 years of biomass burning in the Lake Victoria area","Quaternary Science Reviews",301,107915,1,16,"Tinner","W.","20036,8777,9974,15224,20037,13851,18278,20038,20039,20044,15357,9599","Temoltzin-Loranca, Y.|Gobet, E.|Vannière, B.|van Leeuwen, J.F.N.|Wienhues, G.|Szidat, S.|Courtney-Mustaphi, C.J.|Kishe, M.|Muschick, M.|Seehausen, O.|Grosjean, M.|Tinner, W.",15695,"18278,8777,15357,9224,20040,20038,20043,20041,20039,20042,20044,20036,9599,15224,9974,10026,20037","Morales-Molino, C.","Courtney-Mustaphi, C.J.|Gobet, E.|Grosjean, M.|Heiri, O.|King, L.|Kishe, M.|Matthews, B.|Misra, P.|Muschick, M.|Ngoepe, N.|Seehausen, O.|Temoltzin-Loranca, Y.|Tinner, W.|van Leeuwen, J.F.N.|Vannière, B.|Vogel, H.|Wienhues, G.","Pollen","LV4 pollen",1,"Temoltzin-Loranca et al. (2023)","Calendar years BP","True",NA,"rbacon",16700,-50,NA,"Temotzin-Loranca, Y.",15,20036,"Temoltzin-Loranca, Y.",NA,NA,NA,NA,"Radiocarbon"
544,1,1,10984,1,4,9666,332,0,0,0,0,0,0,0,0,0,0,0,4,0,0,0,0,0,0,0,0,23,0,0,0,0,0,0,0,0,0,9,0,0,0,0,0,0,0,9,0,0,0,0,0,0,32,0,0,0,0,0,9,0,0,0,0,0,0,0,0,0,4,0,0,4,0,4,4,0,0,0,0,0,0,0,0,0,0,0,23,0,0,4,4,0,0,0,32,0,0,0,0,0,0,0,0,207,9,9,0,0,0,0,0,0,0,0,0,0,0,0,0,0,0,0,0,4,0,0,0,0,0,0,0,0,0,0,0,"ml","number","spores/tablet","number","NISP","NISP","NISP","NISP","NISP","NISP","NISP","NISP","NISP","NISP","NISP","NISP","NISP","NISP","NISP","NISP","NISP","NISP","NISP","NISP","NISP","NISP","NISP","NISP","NISP","NISP","NISP","NISP","NISP","NISP","NISP","NISP","NISP","NISP","NISP","NISP","NISP","NISP","NISP","NISP","NISP","NISP","NISP","NISP","NISP","NISP","NISP","NISP","NISP","NISP","NISP","NISP","NISP","NISP","NISP","NISP","NISP","NISP","NISP","NISP","NISP","NISP","NISP","NISP","NISP","NISP","NISP","NISP","NISP","NISP","NISP","NISP","NISP","NISP","NISP","NISP","NISP","NISP","NISP","NISP","NISP","NISP","NISP","NISP","NISP","NISP","NISP","NISP","NISP","NISP","NISP","NISP","NISP","NISP","NISP","NISP","NISP","NISP","NISP","NISP","NISP","NISP","NISP","NISP","NISP","NISP","NISP","NISP","NISP","NISP","NISP","NISP","NISP","NISP","NISP","NISP","NISP","NISP","NISP","NISP","NISP","NISP","NISP","NISP","NISP","NISP","NISP","NISP","volume","quantity added","concentration","counted","pollen","pollen","pollen","pollen","pollen","pollen","pollen","pollen","pollen","pollen","pollen","pollen","pollen","pollen","pollen","pollen","pollen","spore","spore","pollen","pollen","pollen","pollen","pollen","pollen","pollen","spore","pollen","pollen","pollen","pollen","pollen","pollen","pollen","pollen","pollen","pollen","pollen","pollen","pollen","pollen","pollen","pollen","pollen","spore","pollen","spore","pollen","pollen","pollen","pollen","pollen","pollen","pollen","pollen","pollen","pollen","pollen","spore","pollen","pollen","pollen","pollen","pollen","pollen","pollen","pollen","pollen","pollen","pollen","pollen","spore","pollen","pollen","pollen","pollen","pollen","pollen","spore","pollen","pollen","pollen","pollen","pollen","pollen","pollen","pollen","pollen","spore","pollen","pollen","pollen","pollen","pollen","pollen","pollen","pollen","pollen","pollen/spore","pollen","pollen","pollen","spore","spore","pollen","pollen","pollen","pollen","pollen","pollen","spore","pollen","pollen","pollen","pollen","pollen","pollen","pollen","pollen","spore","pollen","pollen","pollen","pollen","pollen","pollen","pollen","pollen","Lake Victoria (Shirati Bay) LV4",33.7961333333333,33.7961333333333,-1.04943333333333,-1.04943333333333,1135,6880000,"Tanzania",NA,NA,NA,NA,68,33135,"LVC18_S4","Lake Victoria LV4","Core","UWITEC piston corer","2018-10-01",NA,"Natural Lake",63,"30 km away from the shore in the Shirati Bay",NA,NA,NA,NA,NA,NA,NA,"2,10,12,3,16",44877,"8777,15357,20039,20044,9599","Gobet, E.|Grosjean, M.|Muschick, M.|Seehausen, O.|Tinner, W.",11,"Depth",15,"Carbon-14","Radiocarbon years BP",420,4,"BE-16256",8340,110,110,1,110,"False","Charcoal","","Temotzin-Loranca et al. 2023",2,20036,"Temoltzin-Loranca, Y.",8450,8230,8,20041,20041,"Misra, Pavani","Misra, P.","Misra","Pavani","P.","","unknown","Institute of Ecology and Evolution
University of Bern
Bern, Switzerland","","","","",1,"false","journal article",20442,"https://doi.org/10.1016/j.quascirev.2022.107915",2023,"Temoltzin-Loranca, Y., E. Gobet, B. Vannière, J.F.N. van Leeuwen, G. Wienhues, S. Szidat, C. Courtney-Mustaphi, M. Kishe, M. Muschick, O. Seehausen, M. Grosjean, and W. Tinner. 2023. A chronologically reliable record of 17,000 years of biomass burning in the Lake Victoria area. Quaternary Science Reviews 301:107915. [DOI: https://doi.org/10.1016/j.quascirev.2022.107915]","A chronologically reliable record of 17,000 years of biomass burning in the Lake Victoria area","Quaternary Science Reviews",301,107915,1,16,"Tinner","W.","20036,8777,9974,15224,20037,13851,18278,20038,20039,20044,15357,9599","Temoltzin-Loranca, Y.|Gobet, E.|Vannière, B.|van Leeuwen, J.F.N.|Wienhues, G.|Szidat, S.|Courtney-Mustaphi, C.J.|Kishe, M.|Muschick, M.|Seehausen, O.|Grosjean, M.|Tinner, W.",15695,"18278,8777,15357,9224,20040,20038,20043,20041,20039,20042,20044,20036,9599,15224,9974,10026,20037","Morales-Molino, C.","Courtney-Mustaphi, C.J.|Gobet, E.|Grosjean, M.|Heiri, O.|King, L.|Kishe, M.|Matthews, B.|Misra, P.|Muschick, M.|Ngoepe, N.|Seehausen, O.|Temoltzin-Loranca, Y.|Tinner, W.|van Leeuwen, J.F.N.|Vannière, B.|Vogel, H.|Wienhues, G.","Pollen","LV4 pollen",1,"Temoltzin-Loranca et al. (2023)","Calendar years BP","True",NA,"rbacon",16700,-50,NA,"Temotzin-Loranca, Y.",15,20036,"Temoltzin-Loranca, Y.",NA,NA,NA,NA,"Radiocarbon"
546,1,1,11033,1,4,9666,384,0,0,0,0,0,0,0,0,0,0,0,4,0,0,0,0,0,0,0,0,15,0,0,0,0,0,0,0,0,0,9,0,0,0,0,0,0,0,6,0,0,0,0,0,0,32,0,0,0,0,0,7,0,0,0,0,0,0,0,0,0,4,0,0,0,0,5,0,0,0,0,0,0,0,0,0,0,0,0,16,0,0,2,4,0,0,0,39,0,0,0,0,0,0,0,0,226,6,3,0,0,0,0,0,0,0,0,0,0,0,0,0,0,0,0,0,8,0,0,0,0,0,0,0,0,0,0,0,"ml","number","spores/tablet","number","NISP","NISP","NISP","NISP","NISP","NISP","NISP","NISP","NISP","NISP","NISP","NISP","NISP","NISP","NISP","NISP","NISP","NISP","NISP","NISP","NISP","NISP","NISP","NISP","NISP","NISP","NISP","NISP","NISP","NISP","NISP","NISP","NISP","NISP","NISP","NISP","NISP","NISP","NISP","NISP","NISP","NISP","NISP","NISP","NISP","NISP","NISP","NISP","NISP","NISP","NISP","NISP","NISP","NISP","NISP","NISP","NISP","NISP","NISP","NISP","NISP","NISP","NISP","NISP","NISP","NISP","NISP","NISP","NISP","NISP","NISP","NISP","NISP","NISP","NISP","NISP","NISP","NISP","NISP","NISP","NISP","NISP","NISP","NISP","NISP","NISP","NISP","NISP","NISP","NISP","NISP","NISP","NISP","NISP","NISP","NISP","NISP","NISP","NISP","NISP","NISP","NISP","NISP","NISP","NISP","NISP","NISP","NISP","NISP","NISP","NISP","NISP","NISP","NISP","NISP","NISP","NISP","NISP","NISP","NISP","NISP","NISP","NISP","NISP","NISP","NISP","NISP","NISP","volume","quantity added","concentration","counted","pollen","pollen","pollen","pollen","pollen","pollen","pollen","pollen","pollen","pollen","pollen","pollen","pollen","pollen","pollen","pollen","pollen","spore","spore","pollen","pollen","pollen","pollen","pollen","pollen","pollen","spore","pollen","pollen","pollen","pollen","pollen","pollen","pollen","pollen","pollen","pollen","pollen","pollen","pollen","pollen","pollen","pollen","pollen","spore","pollen","spore","pollen","pollen","pollen","pollen","pollen","pollen","pollen","pollen","pollen","pollen","pollen","spore","pollen","pollen","pollen","pollen","pollen","pollen","pollen","pollen","pollen","pollen","pollen","pollen","spore","pollen","pollen","pollen","pollen","pollen","pollen","spore","pollen","pollen","pollen","pollen","pollen","pollen","pollen","pollen","pollen","spore","pollen","pollen","pollen","pollen","pollen","pollen","pollen","pollen","pollen","pollen/spore","pollen","pollen","pollen","spore","spore","pollen","pollen","pollen","pollen","pollen","pollen","spore","pollen","pollen","pollen","pollen","pollen","pollen","pollen","pollen","spore","pollen","pollen","pollen","pollen","pollen","pollen","pollen","pollen","Lake Victoria (Shirati Bay) LV4",33.7961333333333,33.7961333333333,-1.04943333333333,-1.04943333333333,1135,6880000,"Tanzania",NA,NA,NA,NA,68,33135,"LVC18_S4","Lake Victoria LV4","Core","UWITEC piston corer","2018-10-01",NA,"Natural Lake",63,"30 km away from the shore in the Shirati Bay",NA,NA,NA,NA,NA,NA,NA,"2,10,12,3,16",44877,"8777,15357,20039,20044,9599","Gobet, E.|Grosjean, M.|Muschick, M.|Seehausen, O.|Tinner, W.",11,"Depth",15,"Carbon-14","Radiocarbon years BP",420,4,"BE-16256",8340,110,110,1,110,"False","Charcoal","","Temotzin-Loranca et al. 2023",2,20036,"Temoltzin-Loranca, Y.",8450,8230,9,15695,15695,"Morales-Molino, César","Morales-Molino, C.","Morales-Molino","César","C.","","active","Departamento de Ciencias de la Vida
Facultad de Ciencias
Universidad de Alcala
28805 Alcala de Henares, Madrid, Spain","cesarmoralesdelmolino@gmail.com; cesar.morales@uah.es","","","",1,"false","journal article",20442,"https://doi.org/10.1016/j.quascirev.2022.107915",2023,"Temoltzin-Loranca, Y., E. Gobet, B. Vannière, J.F.N. van Leeuwen, G. Wienhues, S. Szidat, C. Courtney-Mustaphi, M. Kishe, M. Muschick, O. Seehausen, M. Grosjean, and W. Tinner. 2023. A chronologically reliable record of 17,000 years of biomass burning in the Lake Victoria area. Quaternary Science Reviews 301:107915. [DOI: https://doi.org/10.1016/j.quascirev.2022.107915]","A chronologically reliable record of 17,000 years of biomass burning in the Lake Victoria area","Quaternary Science Reviews",301,107915,2,15,"Temotzin-Loranca","Y.","20036,8777,9974,15224,20037,18278,20038,20039,20040,20041,20042,20043,10026,9224,20044,15357,9599","Temoltzin-Loranca, Y.|Gobet, E.|Vannière, B.|van Leeuwen, J.F.N.|Wienhues, G.|Courtney-Mustaphi, C.J.|Kishe, M.|Muschick, M.|King, L.|Misra, P.|Ngoepe, N.|Matthews, B.|Vogel, H.|Heiri, O.|Seehausen, O.|Grosjean, M.|Tinner, W.",15695,"18278,8777,15357,9224,20040,20038,20043,20041,20039,20042,20044,20036,9599,15224,9974,10026,20037","Morales-Molino, C.","Courtney-Mustaphi, C.J.|Gobet, E.|Grosjean, M.|Heiri, O.|King, L.|Kishe, M.|Matthews, B.|Misra, P.|Muschick, M.|Ngoepe, N.|Seehausen, O.|Temoltzin-Loranca, Y.|Tinner, W.|van Leeuwen, J.F.N.|Vannière, B.|Vogel, H.|Wienhues, G.","Pollen","LV4 pollen",1,"Temoltzin-Loranca et al. (2023)","Calendar years BP","True",NA,"rbacon",16700,-50,NA,"Temotzin-Loranca, Y.",15,20036,"Temoltzin-Loranca, Y.",NA,NA,NA,NA,"Radiocarbon"
547,1,1,11033,1,4,9666,242,0,0,0,0,0,1,1,1,0,0,4,4,9,1,0,4,0,0,0,1,11,0,0,0,0,1,0,0,0,0,9,0,0,0,1,1,0,1,3,0,0,1,0,0,0,32,1,0,0,0,0,3,0,0,0,0,0,0,0,1,0,1,0,0,0,0,4,0,1,0,0,1,0,0,0,9,0,0,1,31,5,0,1,5,0,0,0,35,0,0,0,0,0,0,1,0,203,4,12,1,0,0,4,1,1,0,0,0,0,3,1,0,0,0,0,0,0,0,0,0,3,0,2,0,4,0,0,1,"ml","number","spores/tablet","number","NISP","NISP","NISP","NISP","NISP","NISP","NISP","NISP","NISP","NISP","NISP","NISP","NISP","NISP","NISP","NISP","NISP","NISP","NISP","NISP","NISP","NISP","NISP","NISP","NISP","NISP","NISP","NISP","NISP","NISP","NISP","NISP","NISP","NISP","NISP","NISP","NISP","NISP","NISP","NISP","NISP","NISP","NISP","NISP","NISP","NISP","NISP","NISP","NISP","NISP","NISP","NISP","NISP","NISP","NISP","NISP","NISP","NISP","NISP","NISP","NISP","NISP","NISP","NISP","NISP","NISP","NISP","NISP","NISP","NISP","NISP","NISP","NISP","NISP","NISP","NISP","NISP","NISP","NISP","NISP","NISP","NISP","NISP","NISP","NISP","NISP","NISP","NISP","NISP","NISP","NISP","NISP","NISP","NISP","NISP","NISP","NISP","NISP","NISP","NISP","NISP","NISP","NISP","NISP","NISP","NISP","NISP","NISP","NISP","NISP","NISP","NISP","NISP","NISP","NISP","NISP","NISP","NISP","NISP","NISP","NISP","NISP","NISP","NISP","NISP","NISP","NISP","NISP","volume","quantity added","concentration","counted","pollen","pollen","pollen","pollen","pollen","pollen","pollen","pollen","pollen","pollen","pollen","pollen","pollen","pollen","pollen","pollen","pollen","spore","spore","pollen","pollen","pollen","pollen","pollen","pollen","pollen","spore","pollen","pollen","pollen","pollen","pollen","pollen","pollen","pollen","pollen","pollen","pollen","pollen","pollen","pollen","pollen","pollen","pollen","spore","pollen","spore","pollen","pollen","pollen","pollen","pollen","pollen","pollen","pollen","pollen","pollen","pollen","spore","pollen","pollen","pollen","pollen","pollen","pollen","pollen","pollen","pollen","pollen","pollen","pollen","spore","pollen","pollen","pollen","pollen","pollen","pollen","spore","pollen","pollen","pollen","pollen","pollen","pollen","pollen","pollen","pollen","spore","pollen","pollen","pollen","pollen","pollen","pollen","pollen","pollen","pollen","pollen/spore","pollen","pollen","pollen","spore","spore","pollen","pollen","pollen","pollen","pollen","pollen","spore","pollen","pollen","pollen","pollen","pollen","pollen","pollen","pollen","spore","pollen","pollen","pollen","pollen","pollen","pollen","pollen","pollen","Lake Victoria (Shirati Bay) LV4",33.7961333333333,33.7961333333333,-1.04943333333333,-1.04943333333333,1135,6880000,"Tanzania",NA,NA,NA,NA,68,33135,"LVC18_S4","Lake Victoria LV4","Core","UWITEC piston corer","2018-10-01",NA,"Natural Lake",63,"30 km away from the shore in the Shirati Bay",NA,NA,NA,NA,NA,NA,NA,"2,10,12,3,16",44877,"8777,15357,20039,20044,9599","Gobet, E.|Grosjean, M.|Muschick, M.|Seehausen, O.|Tinner, W.",11,"Depth",15,"Carbon-14","Radiocarbon years BP",420,4,"BE-16256",8340,110,110,1,110,"False","Charcoal","","Temotzin-Loranca et al. 2023",2,20036,"Temoltzin-Loranca, Y.",8450,8230,9,15695,15695,"Morales-Molino, César","Morales-Molino, C.","Morales-Molino","César","C.","","active","Departamento de Ciencias de la Vida
Facultad de Ciencias
Universidad de Alcala
28805 Alcala de Henares, Madrid, Spain","cesarmoralesdelmolino@gmail.com; cesar.morales@uah.es","","","",1,"false","journal article",20442,"https://doi.org/10.1016/j.quascirev.2022.107915",2023,"Temoltzin-Loranca, Y., E. Gobet, B. Vannière, J.F.N. van Leeuwen, G. Wienhues, S. Szidat, C. Courtney-Mustaphi, M. Kishe, M. Muschick, O. Seehausen, M. Grosjean, and W. Tinner. 2023. A chronologically reliable record of 17,000 years of biomass burning in the Lake Victoria area. Quaternary Science Reviews 301:107915. [DOI: https://doi.org/10.1016/j.quascirev.2022.107915]","A chronologically reliable record of 17,000 years of biomass burning in the Lake Victoria area","Quaternary Science Reviews",301,107915,2,15,"Temotzin-Loranca","Y.","20036,8777,9974,15224,20037,18278,20038,20039,20040,20041,20042,20043,10026,9224,20044,15357,9599","Temoltzin-Loranca, Y.|Gobet, E.|Vannière, B.|van Leeuwen, J.F.N.|Wienhues, G.|Courtney-Mustaphi, C.J.|Kishe, M.|Muschick, M.|King, L.|Misra, P.|Ngoepe, N.|Matthews, B.|Vogel, H.|Heiri, O.|Seehausen, O.|Grosjean, M.|Tinner, W.",15695,"18278,8777,15357,9224,20040,20038,20043,20041,20039,20042,20044,20036,9599,15224,9974,10026,20037","Morales-Molino, C.","Courtney-Mustaphi, C.J.|Gobet, E.|Grosjean, M.|Heiri, O.|King, L.|Kishe, M.|Matthews, B.|Misra, P.|Muschick, M.|Ngoepe, N.|Seehausen, O.|Temoltzin-Loranca, Y.|Tinner, W.|van Leeuwen, J.F.N.|Vannière, B.|Vogel, H.|Wienhues, G.","Pollen","LV4 pollen",1,"Temoltzin-Loranca et al. (2023)","Calendar years BP","True",NA,"rbacon",16700,-50,NA,"Temotzin-Loranca, Y.",15,20036,"Temoltzin-Loranca, Y.",NA,NA,NA,NA,"Radiocarbon"
548,1,1,11076,1,4,9666,376,0,0,0,0,0,0,0,0,0,0,3,1,3,1,0,2,0,0,0,0,11,0,0,0,1,1,0,0,0,0,8,0,0,0,0,0,0,0,6,1,1,0,0,1,0,45,0,0,0,0,0,0,0,0,0,0,0,0,0,0,0,2,0,0,2,3,4,0,0,0,0,0,0,0,0,13,0,0,2,38,0,0,0,6,1,0,0,31,0,0,0,0,0,0,1,0,237,3,17,0,1,0,0,0,0,1,0,0,0,1,0,0,0,1,0,0,0,1,0,0,0,0,9,0,1,1,0,0,"ml","number","spores/tablet","number","NISP","NISP","NISP","NISP","NISP","NISP","NISP","NISP","NISP","NISP","NISP","NISP","NISP","NISP","NISP","NISP","NISP","NISP","NISP","NISP","NISP","NISP","NISP","NISP","NISP","NISP","NISP","NISP","NISP","NISP","NISP","NISP","NISP","NISP","NISP","NISP","NISP","NISP","NISP","NISP","NISP","NISP","NISP","NISP","NISP","NISP","NISP","NISP","NISP","NISP","NISP","NISP","NISP","NISP","NISP","NISP","NISP","NISP","NISP","NISP","NISP","NISP","NISP","NISP","NISP","NISP","NISP","NISP","NISP","NISP","NISP","NISP","NISP","NISP","NISP","NISP","NISP","NISP","NISP","NISP","NISP","NISP","NISP","NISP","NISP","NISP","NISP","NISP","NISP","NISP","NISP","NISP","NISP","NISP","NISP","NISP","NISP","NISP","NISP","NISP","NISP","NISP","NISP","NISP","NISP","NISP","NISP","NISP","NISP","NISP","NISP","NISP","NISP","NISP","NISP","NISP","NISP","NISP","NISP","NISP","NISP","NISP","NISP","NISP","NISP","NISP","NISP","NISP","volume","quantity added","concentration","counted","pollen","pollen","pollen","pollen","pollen","pollen","pollen","pollen","pollen","pollen","pollen","pollen","pollen","pollen","pollen","pollen","pollen","spore","spore","pollen","pollen","pollen","pollen","pollen","pollen","pollen","spore","pollen","pollen","pollen","pollen","pollen","pollen","pollen","pollen","pollen","pollen","pollen","pollen","pollen","pollen","pollen","pollen","pollen","spore","pollen","spore","pollen","pollen","pollen","pollen","pollen","pollen","pollen","pollen","pollen","pollen","pollen","spore","pollen","pollen","pollen","pollen","pollen","pollen","pollen","pollen","pollen","pollen","pollen","pollen","spore","pollen","pollen","pollen","pollen","pollen","pollen","spore","pollen","pollen","pollen","pollen","pollen","pollen","pollen","pollen","pollen","spore","pollen","pollen","pollen","pollen","pollen","pollen","pollen","pollen","pollen","pollen/spore","pollen","pollen","pollen","spore","spore","pollen","pollen","pollen","pollen","pollen","pollen","spore","pollen","pollen","pollen","pollen","pollen","pollen","pollen","pollen","spore","pollen","pollen","pollen","pollen","pollen","pollen","pollen","pollen","Lake Victoria (Shirati Bay) LV4",33.7961333333333,33.7961333333333,-1.04943333333333,-1.04943333333333,1135,6880000,"Tanzania",NA,NA,NA,NA,68,33135,"LVC18_S4","Lake Victoria LV4","Core","UWITEC piston corer","2018-10-01",NA,"Natural Lake",63,"30 km away from the shore in the Shirati Bay",NA,NA,NA,NA,NA,NA,NA,"2,10,12,3,16",44877,"8777,15357,20039,20044,9599","Gobet, E.|Grosjean, M.|Muschick, M.|Seehausen, O.|Tinner, W.",11,"Depth",15,"Carbon-14","Radiocarbon years BP",420,4,"BE-16256",8340,110,110,1,110,"False","Charcoal","","Temotzin-Loranca et al. 2023",2,20036,"Temoltzin-Loranca, Y.",8450,8230,9,15695,15695,"Morales-Molino, César","Morales-Molino, C.","Morales-Molino","César","C.","","active","Departamento de Ciencias de la Vida
Facultad de Ciencias
Universidad de Alcala
28805 Alcala de Henares, Madrid, Spain","cesarmoralesdelmolino@gmail.com; cesar.morales@uah.es","","","",1,"false","journal article",20442,"https://doi.org/10.1016/j.quascirev.2022.107915",2023,"Temoltzin-Loranca, Y., E. Gobet, B. Vannière, J.F.N. van Leeuwen, G. Wienhues, S. Szidat, C. Courtney-Mustaphi, M. Kishe, M. Muschick, O. Seehausen, M. Grosjean, and W. Tinner. 2023. A chronologically reliable record of 17,000 years of biomass burning in the Lake Victoria area. Quaternary Science Reviews 301:107915. [DOI: https://doi.org/10.1016/j.quascirev.2022.107915]","A chronologically reliable record of 17,000 years of biomass burning in the Lake Victoria area","Quaternary Science Reviews",301,107915,2,15,"Temotzin-Loranca","Y.","20036,8777,9974,15224,20037,18278,20038,20039,20040,20041,20042,20043,10026,9224,20044,15357,9599","Temoltzin-Loranca, Y.|Gobet, E.|Vannière, B.|van Leeuwen, J.F.N.|Wienhues, G.|Courtney-Mustaphi, C.J.|Kishe, M.|Muschick, M.|King, L.|Misra, P.|Ngoepe, N.|Matthews, B.|Vogel, H.|Heiri, O.|Seehausen, O.|Grosjean, M.|Tinner, W.",15695,"18278,8777,15357,9224,20040,20038,20043,20041,20039,20042,20044,20036,9599,15224,9974,10026,20037","Morales-Molino, C.","Courtney-Mustaphi, C.J.|Gobet, E.|Grosjean, M.|Heiri, O.|King, L.|Kishe, M.|Matthews, B.|Misra, P.|Muschick, M.|Ngoepe, N.|Seehausen, O.|Temoltzin-Loranca, Y.|Tinner, W.|van Leeuwen, J.F.N.|Vannière, B.|Vogel, H.|Wienhues, G.","Pollen","LV4 pollen",1,"Temoltzin-Loranca et al. (2023)","Calendar years BP","True",NA,"rbacon",16700,-50,NA,"Temotzin-Loranca, Y.",15,20036,"Temoltzin-Loranca, Y.",NA,NA,NA,NA,"Radiocarbon"
550,1,1,11119,1,4,9666,325,0,0,0,0,0,0,0,0,0,0,3,1,3,1,0,2,0,0,0,0,10,0,0,0,1,1,0,0,0,0,7,0,0,0,0,0,0,0,6,1,1,0,0,1,0,40,0,0,0,0,0,0,0,0,0,0,0,0,0,0,0,2,0,0,2,3,4,0,0,0,0,0,0,0,0,12,0,0,2,33,0,0,0,6,1,0,0,27,0,0,0,0,0,0,1,0,205,3,15,0,1,0,0,0,0,1,0,0,0,1,0,0,0,1,0,0,0,1,0,0,0,0,8,0,1,1,0,0,"ml","number","spores/tablet","number","NISP","NISP","NISP","NISP","NISP","NISP","NISP","NISP","NISP","NISP","NISP","NISP","NISP","NISP","NISP","NISP","NISP","NISP","NISP","NISP","NISP","NISP","NISP","NISP","NISP","NISP","NISP","NISP","NISP","NISP","NISP","NISP","NISP","NISP","NISP","NISP","NISP","NISP","NISP","NISP","NISP","NISP","NISP","NISP","NISP","NISP","NISP","NISP","NISP","NISP","NISP","NISP","NISP","NISP","NISP","NISP","NISP","NISP","NISP","NISP","NISP","NISP","NISP","NISP","NISP","NISP","NISP","NISP","NISP","NISP","NISP","NISP","NISP","NISP","NISP","NISP","NISP","NISP","NISP","NISP","NISP","NISP","NISP","NISP","NISP","NISP","NISP","NISP","NISP","NISP","NISP","NISP","NISP","NISP","NISP","NISP","NISP","NISP","NISP","NISP","NISP","NISP","NISP","NISP","NISP","NISP","NISP","NISP","NISP","NISP","NISP","NISP","NISP","NISP","NISP","NISP","NISP","NISP","NISP","NISP","NISP","NISP","NISP","NISP","NISP","NISP","NISP","NISP","volume","quantity added","concentration","counted","pollen","pollen","pollen","pollen","pollen","pollen","pollen","pollen","pollen","pollen","pollen","pollen","pollen","pollen","pollen","pollen","pollen","spore","spore","pollen","pollen","pollen","pollen","pollen","pollen","pollen","spore","pollen","pollen","pollen","pollen","pollen","pollen","pollen","pollen","pollen","pollen","pollen","pollen","pollen","pollen","pollen","pollen","pollen","spore","pollen","spore","pollen","pollen","pollen","pollen","pollen","pollen","pollen","pollen","pollen","pollen","pollen","spore","pollen","pollen","pollen","pollen","pollen","pollen","pollen","pollen","pollen","pollen","pollen","pollen","spore","pollen","pollen","pollen","pollen","pollen","pollen","spore","pollen","pollen","pollen","pollen","pollen","pollen","pollen","pollen","pollen","spore","pollen","pollen","pollen","pollen","pollen","pollen","pollen","pollen","pollen","pollen/spore","pollen","pollen","pollen","spore","spore","pollen","pollen","pollen","pollen","pollen","pollen","spore","pollen","pollen","pollen","pollen","pollen","pollen","pollen","pollen","spore","pollen","pollen","pollen","pollen","pollen","pollen","pollen","pollen","Lake Victoria (Shirati Bay) LV4",33.7961333333333,33.7961333333333,-1.04943333333333,-1.04943333333333,1135,6880000,"Tanzania",NA,NA,NA,NA,68,33135,"LVC18_S4","Lake Victoria LV4","Core","UWITEC piston corer","2018-10-01",NA,"Natural Lake",63,"30 km away from the shore in the Shirati Bay",NA,NA,NA,NA,NA,NA,NA,"2,10,12,3,16",44877,"8777,15357,20039,20044,9599","Gobet, E.|Grosjean, M.|Muschick, M.|Seehausen, O.|Tinner, W.",11,"Depth",15,"Carbon-14","Radiocarbon years BP",420,4,"BE-16256",8340,110,110,1,110,"False","Charcoal","","Temotzin-Loranca et al. 2023",2,20036,"Temoltzin-Loranca, Y.",8450,8230,9,15695,15695,"Morales-Molino, César","Morales-Molino, C.","Morales-Molino","César","C.","","active","Departamento de Ciencias de la Vida
Facultad de Ciencias
Universidad de Alcala
28805 Alcala de Henares, Madrid, Spain","cesarmoralesdelmolino@gmail.com; cesar.morales@uah.es","","","",1,"false","journal article",20442,"https://doi.org/10.1016/j.quascirev.2022.107915",2023,"Temoltzin-Loranca, Y., E. Gobet, B. Vannière, J.F.N. van Leeuwen, G. Wienhues, S. Szidat, C. Courtney-Mustaphi, M. Kishe, M. Muschick, O. Seehausen, M. Grosjean, and W. Tinner. 2023. A chronologically reliable record of 17,000 years of biomass burning in the Lake Victoria area. Quaternary Science Reviews 301:107915. [DOI: https://doi.org/10.1016/j.quascirev.2022.107915]","A chronologically reliable record of 17,000 years of biomass burning in the Lake Victoria area","Quaternary Science Reviews",301,107915,2,15,"Temotzin-Loranca","Y.","20036,8777,9974,15224,20037,18278,20038,20039,20040,20041,20042,20043,10026,9224,20044,15357,9599","Temoltzin-Loranca, Y.|Gobet, E.|Vannière, B.|van Leeuwen, J.F.N.|Wienhues, G.|Courtney-Mustaphi, C.J.|Kishe, M.|Muschick, M.|King, L.|Misra, P.|Ngoepe, N.|Matthews, B.|Vogel, H.|Heiri, O.|Seehausen, O.|Grosjean, M.|Tinner, W.",15695,"18278,8777,15357,9224,20040,20038,20043,20041,20039,20042,20044,20036,9599,15224,9974,10026,20037","Morales-Molino, C.","Courtney-Mustaphi, C.J.|Gobet, E.|Grosjean, M.|Heiri, O.|King, L.|Kishe, M.|Matthews, B.|Misra, P.|Muschick, M.|Ngoepe, N.|Seehausen, O.|Temoltzin-Loranca, Y.|Tinner, W.|van Leeuwen, J.F.N.|Vannière, B.|Vogel, H.|Wienhues, G.","Pollen","LV4 pollen",1,"Temoltzin-Loranca et al. (2023)","Calendar years BP","True",NA,"rbacon",16700,-50,NA,"Temotzin-Loranca, Y.",15,20036,"Temoltzin-Loranca, Y.",NA,NA,NA,NA,"Radiocarbon"
552,1,1,11159,1,4,9666,376,0,0,0,0,0,0,0,0,0,0,1,1,2,1,0,2,0,0,0,0,14,0,0,0,1,0,0,0,0,0,5,0,0,0,0,0,0,0,4,0,1,0,0,0,0,36,0,0,0,0,0,0,0,0,0,0,0,0,0,0,0,4,0,0,0,1,2,0,0,0,0,0,0,0,0,10,0,0,1,48,0,0,0,4,1,0,0,26,0,0,0,0,0,0,1,0,210,3,13,0,0,0,0,0,0,1,0,0,0,0,0,0,0,1,0,0,0,1,0,0,0,0,6,0,0,1,0,0,"ml","number","spores/tablet","number","NISP","NISP","NISP","NISP","NISP","NISP","NISP","NISP","NISP","NISP","NISP","NISP","NISP","NISP","NISP","NISP","NISP","NISP","NISP","NISP","NISP","NISP","NISP","NISP","NISP","NISP","NISP","NISP","NISP","NISP","NISP","NISP","NISP","NISP","NISP","NISP","NISP","NISP","NISP","NISP","NISP","NISP","NISP","NISP","NISP","NISP","NISP","NISP","NISP","NISP","NISP","NISP","NISP","NISP","NISP","NISP","NISP","NISP","NISP","NISP","NISP","NISP","NISP","NISP","NISP","NISP","NISP","NISP","NISP","NISP","NISP","NISP","NISP","NISP","NISP","NISP","NISP","NISP","NISP","NISP","NISP","NISP","NISP","NISP","NISP","NISP","NISP","NISP","NISP","NISP","NISP","NISP","NISP","NISP","NISP","NISP","NISP","NISP","NISP","NISP","NISP","NISP","NISP","NISP","NISP","NISP","NISP","NISP","NISP","NISP","NISP","NISP","NISP","NISP","NISP","NISP","NISP","NISP","NISP","NISP","NISP","NISP","NISP","NISP","NISP","NISP","NISP","NISP","volume","quantity added","concentration","counted","pollen","pollen","pollen","pollen","pollen","pollen","pollen","pollen","pollen","pollen","pollen","pollen","pollen","pollen","pollen","pollen","pollen","spore","spore","pollen","pollen","pollen","pollen","pollen","pollen","pollen","spore","pollen","pollen","pollen","pollen","pollen","pollen","pollen","pollen","pollen","pollen","pollen","pollen","pollen","pollen","pollen","pollen","pollen","spore","pollen","spore","pollen","pollen","pollen","pollen","pollen","pollen","pollen","pollen","pollen","pollen","pollen","spore","pollen","pollen","pollen","pollen","pollen","pollen","pollen","pollen","pollen","pollen","pollen","pollen","spore","pollen","pollen","pollen","pollen","pollen","pollen","spore","pollen","pollen","pollen","pollen","pollen","pollen","pollen","pollen","pollen","spore","pollen","pollen","pollen","pollen","pollen","pollen","pollen","pollen","pollen","pollen/spore","pollen","pollen","pollen","spore","spore","pollen","pollen","pollen","pollen","pollen","pollen","spore","pollen","pollen","pollen","pollen","pollen","pollen","pollen","pollen","spore","pollen","pollen","pollen","pollen","pollen","pollen","pollen","pollen","Lake Victoria (Shirati Bay) LV4",33.7961333333333,33.7961333333333,-1.04943333333333,-1.04943333333333,1135,6880000,"Tanzania",NA,NA,NA,NA,68,33135,"LVC18_S4","Lake Victoria LV4","Core","UWITEC piston corer","2018-10-01",NA,"Natural Lake",63,"30 km away from the shore in the Shirati Bay",NA,NA,NA,NA,NA,NA,NA,"2,10,12,3,16",44877,"8777,15357,20039,20044,9599","Gobet, E.|Grosjean, M.|Muschick, M.|Seehausen, O.|Tinner, W.",11,"Depth",15,"Carbon-14","Radiocarbon years BP",420,4,"BE-16256",8340,110,110,1,110,"False","Charcoal","","Temotzin-Loranca et al. 2023",2,20036,"Temoltzin-Loranca, Y.",8450,8230,9,15695,15695,"Morales-Molino, César","Morales-Molino, C.","Morales-Molino","César","C.","","active","Departamento de Ciencias de la Vida
Facultad de Ciencias
Universidad de Alcala
28805 Alcala de Henares, Madrid, Spain","cesarmoralesdelmolino@gmail.com; cesar.morales@uah.es","","","",1,"false","journal article",20442,"https://doi.org/10.1016/j.quascirev.2022.107915",2023,"Temoltzin-Loranca, Y., E. Gobet, B. Vannière, J.F.N. van Leeuwen, G. Wienhues, S. Szidat, C. Courtney-Mustaphi, M. Kishe, M. Muschick, O. Seehausen, M. Grosjean, and W. Tinner. 2023. A chronologically reliable record of 17,000 years of biomass burning in the Lake Victoria area. Quaternary Science Reviews 301:107915. [DOI: https://doi.org/10.1016/j.quascirev.2022.107915]","A chronologically reliable record of 17,000 years of biomass burning in the Lake Victoria area","Quaternary Science Reviews",301,107915,2,15,"Temotzin-Loranca","Y.","20036,8777,9974,15224,20037,18278,20038,20039,20040,20041,20042,20043,10026,9224,20044,15357,9599","Temoltzin-Loranca, Y.|Gobet, E.|Vannière, B.|van Leeuwen, J.F.N.|Wienhues, G.|Courtney-Mustaphi, C.J.|Kishe, M.|Muschick, M.|King, L.|Misra, P.|Ngoepe, N.|Matthews, B.|Vogel, H.|Heiri, O.|Seehausen, O.|Grosjean, M.|Tinner, W.",15695,"18278,8777,15357,9224,20040,20038,20043,20041,20039,20042,20044,20036,9599,15224,9974,10026,20037","Morales-Molino, C.","Courtney-Mustaphi, C.J.|Gobet, E.|Grosjean, M.|Heiri, O.|King, L.|Kishe, M.|Matthews, B.|Misra, P.|Muschick, M.|Ngoepe, N.|Seehausen, O.|Temoltzin-Loranca, Y.|Tinner, W.|van Leeuwen, J.F.N.|Vannière, B.|Vogel, H.|Wienhues, G.","Pollen","LV4 pollen",1,"Temoltzin-Loranca et al. (2023)","Calendar years BP","True",NA,"rbacon",16700,-50,NA,"Temotzin-Loranca, Y.",15,20036,"Temoltzin-Loranca, Y.",NA,NA,NA,NA,"Radiocarbon"
554,1,1,11197,1,4,9666,371,0,0,0,0,0,0,1,0,0,0,0,1,0,0,0,1,0,0,0,2,9,0,0,0,1,0,0,0,0,0,8,0,0,0,0,0,0,0,6,0,0,2,0,1,0,53,0,1,0,0,0,0,0,1,0,0,0,0,0,0,0,1,0,0,1,1,5,0,0,1,0,0,0,0,0,2,0,0,4,23,1,0,1,2,1,0,0,20,0,0,1,0,0,0,1,0,202,15,10,0,1,0,1,2,0,1,0,0,0,0,0,0,0,1,0,0,0,0,0,0,0,0,7,0,0,0,0,0,"ml","number","spores/tablet","number","NISP","NISP","NISP","NISP","NISP","NISP","NISP","NISP","NISP","NISP","NISP","NISP","NISP","NISP","NISP","NISP","NISP","NISP","NISP","NISP","NISP","NISP","NISP","NISP","NISP","NISP","NISP","NISP","NISP","NISP","NISP","NISP","NISP","NISP","NISP","NISP","NISP","NISP","NISP","NISP","NISP","NISP","NISP","NISP","NISP","NISP","NISP","NISP","NISP","NISP","NISP","NISP","NISP","NISP","NISP","NISP","NISP","NISP","NISP","NISP","NISP","NISP","NISP","NISP","NISP","NISP","NISP","NISP","NISP","NISP","NISP","NISP","NISP","NISP","NISP","NISP","NISP","NISP","NISP","NISP","NISP","NISP","NISP","NISP","NISP","NISP","NISP","NISP","NISP","NISP","NISP","NISP","NISP","NISP","NISP","NISP","NISP","NISP","NISP","NISP","NISP","NISP","NISP","NISP","NISP","NISP","NISP","NISP","NISP","NISP","NISP","NISP","NISP","NISP","NISP","NISP","NISP","NISP","NISP","NISP","NISP","NISP","NISP","NISP","NISP","NISP","NISP","NISP","volume","quantity added","concentration","counted","pollen","pollen","pollen","pollen","pollen","pollen","pollen","pollen","pollen","pollen","pollen","pollen","pollen","pollen","pollen","pollen","pollen","spore","spore","pollen","pollen","pollen","pollen","pollen","pollen","pollen","spore","pollen","pollen","pollen","pollen","pollen","pollen","pollen","pollen","pollen","pollen","pollen","pollen","pollen","pollen","pollen","pollen","pollen","spore","pollen","spore","pollen","pollen","pollen","pollen","pollen","pollen","pollen","pollen","pollen","pollen","pollen","spore","pollen","pollen","pollen","pollen","pollen","pollen","pollen","pollen","pollen","pollen","pollen","pollen","spore","pollen","pollen","pollen","pollen","pollen","pollen","spore","pollen","pollen","pollen","pollen","pollen","pollen","pollen","pollen","pollen","spore","pollen","pollen","pollen","pollen","pollen","pollen","pollen","pollen","pollen","pollen/spore","pollen","pollen","pollen","spore","spore","pollen","pollen","pollen","pollen","pollen","pollen","spore","pollen","pollen","pollen","pollen","pollen","pollen","pollen","pollen","spore","pollen","pollen","pollen","pollen","pollen","pollen","pollen","pollen","Lake Victoria (Shirati Bay) LV4",33.7961333333333,33.7961333333333,-1.04943333333333,-1.04943333333333,1135,6880000,"Tanzania",NA,NA,NA,NA,68,33135,"LVC18_S4","Lake Victoria LV4","Core","UWITEC piston corer","2018-10-01",NA,"Natural Lake",63,"30 km away from the shore in the Shirati Bay",NA,NA,NA,NA,NA,NA,NA,"2,10,12,3,16",44877,"8777,15357,20039,20044,9599","Gobet, E.|Grosjean, M.|Muschick, M.|Seehausen, O.|Tinner, W.",12,"Depth",15,"Carbon-14","Radiocarbon years BP",421,2,"BE-16264",8510,30,30,1,30,"False","Pollen concentrate","Corrected to 7940 +/- 410 radiocarbon yr BP","Temotzin-Loranca et al. 2023",2,20036,"Temoltzin-Loranca, Y.",8540,8480,9,15695,15695,"Morales-Molino, César","Morales-Molino, C.","Morales-Molino","César","C.","","active","Departamento de Ciencias de la Vida
Facultad de Ciencias
Universidad de Alcala
28805 Alcala de Henares, Madrid, Spain","cesarmoralesdelmolino@gmail.com; cesar.morales@uah.es","","","",1,"false","journal article",20442,"https://doi.org/10.1016/j.quascirev.2022.107915",2023,"Temoltzin-Loranca, Y., E. Gobet, B. Vannière, J.F.N. van Leeuwen, G. Wienhues, S. Szidat, C. Courtney-Mustaphi, M. Kishe, M. Muschick, O. Seehausen, M. Grosjean, and W. Tinner. 2023. A chronologically reliable record of 17,000 years of biomass burning in the Lake Victoria area. Quaternary Science Reviews 301:107915. [DOI: https://doi.org/10.1016/j.quascirev.2022.107915]","A chronologically reliable record of 17,000 years of biomass burning in the Lake Victoria area","Quaternary Science Reviews",301,107915,2,15,"Temotzin-Loranca","Y.","20036,8777,9974,15224,20037,18278,20038,20039,20040,20041,20042,20043,10026,9224,20044,15357,9599","Temoltzin-Loranca, Y.|Gobet, E.|Vannière, B.|van Leeuwen, J.F.N.|Wienhues, G.|Courtney-Mustaphi, C.J.|Kishe, M.|Muschick, M.|King, L.|Misra, P.|Ngoepe, N.|Matthews, B.|Vogel, H.|Heiri, O.|Seehausen, O.|Grosjean, M.|Tinner, W.",15695,"18278,8777,15357,9224,20040,20038,20043,20041,20039,20042,20044,20036,9599,15224,9974,10026,20037","Morales-Molino, C.","Courtney-Mustaphi, C.J.|Gobet, E.|Grosjean, M.|Heiri, O.|King, L.|Kishe, M.|Matthews, B.|Misra, P.|Muschick, M.|Ngoepe, N.|Seehausen, O.|Temoltzin-Loranca, Y.|Tinner, W.|van Leeuwen, J.F.N.|Vannière, B.|Vogel, H.|Wienhues, G.","Pollen","LV4 pollen",1,"Temoltzin-Loranca et al. (2023)","Calendar years BP","True",NA,"rbacon",16700,-50,NA,"Temotzin-Loranca, Y.",15,20036,"Temoltzin-Loranca, Y.",NA,NA,NA,NA,"Radiocarbon"
556,1,1,11232,1,4,9666,388,0,0,0,0,0,0,2,0,0,0,0,1,0,0,0,3,0,0,0,0,6,0,0,0,1,0,0,0,0,0,15,0,0,0,0,0,0,0,4,0,0,0,0,0,0,53,0,1,0,0,0,1,0,1,0,1,0,0,0,0,0,0,0,0,1,1,5,0,0,1,2,0,0,0,0,2,0,0,4,19,1,0,1,2,1,0,0,26,0,0,1,0,0,0,1,0,219,12,8,0,1,0,1,2,0,1,0,0,0,0,0,0,0,1,0,0,0,0,0,0,0,0,8,0,0,0,0,0,"ml","number","spores/tablet","number","NISP","NISP","NISP","NISP","NISP","NISP","NISP","NISP","NISP","NISP","NISP","NISP","NISP","NISP","NISP","NISP","NISP","NISP","NISP","NISP","NISP","NISP","NISP","NISP","NISP","NISP","NISP","NISP","NISP","NISP","NISP","NISP","NISP","NISP","NISP","NISP","NISP","NISP","NISP","NISP","NISP","NISP","NISP","NISP","NISP","NISP","NISP","NISP","NISP","NISP","NISP","NISP","NISP","NISP","NISP","NISP","NISP","NISP","NISP","NISP","NISP","NISP","NISP","NISP","NISP","NISP","NISP","NISP","NISP","NISP","NISP","NISP","NISP","NISP","NISP","NISP","NISP","NISP","NISP","NISP","NISP","NISP","NISP","NISP","NISP","NISP","NISP","NISP","NISP","NISP","NISP","NISP","NISP","NISP","NISP","NISP","NISP","NISP","NISP","NISP","NISP","NISP","NISP","NISP","NISP","NISP","NISP","NISP","NISP","NISP","NISP","NISP","NISP","NISP","NISP","NISP","NISP","NISP","NISP","NISP","NISP","NISP","NISP","NISP","NISP","NISP","NISP","NISP","volume","quantity added","concentration","counted","pollen","pollen","pollen","pollen","pollen","pollen","pollen","pollen","pollen","pollen","pollen","pollen","pollen","pollen","pollen","pollen","pollen","spore","spore","pollen","pollen","pollen","pollen","pollen","pollen","pollen","spore","pollen","pollen","pollen","pollen","pollen","pollen","pollen","pollen","pollen","pollen","pollen","pollen","pollen","pollen","pollen","pollen","pollen","spore","pollen","spore","pollen","pollen","pollen","pollen","pollen","pollen","pollen","pollen","pollen","pollen","pollen","spore","pollen","pollen","pollen","pollen","pollen","pollen","pollen","pollen","pollen","pollen","pollen","pollen","spore","pollen","pollen","pollen","pollen","pollen","pollen","spore","pollen","pollen","pollen","pollen","pollen","pollen","pollen","pollen","pollen","spore","pollen","pollen","pollen","pollen","pollen","pollen","pollen","pollen","pollen","pollen/spore","pollen","pollen","pollen","spore","spore","pollen","pollen","pollen","pollen","pollen","pollen","spore","pollen","pollen","pollen","pollen","pollen","pollen","pollen","pollen","spore","pollen","pollen","pollen","pollen","pollen","pollen","pollen","pollen","Lake Victoria (Shirati Bay) LV4",33.7961333333333,33.7961333333333,-1.04943333333333,-1.04943333333333,1135,6880000,"Tanzania",NA,NA,NA,NA,68,33135,"LVC18_S4","Lake Victoria LV4","Core","UWITEC piston corer","2018-10-01",NA,"Natural Lake",63,"30 km away from the shore in the Shirati Bay",NA,NA,NA,NA,NA,NA,NA,"2,10,12,3,16",44877,"8777,15357,20039,20044,9599","Gobet, E.|Grosjean, M.|Muschick, M.|Seehausen, O.|Tinner, W.",12,"Depth",15,"Carbon-14","Radiocarbon years BP",421,2,"BE-16264",8510,30,30,1,30,"False","Pollen concentrate","Corrected to 7940 +/- 410 radiocarbon yr BP","Temotzin-Loranca et al. 2023",2,20036,"Temoltzin-Loranca, Y.",8540,8480,9,15695,15695,"Morales-Molino, César","Morales-Molino, C.","Morales-Molino","César","C.","","active","Departamento de Ciencias de la Vida
Facultad de Ciencias
Universidad de Alcala
28805 Alcala de Henares, Madrid, Spain","cesarmoralesdelmolino@gmail.com; cesar.morales@uah.es","","","",1,"false","journal article",20442,"https://doi.org/10.1016/j.quascirev.2022.107915",2023,"Temoltzin-Loranca, Y., E. Gobet, B. Vannière, J.F.N. van Leeuwen, G. Wienhues, S. Szidat, C. Courtney-Mustaphi, M. Kishe, M. Muschick, O. Seehausen, M. Grosjean, and W. Tinner. 2023. A chronologically reliable record of 17,000 years of biomass burning in the Lake Victoria area. Quaternary Science Reviews 301:107915. [DOI: https://doi.org/10.1016/j.quascirev.2022.107915]","A chronologically reliable record of 17,000 years of biomass burning in the Lake Victoria area","Quaternary Science Reviews",301,107915,2,2,"Gobet","E.","20036,8777,9974,15224,20037,18278,20038,20039,20040,20041,20042,20043,10026,9224,20044,15357,9599","Temoltzin-Loranca, Y.|Gobet, E.|Vannière, B.|van Leeuwen, J.F.N.|Wienhues, G.|Courtney-Mustaphi, C.J.|Kishe, M.|Muschick, M.|King, L.|Misra, P.|Ngoepe, N.|Matthews, B.|Vogel, H.|Heiri, O.|Seehausen, O.|Grosjean, M.|Tinner, W.",15695,"18278,8777,15357,9224,20040,20038,20043,20041,20039,20042,20044,20036,9599,15224,9974,10026,20037","Morales-Molino, C.","Courtney-Mustaphi, C.J.|Gobet, E.|Grosjean, M.|Heiri, O.|King, L.|Kishe, M.|Matthews, B.|Misra, P.|Muschick, M.|Ngoepe, N.|Seehausen, O.|Temoltzin-Loranca, Y.|Tinner, W.|van Leeuwen, J.F.N.|Vannière, B.|Vogel, H.|Wienhues, G.","Pollen","LV4 pollen",1,"Temoltzin-Loranca et al. (2023)","Calendar years BP","True",NA,"rbacon",16700,-50,NA,"Temotzin-Loranca, Y.",15,20036,"Temoltzin-Loranca, Y.",NA,NA,NA,NA,"Radiocarbon"
558,1,1,11270,1,4,9666,360,0,0,0,0,0,0,2,0,0,0,1,1,3,1,0,1,0,1,1,0,4,0,0,0,0,1,0,1,0,0,8,0,0,0,1,0,0,0,8,0,0,1,0,1,0,41,0,0,0,0,0,1,0,0,0,0,1,0,0,0,0,0,0,0,1,2,2,1,0,0,0,0,0,0,0,6,0,0,2,16,0,0,1,2,1,0,0,24,1,0,0,0,0,0,2,0,207,11,8,0,1,0,3,0,0,0,0,1,1,0,1,0,1,2,0,0,0,0,0,0,2,1,5,0,0,0,0,0,"ml","number","spores/tablet","number","NISP","NISP","NISP","NISP","NISP","NISP","NISP","NISP","NISP","NISP","NISP","NISP","NISP","NISP","NISP","NISP","NISP","NISP","NISP","NISP","NISP","NISP","NISP","NISP","NISP","NISP","NISP","NISP","NISP","NISP","NISP","NISP","NISP","NISP","NISP","NISP","NISP","NISP","NISP","NISP","NISP","NISP","NISP","NISP","NISP","NISP","NISP","NISP","NISP","NISP","NISP","NISP","NISP","NISP","NISP","NISP","NISP","NISP","NISP","NISP","NISP","NISP","NISP","NISP","NISP","NISP","NISP","NISP","NISP","NISP","NISP","NISP","NISP","NISP","NISP","NISP","NISP","NISP","NISP","NISP","NISP","NISP","NISP","NISP","NISP","NISP","NISP","NISP","NISP","NISP","NISP","NISP","NISP","NISP","NISP","NISP","NISP","NISP","NISP","NISP","NISP","NISP","NISP","NISP","NISP","NISP","NISP","NISP","NISP","NISP","NISP","NISP","NISP","NISP","NISP","NISP","NISP","NISP","NISP","NISP","NISP","NISP","NISP","NISP","NISP","NISP","NISP","NISP","volume","quantity added","concentration","counted","pollen","pollen","pollen","pollen","pollen","pollen","pollen","pollen","pollen","pollen","pollen","pollen","pollen","pollen","pollen","pollen","pollen","spore","spore","pollen","pollen","pollen","pollen","pollen","pollen","pollen","spore","pollen","pollen","pollen","pollen","pollen","pollen","pollen","pollen","pollen","pollen","pollen","pollen","pollen","pollen","pollen","pollen","pollen","spore","pollen","spore","pollen","pollen","pollen","pollen","pollen","pollen","pollen","pollen","pollen","pollen","pollen","spore","pollen","pollen","pollen","pollen","pollen","pollen","pollen","pollen","pollen","pollen","pollen","pollen","spore","pollen","pollen","pollen","pollen","pollen","pollen","spore","pollen","pollen","pollen","pollen","pollen","pollen","pollen","pollen","pollen","spore","pollen","pollen","pollen","pollen","pollen","pollen","pollen","pollen","pollen","pollen/spore","pollen","pollen","pollen","spore","spore","pollen","pollen","pollen","pollen","pollen","pollen","spore","pollen","pollen","pollen","pollen","pollen","pollen","pollen","pollen","spore","pollen","pollen","pollen","pollen","pollen","pollen","pollen","pollen","Lake Victoria (Shirati Bay) LV4",33.7961333333333,33.7961333333333,-1.04943333333333,-1.04943333333333,1135,6880000,"Tanzania",NA,NA,NA,NA,68,33135,"LVC18_S4","Lake Victoria LV4","Core","UWITEC piston corer","2018-10-01",NA,"Natural Lake",63,"30 km away from the shore in the Shirati Bay",NA,NA,NA,NA,NA,NA,NA,"2,10,12,3,16",44877,"8777,15357,20039,20044,9599","Gobet, E.|Grosjean, M.|Muschick, M.|Seehausen, O.|Tinner, W.",12,"Depth",15,"Carbon-14","Radiocarbon years BP",421,2,"BE-16264",8510,30,30,1,30,"False","Pollen concentrate","Corrected to 7940 +/- 410 radiocarbon yr BP","Temotzin-Loranca et al. 2023",2,20036,"Temoltzin-Loranca, Y.",8540,8480,9,15695,15695,"Morales-Molino, César","Morales-Molino, C.","Morales-Molino","César","C.","","active","Departamento de Ciencias de la Vida
Facultad de Ciencias
Universidad de Alcala
28805 Alcala de Henares, Madrid, Spain","cesarmoralesdelmolino@gmail.com; cesar.morales@uah.es","","","",1,"false","journal article",20442,"https://doi.org/10.1016/j.quascirev.2022.107915",2023,"Temoltzin-Loranca, Y., E. Gobet, B. Vannière, J.F.N. van Leeuwen, G. Wienhues, S. Szidat, C. Courtney-Mustaphi, M. Kishe, M. Muschick, O. Seehausen, M. Grosjean, and W. Tinner. 2023. A chronologically reliable record of 17,000 years of biomass burning in the Lake Victoria area. Quaternary Science Reviews 301:107915. [DOI: https://doi.org/10.1016/j.quascirev.2022.107915]","A chronologically reliable record of 17,000 years of biomass burning in the Lake Victoria area","Quaternary Science Reviews",301,107915,2,2,"Gobet","E.","20036,8777,9974,15224,20037,18278,20038,20039,20040,20041,20042,20043,10026,9224,20044,15357,9599","Temoltzin-Loranca, Y.|Gobet, E.|Vannière, B.|van Leeuwen, J.F.N.|Wienhues, G.|Courtney-Mustaphi, C.J.|Kishe, M.|Muschick, M.|King, L.|Misra, P.|Ngoepe, N.|Matthews, B.|Vogel, H.|Heiri, O.|Seehausen, O.|Grosjean, M.|Tinner, W.",15695,"18278,8777,15357,9224,20040,20038,20043,20041,20039,20042,20044,20036,9599,15224,9974,10026,20037","Morales-Molino, C.","Courtney-Mustaphi, C.J.|Gobet, E.|Grosjean, M.|Heiri, O.|King, L.|Kishe, M.|Matthews, B.|Misra, P.|Muschick, M.|Ngoepe, N.|Seehausen, O.|Temoltzin-Loranca, Y.|Tinner, W.|van Leeuwen, J.F.N.|Vannière, B.|Vogel, H.|Wienhues, G.","Pollen","LV4 pollen",1,"Temoltzin-Loranca et al. (2023)","Calendar years BP","True",NA,"rbacon",16700,-50,NA,"Temotzin-Loranca, Y.",15,20036,"Temoltzin-Loranca, Y.",NA,NA,NA,NA,"Radiocarbon"
560,1,1,11304,1,4,9666,341,0,0,0,1,0,0,0,0,0,0,3,0,1,0,0,6,0,2,0,0,3,0,0,0,2,0,0,0,0,0,10,0,0,1,0,0,0,0,9,0,0,0,1,0,0,50,0,0,0,0,0,0,0,0,0,0,0,0,0,0,0,0,0,0,0,3,1,0,0,0,1,0,0,0,0,5,0,0,1,19,0,0,1,1,1,0,0,22,0,0,1,0,0,0,1,0,224,10,7,0,0,0,2,0,1,0,0,0,1,0,0,0,0,1,0,0,0,0,0,0,1,0,4,0,0,2,1,0,"ml","number","spores/tablet","number","NISP","NISP","NISP","NISP","NISP","NISP","NISP","NISP","NISP","NISP","NISP","NISP","NISP","NISP","NISP","NISP","NISP","NISP","NISP","NISP","NISP","NISP","NISP","NISP","NISP","NISP","NISP","NISP","NISP","NISP","NISP","NISP","NISP","NISP","NISP","NISP","NISP","NISP","NISP","NISP","NISP","NISP","NISP","NISP","NISP","NISP","NISP","NISP","NISP","NISP","NISP","NISP","NISP","NISP","NISP","NISP","NISP","NISP","NISP","NISP","NISP","NISP","NISP","NISP","NISP","NISP","NISP","NISP","NISP","NISP","NISP","NISP","NISP","NISP","NISP","NISP","NISP","NISP","NISP","NISP","NISP","NISP","NISP","NISP","NISP","NISP","NISP","NISP","NISP","NISP","NISP","NISP","NISP","NISP","NISP","NISP","NISP","NISP","NISP","NISP","NISP","NISP","NISP","NISP","NISP","NISP","NISP","NISP","NISP","NISP","NISP","NISP","NISP","NISP","NISP","NISP","NISP","NISP","NISP","NISP","NISP","NISP","NISP","NISP","NISP","NISP","NISP","NISP","volume","quantity added","concentration","counted","pollen","pollen","pollen","pollen","pollen","pollen","pollen","pollen","pollen","pollen","pollen","pollen","pollen","pollen","pollen","pollen","pollen","spore","spore","pollen","pollen","pollen","pollen","pollen","pollen","pollen","spore","pollen","pollen","pollen","pollen","pollen","pollen","pollen","pollen","pollen","pollen","pollen","pollen","pollen","pollen","pollen","pollen","pollen","spore","pollen","spore","pollen","pollen","pollen","pollen","pollen","pollen","pollen","pollen","pollen","pollen","pollen","spore","pollen","pollen","pollen","pollen","pollen","pollen","pollen","pollen","pollen","pollen","pollen","pollen","spore","pollen","pollen","pollen","pollen","pollen","pollen","spore","pollen","pollen","pollen","pollen","pollen","pollen","pollen","pollen","pollen","spore","pollen","pollen","pollen","pollen","pollen","pollen","pollen","pollen","pollen","pollen/spore","pollen","pollen","pollen","spore","spore","pollen","pollen","pollen","pollen","pollen","pollen","spore","pollen","pollen","pollen","pollen","pollen","pollen","pollen","pollen","spore","pollen","pollen","pollen","pollen","pollen","pollen","pollen","pollen","Lake Victoria (Shirati Bay) LV4",33.7961333333333,33.7961333333333,-1.04943333333333,-1.04943333333333,1135,6880000,"Tanzania",NA,NA,NA,NA,68,33135,"LVC18_S4","Lake Victoria LV4","Core","UWITEC piston corer","2018-10-01",NA,"Natural Lake",63,"30 km away from the shore in the Shirati Bay",NA,NA,NA,NA,NA,NA,NA,"2,10,12,3,16",44877,"8777,15357,20039,20044,9599","Gobet, E.|Grosjean, M.|Muschick, M.|Seehausen, O.|Tinner, W.",12,"Depth",15,"Carbon-14","Radiocarbon years BP",421,2,"BE-16264",8510,30,30,1,30,"False","Pollen concentrate","Corrected to 7940 +/- 410 radiocarbon yr BP","Temotzin-Loranca et al. 2023",2,20036,"Temoltzin-Loranca, Y.",8540,8480,9,15695,15695,"Morales-Molino, César","Morales-Molino, C.","Morales-Molino","César","C.","","active","Departamento de Ciencias de la Vida
Facultad de Ciencias
Universidad de Alcala
28805 Alcala de Henares, Madrid, Spain","cesarmoralesdelmolino@gmail.com; cesar.morales@uah.es","","","",1,"false","journal article",20442,"https://doi.org/10.1016/j.quascirev.2022.107915",2023,"Temoltzin-Loranca, Y., E. Gobet, B. Vannière, J.F.N. van Leeuwen, G. Wienhues, S. Szidat, C. Courtney-Mustaphi, M. Kishe, M. Muschick, O. Seehausen, M. Grosjean, and W. Tinner. 2023. A chronologically reliable record of 17,000 years of biomass burning in the Lake Victoria area. Quaternary Science Reviews 301:107915. [DOI: https://doi.org/10.1016/j.quascirev.2022.107915]","A chronologically reliable record of 17,000 years of biomass burning in the Lake Victoria area","Quaternary Science Reviews",301,107915,2,2,"Gobet","E.","20036,8777,9974,15224,20037,18278,20038,20039,20040,20041,20042,20043,10026,9224,20044,15357,9599","Temoltzin-Loranca, Y.|Gobet, E.|Vannière, B.|van Leeuwen, J.F.N.|Wienhues, G.|Courtney-Mustaphi, C.J.|Kishe, M.|Muschick, M.|King, L.|Misra, P.|Ngoepe, N.|Matthews, B.|Vogel, H.|Heiri, O.|Seehausen, O.|Grosjean, M.|Tinner, W.",15695,"18278,8777,15357,9224,20040,20038,20043,20041,20039,20042,20044,20036,9599,15224,9974,10026,20037","Morales-Molino, C.","Courtney-Mustaphi, C.J.|Gobet, E.|Grosjean, M.|Heiri, O.|King, L.|Kishe, M.|Matthews, B.|Misra, P.|Muschick, M.|Ngoepe, N.|Seehausen, O.|Temoltzin-Loranca, Y.|Tinner, W.|van Leeuwen, J.F.N.|Vannière, B.|Vogel, H.|Wienhues, G.","Pollen","LV4 pollen",1,"Temoltzin-Loranca et al. (2023)","Calendar years BP","True",NA,"rbacon",16700,-50,NA,"Temotzin-Loranca, Y.",15,20036,"Temoltzin-Loranca, Y.",NA,NA,NA,NA,"Radiocarbon"
562,1,1,11361,1,4,9666,346,0,0,0,2,0,1,0,0,0,0,1,4,4,1,0,4,0,0,0,1,5,0,0,0,1,0,0,0,1,0,9,0,0,2,0,0,0,0,6,0,0,1,1,0,0,54,0,0,0,0,0,1,0,0,2,1,1,0,0,0,0,1,0,0,0,1,0,0,0,1,1,0,0,0,0,9,0,0,2,24,0,0,1,2,1,0,0,34,0,0,0,0,0,0,1,1,185,10,17,0,0,0,2,2,1,0,0,1,0,0,0,0,1,2,0,0,0,0,0,0,0,0,6,0,0,1,0,0,"ml","number","spores/tablet","number","NISP","NISP","NISP","NISP","NISP","NISP","NISP","NISP","NISP","NISP","NISP","NISP","NISP","NISP","NISP","NISP","NISP","NISP","NISP","NISP","NISP","NISP","NISP","NISP","NISP","NISP","NISP","NISP","NISP","NISP","NISP","NISP","NISP","NISP","NISP","NISP","NISP","NISP","NISP","NISP","NISP","NISP","NISP","NISP","NISP","NISP","NISP","NISP","NISP","NISP","NISP","NISP","NISP","NISP","NISP","NISP","NISP","NISP","NISP","NISP","NISP","NISP","NISP","NISP","NISP","NISP","NISP","NISP","NISP","NISP","NISP","NISP","NISP","NISP","NISP","NISP","NISP","NISP","NISP","NISP","NISP","NISP","NISP","NISP","NISP","NISP","NISP","NISP","NISP","NISP","NISP","NISP","NISP","NISP","NISP","NISP","NISP","NISP","NISP","NISP","NISP","NISP","NISP","NISP","NISP","NISP","NISP","NISP","NISP","NISP","NISP","NISP","NISP","NISP","NISP","NISP","NISP","NISP","NISP","NISP","NISP","NISP","NISP","NISP","NISP","NISP","NISP","NISP","volume","quantity added","concentration","counted","pollen","pollen","pollen","pollen","pollen","pollen","pollen","pollen","pollen","pollen","pollen","pollen","pollen","pollen","pollen","pollen","pollen","spore","spore","pollen","pollen","pollen","pollen","pollen","pollen","pollen","spore","pollen","pollen","pollen","pollen","pollen","pollen","pollen","pollen","pollen","pollen","pollen","pollen","pollen","pollen","pollen","pollen","pollen","spore","pollen","spore","pollen","pollen","pollen","pollen","pollen","pollen","pollen","pollen","pollen","pollen","pollen","spore","pollen","pollen","pollen","pollen","pollen","pollen","pollen","pollen","pollen","pollen","pollen","pollen","spore","pollen","pollen","pollen","pollen","pollen","pollen","spore","pollen","pollen","pollen","pollen","pollen","pollen","pollen","pollen","pollen","spore","pollen","pollen","pollen","pollen","pollen","pollen","pollen","pollen","pollen","pollen/spore","pollen","pollen","pollen","spore","spore","pollen","pollen","pollen","pollen","pollen","pollen","spore","pollen","pollen","pollen","pollen","pollen","pollen","pollen","pollen","spore","pollen","pollen","pollen","pollen","pollen","pollen","pollen","pollen","Lake Victoria (Shirati Bay) LV4",33.7961333333333,33.7961333333333,-1.04943333333333,-1.04943333333333,1135,6880000,"Tanzania",NA,NA,NA,NA,68,33135,"LVC18_S4","Lake Victoria LV4","Core","UWITEC piston corer","2018-10-01",NA,"Natural Lake",63,"30 km away from the shore in the Shirati Bay",NA,NA,NA,NA,NA,NA,NA,"2,10,12,3,16",44877,"8777,15357,20039,20044,9599","Gobet, E.|Grosjean, M.|Muschick, M.|Seehausen, O.|Tinner, W.",12,"Depth",15,"Carbon-14","Radiocarbon years BP",421,2,"BE-16264",8510,30,30,1,30,"False","Pollen concentrate","Corrected to 7940 +/- 410 radiocarbon yr BP","Temotzin-Loranca et al. 2023",2,20036,"Temoltzin-Loranca, Y.",8540,8480,10,20039,20039,"Muschick, Moritz","Muschick, M.","Muschick","Moritz","M.","Dr.","active","Institute of Ecology and Evolution
University of Bern
Bern, Switzerland","","","","",1,"false","journal article",20442,"https://doi.org/10.1016/j.quascirev.2022.107915",2023,"Temoltzin-Loranca, Y., E. Gobet, B. Vannière, J.F.N. van Leeuwen, G. Wienhues, S. Szidat, C. Courtney-Mustaphi, M. Kishe, M. Muschick, O. Seehausen, M. Grosjean, and W. Tinner. 2023. A chronologically reliable record of 17,000 years of biomass burning in the Lake Victoria area. Quaternary Science Reviews 301:107915. [DOI: https://doi.org/10.1016/j.quascirev.2022.107915]","A chronologically reliable record of 17,000 years of biomass burning in the Lake Victoria area","Quaternary Science Reviews",301,107915,2,2,"Gobet","E.","20036,8777,9974,15224,20037,18278,20038,20039,20040,20041,20042,20043,10026,9224,20044,15357,9599","Temoltzin-Loranca, Y.|Gobet, E.|Vannière, B.|van Leeuwen, J.F.N.|Wienhues, G.|Courtney-Mustaphi, C.J.|Kishe, M.|Muschick, M.|King, L.|Misra, P.|Ngoepe, N.|Matthews, B.|Vogel, H.|Heiri, O.|Seehausen, O.|Grosjean, M.|Tinner, W.",15695,"18278,8777,15357,9224,20040,20038,20043,20041,20039,20042,20044,20036,9599,15224,9974,10026,20037","Morales-Molino, C.","Courtney-Mustaphi, C.J.|Gobet, E.|Grosjean, M.|Heiri, O.|King, L.|Kishe, M.|Matthews, B.|Misra, P.|Muschick, M.|Ngoepe, N.|Seehausen, O.|Temoltzin-Loranca, Y.|Tinner, W.|van Leeuwen, J.F.N.|Vannière, B.|Vogel, H.|Wienhues, G.","Pollen","LV4 pollen",1,"Temoltzin-Loranca et al. (2023)","Calendar years BP","True",NA,"rbacon",16700,-50,NA,"Temotzin-Loranca, Y.",15,20036,"Temoltzin-Loranca, Y.",NA,NA,NA,NA,"Radiocarbon"
563,1,1,11361,1,4,9666,311,0,0,0,1,1,0,0,0,2,0,1,2,5,0,1,4,0,0,0,0,9,1,0,0,0,0,0,0,0,2,12,0,0,0,0,0,0,0,6,0,0,1,0,0,0,79,0,1,0,0,0,3,0,1,0,0,0,0,0,0,0,1,0,0,0,3,10,1,0,0,0,0,0,0,0,4,0,0,4,24,2,0,1,1,0,0,0,53,0,0,2,0,0,0,3,1,239,10,11,0,2,0,1,0,0,0,0,0,0,5,0,0,0,2,0,0,0,0,0,0,4,0,7,0,2,1,2,0,"ml","number","spores/tablet","number","NISP","NISP","NISP","NISP","NISP","NISP","NISP","NISP","NISP","NISP","NISP","NISP","NISP","NISP","NISP","NISP","NISP","NISP","NISP","NISP","NISP","NISP","NISP","NISP","NISP","NISP","NISP","NISP","NISP","NISP","NISP","NISP","NISP","NISP","NISP","NISP","NISP","NISP","NISP","NISP","NISP","NISP","NISP","NISP","NISP","NISP","NISP","NISP","NISP","NISP","NISP","NISP","NISP","NISP","NISP","NISP","NISP","NISP","NISP","NISP","NISP","NISP","NISP","NISP","NISP","NISP","NISP","NISP","NISP","NISP","NISP","NISP","NISP","NISP","NISP","NISP","NISP","NISP","NISP","NISP","NISP","NISP","NISP","NISP","NISP","NISP","NISP","NISP","NISP","NISP","NISP","NISP","NISP","NISP","NISP","NISP","NISP","NISP","NISP","NISP","NISP","NISP","NISP","NISP","NISP","NISP","NISP","NISP","NISP","NISP","NISP","NISP","NISP","NISP","NISP","NISP","NISP","NISP","NISP","NISP","NISP","NISP","NISP","NISP","NISP","NISP","NISP","NISP","volume","quantity added","concentration","counted","pollen","pollen","pollen","pollen","pollen","pollen","pollen","pollen","pollen","pollen","pollen","pollen","pollen","pollen","pollen","pollen","pollen","spore","spore","pollen","pollen","pollen","pollen","pollen","pollen","pollen","spore","pollen","pollen","pollen","pollen","pollen","pollen","pollen","pollen","pollen","pollen","pollen","pollen","pollen","pollen","pollen","pollen","pollen","spore","pollen","spore","pollen","pollen","pollen","pollen","pollen","pollen","pollen","pollen","pollen","pollen","pollen","spore","pollen","pollen","pollen","pollen","pollen","pollen","pollen","pollen","pollen","pollen","pollen","pollen","spore","pollen","pollen","pollen","pollen","pollen","pollen","spore","pollen","pollen","pollen","pollen","pollen","pollen","pollen","pollen","pollen","spore","pollen","pollen","pollen","pollen","pollen","pollen","pollen","pollen","pollen","pollen/spore","pollen","pollen","pollen","spore","spore","pollen","pollen","pollen","pollen","pollen","pollen","spore","pollen","pollen","pollen","pollen","pollen","pollen","pollen","pollen","spore","pollen","pollen","pollen","pollen","pollen","pollen","pollen","pollen","Lake Victoria (Shirati Bay) LV4",33.7961333333333,33.7961333333333,-1.04943333333333,-1.04943333333333,1135,6880000,"Tanzania",NA,NA,NA,NA,68,33135,"LVC18_S4","Lake Victoria LV4","Core","UWITEC piston corer","2018-10-01",NA,"Natural Lake",63,"30 km away from the shore in the Shirati Bay",NA,NA,NA,NA,NA,NA,NA,"2,10,12,3,16",44877,"8777,15357,20039,20044,9599","Gobet, E.|Grosjean, M.|Muschick, M.|Seehausen, O.|Tinner, W.",12,"Depth",15,"Carbon-14","Radiocarbon years BP",421,2,"BE-16264",8510,30,30,1,30,"False","Pollen concentrate","Corrected to 7940 +/- 410 radiocarbon yr BP","Temotzin-Loranca et al. 2023",2,20036,"Temoltzin-Loranca, Y.",8540,8480,10,20039,20039,"Muschick, Moritz","Muschick, M.","Muschick","Moritz","M.","Dr.","active","Institute of Ecology and Evolution
University of Bern
Bern, Switzerland","","","","",1,"false","journal article",20442,"https://doi.org/10.1016/j.quascirev.2022.107915",2023,"Temoltzin-Loranca, Y., E. Gobet, B. Vannière, J.F.N. van Leeuwen, G. Wienhues, S. Szidat, C. Courtney-Mustaphi, M. Kishe, M. Muschick, O. Seehausen, M. Grosjean, and W. Tinner. 2023. A chronologically reliable record of 17,000 years of biomass burning in the Lake Victoria area. Quaternary Science Reviews 301:107915. [DOI: https://doi.org/10.1016/j.quascirev.2022.107915]","A chronologically reliable record of 17,000 years of biomass burning in the Lake Victoria area","Quaternary Science Reviews",301,107915,2,2,"Gobet","E.","20036,8777,9974,15224,20037,18278,20038,20039,20040,20041,20042,20043,10026,9224,20044,15357,9599","Temoltzin-Loranca, Y.|Gobet, E.|Vannière, B.|van Leeuwen, J.F.N.|Wienhues, G.|Courtney-Mustaphi, C.J.|Kishe, M.|Muschick, M.|King, L.|Misra, P.|Ngoepe, N.|Matthews, B.|Vogel, H.|Heiri, O.|Seehausen, O.|Grosjean, M.|Tinner, W.",15695,"18278,8777,15357,9224,20040,20038,20043,20041,20039,20042,20044,20036,9599,15224,9974,10026,20037","Morales-Molino, C.","Courtney-Mustaphi, C.J.|Gobet, E.|Grosjean, M.|Heiri, O.|King, L.|Kishe, M.|Matthews, B.|Misra, P.|Muschick, M.|Ngoepe, N.|Seehausen, O.|Temoltzin-Loranca, Y.|Tinner, W.|van Leeuwen, J.F.N.|Vannière, B.|Vogel, H.|Wienhues, G.","Pollen","LV4 pollen",1,"Temoltzin-Loranca et al. (2023)","Calendar years BP","True",NA,"rbacon",16700,-50,NA,"Temotzin-Loranca, Y.",15,20036,"Temoltzin-Loranca, Y.",NA,NA,NA,NA,"Radiocarbon"
564,1,1,11423,1,4,9666,204,0,0,0,2,0,1,0,0,0,0,1,3,2,1,0,4,0,0,0,1,6,0,0,0,1,0,0,0,1,0,11,0,0,2,0,0,0,0,5,0,0,1,0,0,0,50,0,0,0,0,0,1,0,0,2,0,1,0,0,0,0,1,0,0,0,1,0,0,0,1,0,0,0,0,0,11,0,0,2,29,0,0,1,2,1,0,0,35,0,0,0,0,0,0,0,1,215,12,20,0,0,0,2,2,1,0,0,1,0,0,0,0,1,2,0,0,0,0,0,0,0,0,8,0,0,1,1,0,"ml","number","spores/tablet","number","NISP","NISP","NISP","NISP","NISP","NISP","NISP","NISP","NISP","NISP","NISP","NISP","NISP","NISP","NISP","NISP","NISP","NISP","NISP","NISP","NISP","NISP","NISP","NISP","NISP","NISP","NISP","NISP","NISP","NISP","NISP","NISP","NISP","NISP","NISP","NISP","NISP","NISP","NISP","NISP","NISP","NISP","NISP","NISP","NISP","NISP","NISP","NISP","NISP","NISP","NISP","NISP","NISP","NISP","NISP","NISP","NISP","NISP","NISP","NISP","NISP","NISP","NISP","NISP","NISP","NISP","NISP","NISP","NISP","NISP","NISP","NISP","NISP","NISP","NISP","NISP","NISP","NISP","NISP","NISP","NISP","NISP","NISP","NISP","NISP","NISP","NISP","NISP","NISP","NISP","NISP","NISP","NISP","NISP","NISP","NISP","NISP","NISP","NISP","NISP","NISP","NISP","NISP","NISP","NISP","NISP","NISP","NISP","NISP","NISP","NISP","NISP","NISP","NISP","NISP","NISP","NISP","NISP","NISP","NISP","NISP","NISP","NISP","NISP","NISP","NISP","NISP","NISP","volume","quantity added","concentration","counted","pollen","pollen","pollen","pollen","pollen","pollen","pollen","pollen","pollen","pollen","pollen","pollen","pollen","pollen","pollen","pollen","pollen","spore","spore","pollen","pollen","pollen","pollen","pollen","pollen","pollen","spore","pollen","pollen","pollen","pollen","pollen","pollen","pollen","pollen","pollen","pollen","pollen","pollen","pollen","pollen","pollen","pollen","pollen","spore","pollen","spore","pollen","pollen","pollen","pollen","pollen","pollen","pollen","pollen","pollen","pollen","pollen","spore","pollen","pollen","pollen","pollen","pollen","pollen","pollen","pollen","pollen","pollen","pollen","pollen","spore","pollen","pollen","pollen","pollen","pollen","pollen","spore","pollen","pollen","pollen","pollen","pollen","pollen","pollen","pollen","pollen","spore","pollen","pollen","pollen","pollen","pollen","pollen","pollen","pollen","pollen","pollen/spore","pollen","pollen","pollen","spore","spore","pollen","pollen","pollen","pollen","pollen","pollen","spore","pollen","pollen","pollen","pollen","pollen","pollen","pollen","pollen","spore","pollen","pollen","pollen","pollen","pollen","pollen","pollen","pollen","Lake Victoria (Shirati Bay) LV4",33.7961333333333,33.7961333333333,-1.04943333333333,-1.04943333333333,1135,6880000,"Tanzania",NA,NA,NA,NA,68,33135,"LVC18_S4","Lake Victoria LV4","Core","UWITEC piston corer","2018-10-01",NA,"Natural Lake",63,"30 km away from the shore in the Shirati Bay",NA,NA,NA,NA,NA,NA,NA,"2,10,12,3,16",44877,"8777,15357,20039,20044,9599","Gobet, E.|Grosjean, M.|Muschick, M.|Seehausen, O.|Tinner, W.",12,"Depth",15,"Carbon-14","Radiocarbon years BP",421,2,"BE-16264",8510,30,30,1,30,"False","Pollen concentrate","Corrected to 7940 +/- 410 radiocarbon yr BP","Temotzin-Loranca et al. 2023",2,20036,"Temoltzin-Loranca, Y.",8540,8480,10,20039,20039,"Muschick, Moritz","Muschick, M.","Muschick","Moritz","M.","Dr.","active","Institute of Ecology and Evolution
University of Bern
Bern, Switzerland","","","","",1,"false","journal article",20442,"https://doi.org/10.1016/j.quascirev.2022.107915",2023,"Temoltzin-Loranca, Y., E. Gobet, B. Vannière, J.F.N. van Leeuwen, G. Wienhues, S. Szidat, C. Courtney-Mustaphi, M. Kishe, M. Muschick, O. Seehausen, M. Grosjean, and W. Tinner. 2023. A chronologically reliable record of 17,000 years of biomass burning in the Lake Victoria area. Quaternary Science Reviews 301:107915. [DOI: https://doi.org/10.1016/j.quascirev.2022.107915]","A chronologically reliable record of 17,000 years of biomass burning in the Lake Victoria area","Quaternary Science Reviews",301,107915,2,2,"Gobet","E.","20036,8777,9974,15224,20037,18278,20038,20039,20040,20041,20042,20043,10026,9224,20044,15357,9599","Temoltzin-Loranca, Y.|Gobet, E.|Vannière, B.|van Leeuwen, J.F.N.|Wienhues, G.|Courtney-Mustaphi, C.J.|Kishe, M.|Muschick, M.|King, L.|Misra, P.|Ngoepe, N.|Matthews, B.|Vogel, H.|Heiri, O.|Seehausen, O.|Grosjean, M.|Tinner, W.",15695,"18278,8777,15357,9224,20040,20038,20043,20041,20039,20042,20044,20036,9599,15224,9974,10026,20037","Morales-Molino, C.","Courtney-Mustaphi, C.J.|Gobet, E.|Grosjean, M.|Heiri, O.|King, L.|Kishe, M.|Matthews, B.|Misra, P.|Muschick, M.|Ngoepe, N.|Seehausen, O.|Temoltzin-Loranca, Y.|Tinner, W.|van Leeuwen, J.F.N.|Vannière, B.|Vogel, H.|Wienhues, G.","Pollen","LV4 pollen",1,"Temoltzin-Loranca et al. (2023)","Calendar years BP","True",NA,"rbacon",16700,-50,NA,"Temotzin-Loranca, Y.",15,20036,"Temoltzin-Loranca, Y.",NA,NA,NA,NA,"Radiocarbon"
566,1,1,11480,1,4,9666,311,0,0,0,1,1,0,0,0,2,0,1,2,5,0,1,4,0,0,0,0,9,1,0,0,0,0,0,0,0,2,12,0,0,0,0,0,0,0,6,0,0,1,0,0,0,79,0,1,0,0,0,3,0,1,0,0,0,0,0,0,0,1,0,0,0,3,10,1,0,0,0,0,0,0,0,4,0,0,4,24,2,0,1,1,5,0,0,53,0,0,2,0,0,0,3,1,239,10,11,0,2,0,1,0,0,0,0,0,0,0,0,0,2,2,0,0,0,0,0,0,4,0,7,0,2,1,2,0,"ml","number","spores/tablet","number","NISP","NISP","NISP","NISP","NISP","NISP","NISP","NISP","NISP","NISP","NISP","NISP","NISP","NISP","NISP","NISP","NISP","NISP","NISP","NISP","NISP","NISP","NISP","NISP","NISP","NISP","NISP","NISP","NISP","NISP","NISP","NISP","NISP","NISP","NISP","NISP","NISP","NISP","NISP","NISP","NISP","NISP","NISP","NISP","NISP","NISP","NISP","NISP","NISP","NISP","NISP","NISP","NISP","NISP","NISP","NISP","NISP","NISP","NISP","NISP","NISP","NISP","NISP","NISP","NISP","NISP","NISP","NISP","NISP","NISP","NISP","NISP","NISP","NISP","NISP","NISP","NISP","NISP","NISP","NISP","NISP","NISP","NISP","NISP","NISP","NISP","NISP","NISP","NISP","NISP","NISP","NISP","NISP","NISP","NISP","NISP","NISP","NISP","NISP","NISP","NISP","NISP","NISP","NISP","NISP","NISP","NISP","NISP","NISP","NISP","NISP","NISP","NISP","NISP","NISP","NISP","NISP","NISP","NISP","NISP","NISP","NISP","NISP","NISP","NISP","NISP","NISP","NISP","volume","quantity added","concentration","counted","pollen","pollen","pollen","pollen","pollen","pollen","pollen","pollen","pollen","pollen","pollen","pollen","pollen","pollen","pollen","pollen","pollen","spore","spore","pollen","pollen","pollen","pollen","pollen","pollen","pollen","spore","pollen","pollen","pollen","pollen","pollen","pollen","pollen","pollen","pollen","pollen","pollen","pollen","pollen","pollen","pollen","pollen","pollen","spore","pollen","spore","pollen","pollen","pollen","pollen","pollen","pollen","pollen","pollen","pollen","pollen","pollen","spore","pollen","pollen","pollen","pollen","pollen","pollen","pollen","pollen","pollen","pollen","pollen","pollen","spore","pollen","pollen","pollen","pollen","pollen","pollen","spore","pollen","pollen","pollen","pollen","pollen","pollen","pollen","pollen","pollen","spore","pollen","pollen","pollen","pollen","pollen","pollen","pollen","pollen","pollen","pollen/spore","pollen","pollen","pollen","spore","spore","pollen","pollen","pollen","pollen","pollen","pollen","spore","pollen","pollen","pollen","pollen","pollen","pollen","pollen","pollen","spore","pollen","pollen","pollen","pollen","pollen","pollen","pollen","pollen","Lake Victoria (Shirati Bay) LV4",33.7961333333333,33.7961333333333,-1.04943333333333,-1.04943333333333,1135,6880000,"Tanzania",NA,NA,NA,NA,68,33135,"LVC18_S4","Lake Victoria LV4","Core","UWITEC piston corer","2018-10-01",NA,"Natural Lake",63,"30 km away from the shore in the Shirati Bay",NA,NA,NA,NA,NA,NA,NA,"2,10,12,3,16",44877,"8777,15357,20039,20044,9599","Gobet, E.|Grosjean, M.|Muschick, M.|Seehausen, O.|Tinner, W.",13,"Depth",15,"Carbon-14","Radiocarbon years BP",485,2,"BE-16257",9270,120,120,1,120,"False","Charcoal","","Temotzin-Loranca et al. 2023",2,20036,"Temoltzin-Loranca, Y.",9390,9150,10,20039,20039,"Muschick, Moritz","Muschick, M.","Muschick","Moritz","M.","Dr.","active","Institute of Ecology and Evolution
University of Bern
Bern, Switzerland","","","","",1,"false","journal article",20442,"https://doi.org/10.1016/j.quascirev.2022.107915",2023,"Temoltzin-Loranca, Y., E. Gobet, B. Vannière, J.F.N. van Leeuwen, G. Wienhues, S. Szidat, C. Courtney-Mustaphi, M. Kishe, M. Muschick, O. Seehausen, M. Grosjean, and W. Tinner. 2023. A chronologically reliable record of 17,000 years of biomass burning in the Lake Victoria area. Quaternary Science Reviews 301:107915. [DOI: https://doi.org/10.1016/j.quascirev.2022.107915]","A chronologically reliable record of 17,000 years of biomass burning in the Lake Victoria area","Quaternary Science Reviews",301,107915,2,18,"Vannière","B.","20036,8777,9974,15224,20037,18278,20038,20039,20040,20041,20042,20043,10026,9224,20044,15357,9599","Temoltzin-Loranca, Y.|Gobet, E.|Vannière, B.|van Leeuwen, J.F.N.|Wienhues, G.|Courtney-Mustaphi, C.J.|Kishe, M.|Muschick, M.|King, L.|Misra, P.|Ngoepe, N.|Matthews, B.|Vogel, H.|Heiri, O.|Seehausen, O.|Grosjean, M.|Tinner, W.",15695,"18278,8777,15357,9224,20040,20038,20043,20041,20039,20042,20044,20036,9599,15224,9974,10026,20037","Morales-Molino, C.","Courtney-Mustaphi, C.J.|Gobet, E.|Grosjean, M.|Heiri, O.|King, L.|Kishe, M.|Matthews, B.|Misra, P.|Muschick, M.|Ngoepe, N.|Seehausen, O.|Temoltzin-Loranca, Y.|Tinner, W.|van Leeuwen, J.F.N.|Vannière, B.|Vogel, H.|Wienhues, G.","Pollen","LV4 pollen",1,"Temoltzin-Loranca et al. (2023)","Calendar years BP","True",NA,"rbacon",16700,-50,NA,"Temotzin-Loranca, Y.",15,20036,"Temoltzin-Loranca, Y.",NA,NA,NA,NA,"Radiocarbon"
568,1,1,11538,1,4,9666,233,0,0,0,0,0,0,0,0,1,0,0,0,3,0,0,2,0,0,0,0,6,0,0,0,0,0,0,0,0,1,10,0,0,1,0,0,1,0,3,0,0,0,0,0,0,76,0,0,0,0,0,1,0,0,1,0,0,0,0,0,1,4,0,0,0,2,7,0,0,0,0,0,0,0,0,5,0,0,2,27,1,0,0,0,3,0,0,39,0,0,1,0,0,0,2,0,205,7,8,0,1,0,0,0,0,1,0,0,2,0,0,0,1,1,0,0,0,0,0,0,2,0,5,0,1,2,1,0,"ml","number","spores/tablet","number","NISP","NISP","NISP","NISP","NISP","NISP","NISP","NISP","NISP","NISP","NISP","NISP","NISP","NISP","NISP","NISP","NISP","NISP","NISP","NISP","NISP","NISP","NISP","NISP","NISP","NISP","NISP","NISP","NISP","NISP","NISP","NISP","NISP","NISP","NISP","NISP","NISP","NISP","NISP","NISP","NISP","NISP","NISP","NISP","NISP","NISP","NISP","NISP","NISP","NISP","NISP","NISP","NISP","NISP","NISP","NISP","NISP","NISP","NISP","NISP","NISP","NISP","NISP","NISP","NISP","NISP","NISP","NISP","NISP","NISP","NISP","NISP","NISP","NISP","NISP","NISP","NISP","NISP","NISP","NISP","NISP","NISP","NISP","NISP","NISP","NISP","NISP","NISP","NISP","NISP","NISP","NISP","NISP","NISP","NISP","NISP","NISP","NISP","NISP","NISP","NISP","NISP","NISP","NISP","NISP","NISP","NISP","NISP","NISP","NISP","NISP","NISP","NISP","NISP","NISP","NISP","NISP","NISP","NISP","NISP","NISP","NISP","NISP","NISP","NISP","NISP","NISP","NISP","volume","quantity added","concentration","counted","pollen","pollen","pollen","pollen","pollen","pollen","pollen","pollen","pollen","pollen","pollen","pollen","pollen","pollen","pollen","pollen","pollen","spore","spore","pollen","pollen","pollen","pollen","pollen","pollen","pollen","spore","pollen","pollen","pollen","pollen","pollen","pollen","pollen","pollen","pollen","pollen","pollen","pollen","pollen","pollen","pollen","pollen","pollen","spore","pollen","spore","pollen","pollen","pollen","pollen","pollen","pollen","pollen","pollen","pollen","pollen","pollen","spore","pollen","pollen","pollen","pollen","pollen","pollen","pollen","pollen","pollen","pollen","pollen","pollen","spore","pollen","pollen","pollen","pollen","pollen","pollen","spore","pollen","pollen","pollen","pollen","pollen","pollen","pollen","pollen","pollen","spore","pollen","pollen","pollen","pollen","pollen","pollen","pollen","pollen","pollen","pollen/spore","pollen","pollen","pollen","spore","spore","pollen","pollen","pollen","pollen","pollen","pollen","spore","pollen","pollen","pollen","pollen","pollen","pollen","pollen","pollen","spore","pollen","pollen","pollen","pollen","pollen","pollen","pollen","pollen","Lake Victoria (Shirati Bay) LV4",33.7961333333333,33.7961333333333,-1.04943333333333,-1.04943333333333,1135,6880000,"Tanzania",NA,NA,NA,NA,68,33135,"LVC18_S4","Lake Victoria LV4","Core","UWITEC piston corer","2018-10-01",NA,"Natural Lake",63,"30 km away from the shore in the Shirati Bay",NA,NA,NA,NA,NA,NA,NA,"2,10,12,3,16",44877,"8777,15357,20039,20044,9599","Gobet, E.|Grosjean, M.|Muschick, M.|Seehausen, O.|Tinner, W.",13,"Depth",15,"Carbon-14","Radiocarbon years BP",485,2,"BE-16257",9270,120,120,1,120,"False","Charcoal","","Temotzin-Loranca et al. 2023",2,20036,"Temoltzin-Loranca, Y.",9390,9150,10,20039,20039,"Muschick, Moritz","Muschick, M.","Muschick","Moritz","M.","Dr.","active","Institute of Ecology and Evolution
University of Bern
Bern, Switzerland","","","","",1,"false","journal article",20442,"https://doi.org/10.1016/j.quascirev.2022.107915",2023,"Temoltzin-Loranca, Y., E. Gobet, B. Vannière, J.F.N. van Leeuwen, G. Wienhues, S. Szidat, C. Courtney-Mustaphi, M. Kishe, M. Muschick, O. Seehausen, M. Grosjean, and W. Tinner. 2023. A chronologically reliable record of 17,000 years of biomass burning in the Lake Victoria area. Quaternary Science Reviews 301:107915. [DOI: https://doi.org/10.1016/j.quascirev.2022.107915]","A chronologically reliable record of 17,000 years of biomass burning in the Lake Victoria area","Quaternary Science Reviews",301,107915,2,18,"Vannière","B.","20036,8777,9974,15224,20037,18278,20038,20039,20040,20041,20042,20043,10026,9224,20044,15357,9599","Temoltzin-Loranca, Y.|Gobet, E.|Vannière, B.|van Leeuwen, J.F.N.|Wienhues, G.|Courtney-Mustaphi, C.J.|Kishe, M.|Muschick, M.|King, L.|Misra, P.|Ngoepe, N.|Matthews, B.|Vogel, H.|Heiri, O.|Seehausen, O.|Grosjean, M.|Tinner, W.",15695,"18278,8777,15357,9224,20040,20038,20043,20041,20039,20042,20044,20036,9599,15224,9974,10026,20037","Morales-Molino, C.","Courtney-Mustaphi, C.J.|Gobet, E.|Grosjean, M.|Heiri, O.|King, L.|Kishe, M.|Matthews, B.|Misra, P.|Muschick, M.|Ngoepe, N.|Seehausen, O.|Temoltzin-Loranca, Y.|Tinner, W.|van Leeuwen, J.F.N.|Vannière, B.|Vogel, H.|Wienhues, G.","Pollen","LV4 pollen",1,"Temoltzin-Loranca et al. (2023)","Calendar years BP","True",NA,"rbacon",16700,-50,NA,"Temotzin-Loranca, Y.",15,20036,"Temoltzin-Loranca, Y.",NA,NA,NA,NA,"Radiocarbon"
570,1,1,11597,1,4,9666,281,0,0,0,0,0,0,1,0,0,0,2,1,4,0,0,5,0,0,0,0,4,0,1,0,0,0,0,0,0,0,7,0,0,1,0,0,0,0,4,0,1,0,0,0,0,49,0,1,0,0,0,0,0,0,1,0,0,0,0,0,1,1,0,0,0,0,2,0,0,0,0,0,0,0,0,3,0,0,5,13,0,0,0,1,0,1,0,40,0,0,0,0,0,0,1,2,213,7,14,0,1,0,2,0,0,2,0,0,1,0,0,0,1,1,0,0,0,0,0,0,3,0,6,0,0,2,1,0,"ml","number","spores/tablet","number","NISP","NISP","NISP","NISP","NISP","NISP","NISP","NISP","NISP","NISP","NISP","NISP","NISP","NISP","NISP","NISP","NISP","NISP","NISP","NISP","NISP","NISP","NISP","NISP","NISP","NISP","NISP","NISP","NISP","NISP","NISP","NISP","NISP","NISP","NISP","NISP","NISP","NISP","NISP","NISP","NISP","NISP","NISP","NISP","NISP","NISP","NISP","NISP","NISP","NISP","NISP","NISP","NISP","NISP","NISP","NISP","NISP","NISP","NISP","NISP","NISP","NISP","NISP","NISP","NISP","NISP","NISP","NISP","NISP","NISP","NISP","NISP","NISP","NISP","NISP","NISP","NISP","NISP","NISP","NISP","NISP","NISP","NISP","NISP","NISP","NISP","NISP","NISP","NISP","NISP","NISP","NISP","NISP","NISP","NISP","NISP","NISP","NISP","NISP","NISP","NISP","NISP","NISP","NISP","NISP","NISP","NISP","NISP","NISP","NISP","NISP","NISP","NISP","NISP","NISP","NISP","NISP","NISP","NISP","NISP","NISP","NISP","NISP","NISP","NISP","NISP","NISP","NISP","volume","quantity added","concentration","counted","pollen","pollen","pollen","pollen","pollen","pollen","pollen","pollen","pollen","pollen","pollen","pollen","pollen","pollen","pollen","pollen","pollen","spore","spore","pollen","pollen","pollen","pollen","pollen","pollen","pollen","spore","pollen","pollen","pollen","pollen","pollen","pollen","pollen","pollen","pollen","pollen","pollen","pollen","pollen","pollen","pollen","pollen","pollen","spore","pollen","spore","pollen","pollen","pollen","pollen","pollen","pollen","pollen","pollen","pollen","pollen","pollen","spore","pollen","pollen","pollen","pollen","pollen","pollen","pollen","pollen","pollen","pollen","pollen","pollen","spore","pollen","pollen","pollen","pollen","pollen","pollen","spore","pollen","pollen","pollen","pollen","pollen","pollen","pollen","pollen","pollen","spore","pollen","pollen","pollen","pollen","pollen","pollen","pollen","pollen","pollen","pollen/spore","pollen","pollen","pollen","spore","spore","pollen","pollen","pollen","pollen","pollen","pollen","spore","pollen","pollen","pollen","pollen","pollen","pollen","pollen","pollen","spore","pollen","pollen","pollen","pollen","pollen","pollen","pollen","pollen","Lake Victoria (Shirati Bay) LV4",33.7961333333333,33.7961333333333,-1.04943333333333,-1.04943333333333,1135,6880000,"Tanzania",NA,NA,NA,NA,68,33135,"LVC18_S4","Lake Victoria LV4","Core","UWITEC piston corer","2018-10-01",NA,"Natural Lake",63,"30 km away from the shore in the Shirati Bay",NA,NA,NA,NA,NA,NA,NA,"2,10,12,3,16",44877,"8777,15357,20039,20044,9599","Gobet, E.|Grosjean, M.|Muschick, M.|Seehausen, O.|Tinner, W.",13,"Depth",15,"Carbon-14","Radiocarbon years BP",485,2,"BE-16257",9270,120,120,1,120,"False","Charcoal","","Temotzin-Loranca et al. 2023",2,20036,"Temoltzin-Loranca, Y.",9390,9150,10,20039,20039,"Muschick, Moritz","Muschick, M.","Muschick","Moritz","M.","Dr.","active","Institute of Ecology and Evolution
University of Bern
Bern, Switzerland","","","","",1,"false","journal article",20442,"https://doi.org/10.1016/j.quascirev.2022.107915",2023,"Temoltzin-Loranca, Y., E. Gobet, B. Vannière, J.F.N. van Leeuwen, G. Wienhues, S. Szidat, C. Courtney-Mustaphi, M. Kishe, M. Muschick, O. Seehausen, M. Grosjean, and W. Tinner. 2023. A chronologically reliable record of 17,000 years of biomass burning in the Lake Victoria area. Quaternary Science Reviews 301:107915. [DOI: https://doi.org/10.1016/j.quascirev.2022.107915]","A chronologically reliable record of 17,000 years of biomass burning in the Lake Victoria area","Quaternary Science Reviews",301,107915,2,18,"Vannière","B.","20036,8777,9974,15224,20037,18278,20038,20039,20040,20041,20042,20043,10026,9224,20044,15357,9599","Temoltzin-Loranca, Y.|Gobet, E.|Vannière, B.|van Leeuwen, J.F.N.|Wienhues, G.|Courtney-Mustaphi, C.J.|Kishe, M.|Muschick, M.|King, L.|Misra, P.|Ngoepe, N.|Matthews, B.|Vogel, H.|Heiri, O.|Seehausen, O.|Grosjean, M.|Tinner, W.",15695,"18278,8777,15357,9224,20040,20038,20043,20041,20039,20042,20044,20036,9599,15224,9974,10026,20037","Morales-Molino, C.","Courtney-Mustaphi, C.J.|Gobet, E.|Grosjean, M.|Heiri, O.|King, L.|Kishe, M.|Matthews, B.|Misra, P.|Muschick, M.|Ngoepe, N.|Seehausen, O.|Temoltzin-Loranca, Y.|Tinner, W.|van Leeuwen, J.F.N.|Vannière, B.|Vogel, H.|Wienhues, G.","Pollen","LV4 pollen",1,"Temoltzin-Loranca et al. (2023)","Calendar years BP","True",NA,"rbacon",16700,-50,NA,"Temotzin-Loranca, Y.",15,20036,"Temoltzin-Loranca, Y.",NA,NA,NA,NA,"Radiocarbon"
572,1,1,11653,1,4,9666,294,0,0,0,0,0,0,0,0,0,0,2,2,6,0,0,4,0,0,0,0,7,0,1,0,0,0,0,0,0,0,11,0,0,0,0,0,2,0,3,0,2,0,2,0,0,37,0,1,0,0,0,1,0,0,1,0,0,0,0,2,1,1,0,0,2,0,4,0,0,2,0,0,0,0,0,3,0,0,5,7,2,0,0,1,0,1,0,27,0,0,0,0,0,0,1,2,241,14,15,0,1,0,2,0,0,2,0,1,1,0,0,0,1,1,0,0,0,1,0,0,3,0,6,0,1,2,1,0,"ml","number","spores/tablet","number","NISP","NISP","NISP","NISP","NISP","NISP","NISP","NISP","NISP","NISP","NISP","NISP","NISP","NISP","NISP","NISP","NISP","NISP","NISP","NISP","NISP","NISP","NISP","NISP","NISP","NISP","NISP","NISP","NISP","NISP","NISP","NISP","NISP","NISP","NISP","NISP","NISP","NISP","NISP","NISP","NISP","NISP","NISP","NISP","NISP","NISP","NISP","NISP","NISP","NISP","NISP","NISP","NISP","NISP","NISP","NISP","NISP","NISP","NISP","NISP","NISP","NISP","NISP","NISP","NISP","NISP","NISP","NISP","NISP","NISP","NISP","NISP","NISP","NISP","NISP","NISP","NISP","NISP","NISP","NISP","NISP","NISP","NISP","NISP","NISP","NISP","NISP","NISP","NISP","NISP","NISP","NISP","NISP","NISP","NISP","NISP","NISP","NISP","NISP","NISP","NISP","NISP","NISP","NISP","NISP","NISP","NISP","NISP","NISP","NISP","NISP","NISP","NISP","NISP","NISP","NISP","NISP","NISP","NISP","NISP","NISP","NISP","NISP","NISP","NISP","NISP","NISP","NISP","volume","quantity added","concentration","counted","pollen","pollen","pollen","pollen","pollen","pollen","pollen","pollen","pollen","pollen","pollen","pollen","pollen","pollen","pollen","pollen","pollen","spore","spore","pollen","pollen","pollen","pollen","pollen","pollen","pollen","spore","pollen","pollen","pollen","pollen","pollen","pollen","pollen","pollen","pollen","pollen","pollen","pollen","pollen","pollen","pollen","pollen","pollen","spore","pollen","spore","pollen","pollen","pollen","pollen","pollen","pollen","pollen","pollen","pollen","pollen","pollen","spore","pollen","pollen","pollen","pollen","pollen","pollen","pollen","pollen","pollen","pollen","pollen","pollen","spore","pollen","pollen","pollen","pollen","pollen","pollen","spore","pollen","pollen","pollen","pollen","pollen","pollen","pollen","pollen","pollen","spore","pollen","pollen","pollen","pollen","pollen","pollen","pollen","pollen","pollen","pollen/spore","pollen","pollen","pollen","spore","spore","pollen","pollen","pollen","pollen","pollen","pollen","spore","pollen","pollen","pollen","pollen","pollen","pollen","pollen","pollen","spore","pollen","pollen","pollen","pollen","pollen","pollen","pollen","pollen","Lake Victoria (Shirati Bay) LV4",33.7961333333333,33.7961333333333,-1.04943333333333,-1.04943333333333,1135,6880000,"Tanzania",NA,NA,NA,NA,68,33135,"LVC18_S4","Lake Victoria LV4","Core","UWITEC piston corer","2018-10-01",NA,"Natural Lake",63,"30 km away from the shore in the Shirati Bay",NA,NA,NA,NA,NA,NA,NA,"2,10,12,3,16",44877,"8777,15357,20039,20044,9599","Gobet, E.|Grosjean, M.|Muschick, M.|Seehausen, O.|Tinner, W.",13,"Depth",15,"Carbon-14","Radiocarbon years BP",485,2,"BE-16257",9270,120,120,1,120,"False","Charcoal","","Temotzin-Loranca et al. 2023",2,20036,"Temoltzin-Loranca, Y.",9390,9150,10,20039,20039,"Muschick, Moritz","Muschick, M.","Muschick","Moritz","M.","Dr.","active","Institute of Ecology and Evolution
University of Bern
Bern, Switzerland","","","","",1,"false","journal article",20442,"https://doi.org/10.1016/j.quascirev.2022.107915",2023,"Temoltzin-Loranca, Y., E. Gobet, B. Vannière, J.F.N. van Leeuwen, G. Wienhues, S. Szidat, C. Courtney-Mustaphi, M. Kishe, M. Muschick, O. Seehausen, M. Grosjean, and W. Tinner. 2023. A chronologically reliable record of 17,000 years of biomass burning in the Lake Victoria area. Quaternary Science Reviews 301:107915. [DOI: https://doi.org/10.1016/j.quascirev.2022.107915]","A chronologically reliable record of 17,000 years of biomass burning in the Lake Victoria area","Quaternary Science Reviews",301,107915,2,18,"Vannière","B.","20036,8777,9974,15224,20037,18278,20038,20039,20040,20041,20042,20043,10026,9224,20044,15357,9599","Temoltzin-Loranca, Y.|Gobet, E.|Vannière, B.|van Leeuwen, J.F.N.|Wienhues, G.|Courtney-Mustaphi, C.J.|Kishe, M.|Muschick, M.|King, L.|Misra, P.|Ngoepe, N.|Matthews, B.|Vogel, H.|Heiri, O.|Seehausen, O.|Grosjean, M.|Tinner, W.",15695,"18278,8777,15357,9224,20040,20038,20043,20041,20039,20042,20044,20036,9599,15224,9974,10026,20037","Morales-Molino, C.","Courtney-Mustaphi, C.J.|Gobet, E.|Grosjean, M.|Heiri, O.|King, L.|Kishe, M.|Matthews, B.|Misra, P.|Muschick, M.|Ngoepe, N.|Seehausen, O.|Temoltzin-Loranca, Y.|Tinner, W.|van Leeuwen, J.F.N.|Vannière, B.|Vogel, H.|Wienhues, G.","Pollen","LV4 pollen",1,"Temoltzin-Loranca et al. (2023)","Calendar years BP","True",NA,"rbacon",16700,-50,NA,"Temotzin-Loranca, Y.",15,20036,"Temoltzin-Loranca, Y.",NA,NA,NA,NA,"Radiocarbon"
574,1,1,11708,1,4,9666,313,1,0,0,0,0,0,2,0,0,0,1,1,9,0,0,2,0,0,0,2,4,0,0,0,1,0,0,0,0,0,10,0,0,0,0,0,1,0,4,0,0,2,1,0,0,39,0,0,0,0,0,0,0,1,0,0,0,0,0,0,0,0,0,0,1,0,2,1,0,1,0,0,0,0,0,5,0,0,2,11,1,0,0,3,1,0,0,35,0,0,0,0,0,0,0,0,201,13,12,0,0,0,1,0,0,0,0,0,0,1,0,0,1,1,0,0,0,0,0,0,1,0,5,0,0,1,3,0,"ml","number","spores/tablet","number","NISP","NISP","NISP","NISP","NISP","NISP","NISP","NISP","NISP","NISP","NISP","NISP","NISP","NISP","NISP","NISP","NISP","NISP","NISP","NISP","NISP","NISP","NISP","NISP","NISP","NISP","NISP","NISP","NISP","NISP","NISP","NISP","NISP","NISP","NISP","NISP","NISP","NISP","NISP","NISP","NISP","NISP","NISP","NISP","NISP","NISP","NISP","NISP","NISP","NISP","NISP","NISP","NISP","NISP","NISP","NISP","NISP","NISP","NISP","NISP","NISP","NISP","NISP","NISP","NISP","NISP","NISP","NISP","NISP","NISP","NISP","NISP","NISP","NISP","NISP","NISP","NISP","NISP","NISP","NISP","NISP","NISP","NISP","NISP","NISP","NISP","NISP","NISP","NISP","NISP","NISP","NISP","NISP","NISP","NISP","NISP","NISP","NISP","NISP","NISP","NISP","NISP","NISP","NISP","NISP","NISP","NISP","NISP","NISP","NISP","NISP","NISP","NISP","NISP","NISP","NISP","NISP","NISP","NISP","NISP","NISP","NISP","NISP","NISP","NISP","NISP","NISP","NISP","volume","quantity added","concentration","counted","pollen","pollen","pollen","pollen","pollen","pollen","pollen","pollen","pollen","pollen","pollen","pollen","pollen","pollen","pollen","pollen","pollen","spore","spore","pollen","pollen","pollen","pollen","pollen","pollen","pollen","spore","pollen","pollen","pollen","pollen","pollen","pollen","pollen","pollen","pollen","pollen","pollen","pollen","pollen","pollen","pollen","pollen","pollen","spore","pollen","spore","pollen","pollen","pollen","pollen","pollen","pollen","pollen","pollen","pollen","pollen","pollen","spore","pollen","pollen","pollen","pollen","pollen","pollen","pollen","pollen","pollen","pollen","pollen","pollen","spore","pollen","pollen","pollen","pollen","pollen","pollen","spore","pollen","pollen","pollen","pollen","pollen","pollen","pollen","pollen","pollen","spore","pollen","pollen","pollen","pollen","pollen","pollen","pollen","pollen","pollen","pollen/spore","pollen","pollen","pollen","spore","spore","pollen","pollen","pollen","pollen","pollen","pollen","spore","pollen","pollen","pollen","pollen","pollen","pollen","pollen","pollen","spore","pollen","pollen","pollen","pollen","pollen","pollen","pollen","pollen","Lake Victoria (Shirati Bay) LV4",33.7961333333333,33.7961333333333,-1.04943333333333,-1.04943333333333,1135,6880000,"Tanzania",NA,NA,NA,NA,68,33135,"LVC18_S4","Lake Victoria LV4","Core","UWITEC piston corer","2018-10-01",NA,"Natural Lake",63,"30 km away from the shore in the Shirati Bay",NA,NA,NA,NA,NA,NA,NA,"2,10,12,3,16",44877,"8777,15357,20039,20044,9599","Gobet, E.|Grosjean, M.|Muschick, M.|Seehausen, O.|Tinner, W.",13,"Depth",15,"Carbon-14","Radiocarbon years BP",485,2,"BE-16257",9270,120,120,1,120,"False","Charcoal","","Temotzin-Loranca et al. 2023",2,20036,"Temoltzin-Loranca, Y.",9390,9150,10,20039,20039,"Muschick, Moritz","Muschick, M.","Muschick","Moritz","M.","Dr.","active","Institute of Ecology and Evolution
University of Bern
Bern, Switzerland","","","","",1,"false","journal article",20442,"https://doi.org/10.1016/j.quascirev.2022.107915",2023,"Temoltzin-Loranca, Y., E. Gobet, B. Vannière, J.F.N. van Leeuwen, G. Wienhues, S. Szidat, C. Courtney-Mustaphi, M. Kishe, M. Muschick, O. Seehausen, M. Grosjean, and W. Tinner. 2023. A chronologically reliable record of 17,000 years of biomass burning in the Lake Victoria area. Quaternary Science Reviews 301:107915. [DOI: https://doi.org/10.1016/j.quascirev.2022.107915]","A chronologically reliable record of 17,000 years of biomass burning in the Lake Victoria area","Quaternary Science Reviews",301,107915,2,18,"Vannière","B.","20036,8777,9974,15224,20037,18278,20038,20039,20040,20041,20042,20043,10026,9224,20044,15357,9599","Temoltzin-Loranca, Y.|Gobet, E.|Vannière, B.|van Leeuwen, J.F.N.|Wienhues, G.|Courtney-Mustaphi, C.J.|Kishe, M.|Muschick, M.|King, L.|Misra, P.|Ngoepe, N.|Matthews, B.|Vogel, H.|Heiri, O.|Seehausen, O.|Grosjean, M.|Tinner, W.",15695,"18278,8777,15357,9224,20040,20038,20043,20041,20039,20042,20044,20036,9599,15224,9974,10026,20037","Morales-Molino, C.","Courtney-Mustaphi, C.J.|Gobet, E.|Grosjean, M.|Heiri, O.|King, L.|Kishe, M.|Matthews, B.|Misra, P.|Muschick, M.|Ngoepe, N.|Seehausen, O.|Temoltzin-Loranca, Y.|Tinner, W.|van Leeuwen, J.F.N.|Vannière, B.|Vogel, H.|Wienhues, G.","Pollen","LV4 pollen",1,"Temoltzin-Loranca et al. (2023)","Calendar years BP","True",NA,"rbacon",16700,-50,NA,"Temotzin-Loranca, Y.",15,20036,"Temoltzin-Loranca, Y.",NA,NA,NA,NA,"Radiocarbon"
576,1,1,11763,1,4,9666,367,1,0,0,0,0,0,2,0,0,0,1,1,10,0,0,2,0,0,0,2,4,0,0,0,1,0,0,0,0,0,11,0,0,0,0,0,1,0,4,0,0,2,1,0,0,45,0,0,0,0,0,0,0,1,0,0,0,0,0,0,0,0,0,0,1,0,2,1,0,1,0,0,0,0,0,5,0,0,2,12,1,0,0,3,1,0,0,41,0,0,0,0,0,0,0,0,236,15,14,0,0,0,1,0,0,0,0,0,0,1,0,0,1,1,0,0,0,0,0,0,1,0,5,0,0,1,3,0,"ml","number","spores/tablet","number","NISP","NISP","NISP","NISP","NISP","NISP","NISP","NISP","NISP","NISP","NISP","NISP","NISP","NISP","NISP","NISP","NISP","NISP","NISP","NISP","NISP","NISP","NISP","NISP","NISP","NISP","NISP","NISP","NISP","NISP","NISP","NISP","NISP","NISP","NISP","NISP","NISP","NISP","NISP","NISP","NISP","NISP","NISP","NISP","NISP","NISP","NISP","NISP","NISP","NISP","NISP","NISP","NISP","NISP","NISP","NISP","NISP","NISP","NISP","NISP","NISP","NISP","NISP","NISP","NISP","NISP","NISP","NISP","NISP","NISP","NISP","NISP","NISP","NISP","NISP","NISP","NISP","NISP","NISP","NISP","NISP","NISP","NISP","NISP","NISP","NISP","NISP","NISP","NISP","NISP","NISP","NISP","NISP","NISP","NISP","NISP","NISP","NISP","NISP","NISP","NISP","NISP","NISP","NISP","NISP","NISP","NISP","NISP","NISP","NISP","NISP","NISP","NISP","NISP","NISP","NISP","NISP","NISP","NISP","NISP","NISP","NISP","NISP","NISP","NISP","NISP","NISP","NISP","volume","quantity added","concentration","counted","pollen","pollen","pollen","pollen","pollen","pollen","pollen","pollen","pollen","pollen","pollen","pollen","pollen","pollen","pollen","pollen","pollen","spore","spore","pollen","pollen","pollen","pollen","pollen","pollen","pollen","spore","pollen","pollen","pollen","pollen","pollen","pollen","pollen","pollen","pollen","pollen","pollen","pollen","pollen","pollen","pollen","pollen","pollen","spore","pollen","spore","pollen","pollen","pollen","pollen","pollen","pollen","pollen","pollen","pollen","pollen","pollen","spore","pollen","pollen","pollen","pollen","pollen","pollen","pollen","pollen","pollen","pollen","pollen","pollen","spore","pollen","pollen","pollen","pollen","pollen","pollen","spore","pollen","pollen","pollen","pollen","pollen","pollen","pollen","pollen","pollen","spore","pollen","pollen","pollen","pollen","pollen","pollen","pollen","pollen","pollen","pollen/spore","pollen","pollen","pollen","spore","spore","pollen","pollen","pollen","pollen","pollen","pollen","spore","pollen","pollen","pollen","pollen","pollen","pollen","pollen","pollen","spore","pollen","pollen","pollen","pollen","pollen","pollen","pollen","pollen","Lake Victoria (Shirati Bay) LV4",33.7961333333333,33.7961333333333,-1.04943333333333,-1.04943333333333,1135,6880000,"Tanzania",NA,NA,NA,NA,68,33135,"LVC18_S4","Lake Victoria LV4","Core","UWITEC piston corer","2018-10-01",NA,"Natural Lake",63,"30 km away from the shore in the Shirati Bay",NA,NA,NA,NA,NA,NA,NA,"2,10,12,3,16",44877,"8777,15357,20039,20044,9599","Gobet, E.|Grosjean, M.|Muschick, M.|Seehausen, O.|Tinner, W.",13,"Depth",15,"Carbon-14","Radiocarbon years BP",485,2,"BE-16257",9270,120,120,1,120,"False","Charcoal","","Temotzin-Loranca et al. 2023",2,20036,"Temoltzin-Loranca, Y.",9390,9150,10,20039,20039,"Muschick, Moritz","Muschick, M.","Muschick","Moritz","M.","Dr.","active","Institute of Ecology and Evolution
University of Bern
Bern, Switzerland","","","","",1,"false","journal article",20442,"https://doi.org/10.1016/j.quascirev.2022.107915",2023,"Temoltzin-Loranca, Y., E. Gobet, B. Vannière, J.F.N. van Leeuwen, G. Wienhues, S. Szidat, C. Courtney-Mustaphi, M. Kishe, M. Muschick, O. Seehausen, M. Grosjean, and W. Tinner. 2023. A chronologically reliable record of 17,000 years of biomass burning in the Lake Victoria area. Quaternary Science Reviews 301:107915. [DOI: https://doi.org/10.1016/j.quascirev.2022.107915]","A chronologically reliable record of 17,000 years of biomass burning in the Lake Victoria area","Quaternary Science Reviews",301,107915,2,18,"Vannière","B.","20036,8777,9974,15224,20037,18278,20038,20039,20040,20041,20042,20043,10026,9224,20044,15357,9599","Temoltzin-Loranca, Y.|Gobet, E.|Vannière, B.|van Leeuwen, J.F.N.|Wienhues, G.|Courtney-Mustaphi, C.J.|Kishe, M.|Muschick, M.|King, L.|Misra, P.|Ngoepe, N.|Matthews, B.|Vogel, H.|Heiri, O.|Seehausen, O.|Grosjean, M.|Tinner, W.",15695,"18278,8777,15357,9224,20040,20038,20043,20041,20039,20042,20044,20036,9599,15224,9974,10026,20037","Morales-Molino, C.","Courtney-Mustaphi, C.J.|Gobet, E.|Grosjean, M.|Heiri, O.|King, L.|Kishe, M.|Matthews, B.|Misra, P.|Muschick, M.|Ngoepe, N.|Seehausen, O.|Temoltzin-Loranca, Y.|Tinner, W.|van Leeuwen, J.F.N.|Vannière, B.|Vogel, H.|Wienhues, G.","Pollen","LV4 pollen",1,"Temoltzin-Loranca et al. (2023)","Calendar years BP","True",NA,"rbacon",16700,-50,NA,"Temotzin-Loranca, Y.",15,20036,"Temoltzin-Loranca, Y.",NA,NA,NA,NA,"Radiocarbon"
578,1,1,11817,1,4,9666,164,0,0,0,0,0,1,0,0,0,0,1,1,2,0,0,0,0,0,0,0,4,0,0,0,0,0,0,0,0,0,1,0,0,0,1,0,0,0,1,0,0,0,0,0,0,29,0,0,1,0,0,0,0,1,0,0,0,0,0,0,0,0,0,0,0,0,5,0,0,0,0,0,0,0,0,2,0,0,1,10,0,0,0,2,0,0,0,20,0,0,0,0,1,0,0,0,129,6,9,0,1,0,0,0,0,1,0,0,0,0,0,0,1,0,0,0,0,0,0,0,3,0,1,0,0,0,0,0,"ml","number","spores/tablet","number","NISP","NISP","NISP","NISP","NISP","NISP","NISP","NISP","NISP","NISP","NISP","NISP","NISP","NISP","NISP","NISP","NISP","NISP","NISP","NISP","NISP","NISP","NISP","NISP","NISP","NISP","NISP","NISP","NISP","NISP","NISP","NISP","NISP","NISP","NISP","NISP","NISP","NISP","NISP","NISP","NISP","NISP","NISP","NISP","NISP","NISP","NISP","NISP","NISP","NISP","NISP","NISP","NISP","NISP","NISP","NISP","NISP","NISP","NISP","NISP","NISP","NISP","NISP","NISP","NISP","NISP","NISP","NISP","NISP","NISP","NISP","NISP","NISP","NISP","NISP","NISP","NISP","NISP","NISP","NISP","NISP","NISP","NISP","NISP","NISP","NISP","NISP","NISP","NISP","NISP","NISP","NISP","NISP","NISP","NISP","NISP","NISP","NISP","NISP","NISP","NISP","NISP","NISP","NISP","NISP","NISP","NISP","NISP","NISP","NISP","NISP","NISP","NISP","NISP","NISP","NISP","NISP","NISP","NISP","NISP","NISP","NISP","NISP","NISP","NISP","NISP","NISP","NISP","volume","quantity added","concentration","counted","pollen","pollen","pollen","pollen","pollen","pollen","pollen","pollen","pollen","pollen","pollen","pollen","pollen","pollen","pollen","pollen","pollen","spore","spore","pollen","pollen","pollen","pollen","pollen","pollen","pollen","spore","pollen","pollen","pollen","pollen","pollen","pollen","pollen","pollen","pollen","pollen","pollen","pollen","pollen","pollen","pollen","pollen","pollen","spore","pollen","spore","pollen","pollen","pollen","pollen","pollen","pollen","pollen","pollen","pollen","pollen","pollen","spore","pollen","pollen","pollen","pollen","pollen","pollen","pollen","pollen","pollen","pollen","pollen","pollen","spore","pollen","pollen","pollen","pollen","pollen","pollen","spore","pollen","pollen","pollen","pollen","pollen","pollen","pollen","pollen","pollen","spore","pollen","pollen","pollen","pollen","pollen","pollen","pollen","pollen","pollen","pollen/spore","pollen","pollen","pollen","spore","spore","pollen","pollen","pollen","pollen","pollen","pollen","spore","pollen","pollen","pollen","pollen","pollen","pollen","pollen","pollen","spore","pollen","pollen","pollen","pollen","pollen","pollen","pollen","pollen","Lake Victoria (Shirati Bay) LV4",33.7961333333333,33.7961333333333,-1.04943333333333,-1.04943333333333,1135,6880000,"Tanzania",NA,NA,NA,NA,68,33135,"LVC18_S4","Lake Victoria LV4","Core","UWITEC piston corer","2018-10-01",NA,"Natural Lake",63,"30 km away from the shore in the Shirati Bay",NA,NA,NA,NA,NA,NA,NA,"2,10,12,3,16",44877,"8777,15357,20039,20044,9599","Gobet, E.|Grosjean, M.|Muschick, M.|Seehausen, O.|Tinner, W.",13,"Depth",15,"Carbon-14","Radiocarbon years BP",485,2,"BE-16257",9270,120,120,1,120,"False","Charcoal","","Temotzin-Loranca et al. 2023",2,20036,"Temoltzin-Loranca, Y.",9390,9150,11,20042,20042,"Ngoepe, Nare","Ngoepe, N.","Ngoepe","Nare","N.","","unknown","Institute of Ecology and Evolution
University of Bern
Bern, Switzerland","","","","",1,"false","journal article",20442,"https://doi.org/10.1016/j.quascirev.2022.107915",2023,"Temoltzin-Loranca, Y., E. Gobet, B. Vannière, J.F.N. van Leeuwen, G. Wienhues, S. Szidat, C. Courtney-Mustaphi, M. Kishe, M. Muschick, O. Seehausen, M. Grosjean, and W. Tinner. 2023. A chronologically reliable record of 17,000 years of biomass burning in the Lake Victoria area. Quaternary Science Reviews 301:107915. [DOI: https://doi.org/10.1016/j.quascirev.2022.107915]","A chronologically reliable record of 17,000 years of biomass burning in the Lake Victoria area","Quaternary Science Reviews",301,107915,2,17,"van Leeuwen","J.F.N.","20036,8777,9974,15224,20037,18278,20038,20039,20040,20041,20042,20043,10026,9224,20044,15357,9599","Temoltzin-Loranca, Y.|Gobet, E.|Vannière, B.|van Leeuwen, J.F.N.|Wienhues, G.|Courtney-Mustaphi, C.J.|Kishe, M.|Muschick, M.|King, L.|Misra, P.|Ngoepe, N.|Matthews, B.|Vogel, H.|Heiri, O.|Seehausen, O.|Grosjean, M.|Tinner, W.",15695,"18278,8777,15357,9224,20040,20038,20043,20041,20039,20042,20044,20036,9599,15224,9974,10026,20037","Morales-Molino, C.","Courtney-Mustaphi, C.J.|Gobet, E.|Grosjean, M.|Heiri, O.|King, L.|Kishe, M.|Matthews, B.|Misra, P.|Muschick, M.|Ngoepe, N.|Seehausen, O.|Temoltzin-Loranca, Y.|Tinner, W.|van Leeuwen, J.F.N.|Vannière, B.|Vogel, H.|Wienhues, G.","Pollen","LV4 pollen",1,"Temoltzin-Loranca et al. (2023)","Calendar years BP","True",NA,"rbacon",16700,-50,NA,"Temotzin-Loranca, Y.",15,20036,"Temoltzin-Loranca, Y.",NA,NA,NA,NA,"Radiocarbon"
580,1,1,11867,1,4,9666,267,0,0,0,0,0,0,0,0,1,0,1,0,5,0,0,3,0,0,0,0,6,0,0,0,0,0,0,0,0,0,6,0,0,1,0,0,0,0,3,0,0,3,0,0,0,42,0,0,0,0,0,0,0,0,0,0,0,0,0,0,0,1,0,0,0,1,1,0,1,0,0,0,0,0,0,7,0,0,2,18,0,0,0,1,1,0,0,27,0,0,1,0,0,0,0,0,157,10,15,0,0,0,0,0,0,0,0,1,0,0,0,0,0,0,0,0,0,0,0,0,2,0,6,0,5,0,1,0,"ml","number","spores/tablet","number","NISP","NISP","NISP","NISP","NISP","NISP","NISP","NISP","NISP","NISP","NISP","NISP","NISP","NISP","NISP","NISP","NISP","NISP","NISP","NISP","NISP","NISP","NISP","NISP","NISP","NISP","NISP","NISP","NISP","NISP","NISP","NISP","NISP","NISP","NISP","NISP","NISP","NISP","NISP","NISP","NISP","NISP","NISP","NISP","NISP","NISP","NISP","NISP","NISP","NISP","NISP","NISP","NISP","NISP","NISP","NISP","NISP","NISP","NISP","NISP","NISP","NISP","NISP","NISP","NISP","NISP","NISP","NISP","NISP","NISP","NISP","NISP","NISP","NISP","NISP","NISP","NISP","NISP","NISP","NISP","NISP","NISP","NISP","NISP","NISP","NISP","NISP","NISP","NISP","NISP","NISP","NISP","NISP","NISP","NISP","NISP","NISP","NISP","NISP","NISP","NISP","NISP","NISP","NISP","NISP","NISP","NISP","NISP","NISP","NISP","NISP","NISP","NISP","NISP","NISP","NISP","NISP","NISP","NISP","NISP","NISP","NISP","NISP","NISP","NISP","NISP","NISP","NISP","volume","quantity added","concentration","counted","pollen","pollen","pollen","pollen","pollen","pollen","pollen","pollen","pollen","pollen","pollen","pollen","pollen","pollen","pollen","pollen","pollen","spore","spore","pollen","pollen","pollen","pollen","pollen","pollen","pollen","spore","pollen","pollen","pollen","pollen","pollen","pollen","pollen","pollen","pollen","pollen","pollen","pollen","pollen","pollen","pollen","pollen","pollen","spore","pollen","spore","pollen","pollen","pollen","pollen","pollen","pollen","pollen","pollen","pollen","pollen","pollen","spore","pollen","pollen","pollen","pollen","pollen","pollen","pollen","pollen","pollen","pollen","pollen","pollen","spore","pollen","pollen","pollen","pollen","pollen","pollen","spore","pollen","pollen","pollen","pollen","pollen","pollen","pollen","pollen","pollen","spore","pollen","pollen","pollen","pollen","pollen","pollen","pollen","pollen","pollen","pollen/spore","pollen","pollen","pollen","spore","spore","pollen","pollen","pollen","pollen","pollen","pollen","spore","pollen","pollen","pollen","pollen","pollen","pollen","pollen","pollen","spore","pollen","pollen","pollen","pollen","pollen","pollen","pollen","pollen","Lake Victoria (Shirati Bay) LV4",33.7961333333333,33.7961333333333,-1.04943333333333,-1.04943333333333,1135,6880000,"Tanzania",NA,NA,NA,NA,68,33135,"LVC18_S4","Lake Victoria LV4","Core","UWITEC piston corer","2018-10-01",NA,"Natural Lake",63,"30 km away from the shore in the Shirati Bay",NA,NA,NA,NA,NA,NA,NA,"2,10,12,3,16",44877,"8777,15357,20039,20044,9599","Gobet, E.|Grosjean, M.|Muschick, M.|Seehausen, O.|Tinner, W.",14,"Depth",15,"Carbon-14","Radiocarbon years BP",517,2,"BE-16258",9000,260,260,1,260,"False","Charcoal","","Temotzin-Loranca et al. 2023",2,20036,"Temoltzin-Loranca, Y.",9260,8740,11,20042,20042,"Ngoepe, Nare","Ngoepe, N.","Ngoepe","Nare","N.","","unknown","Institute of Ecology and Evolution
University of Bern
Bern, Switzerland","","","","",1,"false","journal article",20442,"https://doi.org/10.1016/j.quascirev.2022.107915",2023,"Temoltzin-Loranca, Y., E. Gobet, B. Vannière, J.F.N. van Leeuwen, G. Wienhues, S. Szidat, C. Courtney-Mustaphi, M. Kishe, M. Muschick, O. Seehausen, M. Grosjean, and W. Tinner. 2023. A chronologically reliable record of 17,000 years of biomass burning in the Lake Victoria area. Quaternary Science Reviews 301:107915. [DOI: https://doi.org/10.1016/j.quascirev.2022.107915]","A chronologically reliable record of 17,000 years of biomass burning in the Lake Victoria area","Quaternary Science Reviews",301,107915,2,17,"van Leeuwen","J.F.N.","20036,8777,9974,15224,20037,18278,20038,20039,20040,20041,20042,20043,10026,9224,20044,15357,9599","Temoltzin-Loranca, Y.|Gobet, E.|Vannière, B.|van Leeuwen, J.F.N.|Wienhues, G.|Courtney-Mustaphi, C.J.|Kishe, M.|Muschick, M.|King, L.|Misra, P.|Ngoepe, N.|Matthews, B.|Vogel, H.|Heiri, O.|Seehausen, O.|Grosjean, M.|Tinner, W.",15695,"18278,8777,15357,9224,20040,20038,20043,20041,20039,20042,20044,20036,9599,15224,9974,10026,20037","Morales-Molino, C.","Courtney-Mustaphi, C.J.|Gobet, E.|Grosjean, M.|Heiri, O.|King, L.|Kishe, M.|Matthews, B.|Misra, P.|Muschick, M.|Ngoepe, N.|Seehausen, O.|Temoltzin-Loranca, Y.|Tinner, W.|van Leeuwen, J.F.N.|Vannière, B.|Vogel, H.|Wienhues, G.","Pollen","LV4 pollen",1,"Temoltzin-Loranca et al. (2023)","Calendar years BP","True",NA,"rbacon",16700,-50,NA,"Temotzin-Loranca, Y.",15,20036,"Temoltzin-Loranca, Y.",NA,NA,NA,NA,"Radiocarbon"
581,1,1,11867,1,4,9666,267,0,0,0,0,0,0,0,0,1,0,1,0,5,0,0,3,0,0,0,0,6,0,0,0,0,0,0,0,0,0,6,0,0,1,0,0,0,0,3,0,0,3,0,0,0,42,0,0,0,0,0,0,0,0,0,0,0,0,0,0,0,1,0,0,0,1,1,0,1,0,0,0,0,0,0,7,0,0,2,18,0,0,0,1,0,0,0,27,0,0,1,0,0,0,0,0,157,10,15,0,0,0,0,0,0,0,0,1,0,1,0,0,0,0,0,0,0,0,0,0,2,0,6,0,5,0,1,0,"ml","number","spores/tablet","number","NISP","NISP","NISP","NISP","NISP","NISP","NISP","NISP","NISP","NISP","NISP","NISP","NISP","NISP","NISP","NISP","NISP","NISP","NISP","NISP","NISP","NISP","NISP","NISP","NISP","NISP","NISP","NISP","NISP","NISP","NISP","NISP","NISP","NISP","NISP","NISP","NISP","NISP","NISP","NISP","NISP","NISP","NISP","NISP","NISP","NISP","NISP","NISP","NISP","NISP","NISP","NISP","NISP","NISP","NISP","NISP","NISP","NISP","NISP","NISP","NISP","NISP","NISP","NISP","NISP","NISP","NISP","NISP","NISP","NISP","NISP","NISP","NISP","NISP","NISP","NISP","NISP","NISP","NISP","NISP","NISP","NISP","NISP","NISP","NISP","NISP","NISP","NISP","NISP","NISP","NISP","NISP","NISP","NISP","NISP","NISP","NISP","NISP","NISP","NISP","NISP","NISP","NISP","NISP","NISP","NISP","NISP","NISP","NISP","NISP","NISP","NISP","NISP","NISP","NISP","NISP","NISP","NISP","NISP","NISP","NISP","NISP","NISP","NISP","NISP","NISP","NISP","NISP","volume","quantity added","concentration","counted","pollen","pollen","pollen","pollen","pollen","pollen","pollen","pollen","pollen","pollen","pollen","pollen","pollen","pollen","pollen","pollen","pollen","spore","spore","pollen","pollen","pollen","pollen","pollen","pollen","pollen","spore","pollen","pollen","pollen","pollen","pollen","pollen","pollen","pollen","pollen","pollen","pollen","pollen","pollen","pollen","pollen","pollen","pollen","spore","pollen","spore","pollen","pollen","pollen","pollen","pollen","pollen","pollen","pollen","pollen","pollen","pollen","spore","pollen","pollen","pollen","pollen","pollen","pollen","pollen","pollen","pollen","pollen","pollen","pollen","spore","pollen","pollen","pollen","pollen","pollen","pollen","spore","pollen","pollen","pollen","pollen","pollen","pollen","pollen","pollen","pollen","spore","pollen","pollen","pollen","pollen","pollen","pollen","pollen","pollen","pollen","pollen/spore","pollen","pollen","pollen","spore","spore","pollen","pollen","pollen","pollen","pollen","pollen","spore","pollen","pollen","pollen","pollen","pollen","pollen","pollen","pollen","spore","pollen","pollen","pollen","pollen","pollen","pollen","pollen","pollen","Lake Victoria (Shirati Bay) LV4",33.7961333333333,33.7961333333333,-1.04943333333333,-1.04943333333333,1135,6880000,"Tanzania",NA,NA,NA,NA,68,33135,"LVC18_S4","Lake Victoria LV4","Core","UWITEC piston corer","2018-10-01",NA,"Natural Lake",63,"30 km away from the shore in the Shirati Bay",NA,NA,NA,NA,NA,NA,NA,"2,10,12,3,16",44877,"8777,15357,20039,20044,9599","Gobet, E.|Grosjean, M.|Muschick, M.|Seehausen, O.|Tinner, W.",14,"Depth",15,"Carbon-14","Radiocarbon years BP",517,2,"BE-16258",9000,260,260,1,260,"False","Charcoal","","Temotzin-Loranca et al. 2023",2,20036,"Temoltzin-Loranca, Y.",9260,8740,11,20042,20042,"Ngoepe, Nare","Ngoepe, N.","Ngoepe","Nare","N.","","unknown","Institute of Ecology and Evolution
University of Bern
Bern, Switzerland","","","","",1,"false","journal article",20442,"https://doi.org/10.1016/j.quascirev.2022.107915",2023,"Temoltzin-Loranca, Y., E. Gobet, B. Vannière, J.F.N. van Leeuwen, G. Wienhues, S. Szidat, C. Courtney-Mustaphi, M. Kishe, M. Muschick, O. Seehausen, M. Grosjean, and W. Tinner. 2023. A chronologically reliable record of 17,000 years of biomass burning in the Lake Victoria area. Quaternary Science Reviews 301:107915. [DOI: https://doi.org/10.1016/j.quascirev.2022.107915]","A chronologically reliable record of 17,000 years of biomass burning in the Lake Victoria area","Quaternary Science Reviews",301,107915,2,17,"van Leeuwen","J.F.N.","20036,8777,9974,15224,20037,18278,20038,20039,20040,20041,20042,20043,10026,9224,20044,15357,9599","Temoltzin-Loranca, Y.|Gobet, E.|Vannière, B.|van Leeuwen, J.F.N.|Wienhues, G.|Courtney-Mustaphi, C.J.|Kishe, M.|Muschick, M.|King, L.|Misra, P.|Ngoepe, N.|Matthews, B.|Vogel, H.|Heiri, O.|Seehausen, O.|Grosjean, M.|Tinner, W.",15695,"18278,8777,15357,9224,20040,20038,20043,20041,20039,20042,20044,20036,9599,15224,9974,10026,20037","Morales-Molino, C.","Courtney-Mustaphi, C.J.|Gobet, E.|Grosjean, M.|Heiri, O.|King, L.|Kishe, M.|Matthews, B.|Misra, P.|Muschick, M.|Ngoepe, N.|Seehausen, O.|Temoltzin-Loranca, Y.|Tinner, W.|van Leeuwen, J.F.N.|Vannière, B.|Vogel, H.|Wienhues, G.","Pollen","LV4 pollen",1,"Temoltzin-Loranca et al. (2023)","Calendar years BP","True",NA,"rbacon",16700,-50,NA,"Temotzin-Loranca, Y.",15,20036,"Temoltzin-Loranca, Y.",NA,NA,NA,NA,"Radiocarbon"
582,1,1,11917,1,4,9666,220,0,1,0,0,0,0,0,0,0,0,0,1,0,0,0,3,0,0,0,0,3,0,1,0,0,1,0,0,0,0,6,0,0,0,0,0,0,0,4,0,0,0,1,0,0,36,0,0,0,0,0,1,0,1,0,0,0,0,0,0,0,0,0,0,0,0,2,0,0,1,0,0,0,0,0,6,0,0,1,11,1,0,1,3,1,0,0,38,0,0,0,0,0,0,0,0,198,9,10,0,0,0,2,0,0,1,0,2,2,0,0,0,1,2,0,0,0,0,0,0,0,0,2,0,1,3,2,0,"ml","number","spores/tablet","number","NISP","NISP","NISP","NISP","NISP","NISP","NISP","NISP","NISP","NISP","NISP","NISP","NISP","NISP","NISP","NISP","NISP","NISP","NISP","NISP","NISP","NISP","NISP","NISP","NISP","NISP","NISP","NISP","NISP","NISP","NISP","NISP","NISP","NISP","NISP","NISP","NISP","NISP","NISP","NISP","NISP","NISP","NISP","NISP","NISP","NISP","NISP","NISP","NISP","NISP","NISP","NISP","NISP","NISP","NISP","NISP","NISP","NISP","NISP","NISP","NISP","NISP","NISP","NISP","NISP","NISP","NISP","NISP","NISP","NISP","NISP","NISP","NISP","NISP","NISP","NISP","NISP","NISP","NISP","NISP","NISP","NISP","NISP","NISP","NISP","NISP","NISP","NISP","NISP","NISP","NISP","NISP","NISP","NISP","NISP","NISP","NISP","NISP","NISP","NISP","NISP","NISP","NISP","NISP","NISP","NISP","NISP","NISP","NISP","NISP","NISP","NISP","NISP","NISP","NISP","NISP","NISP","NISP","NISP","NISP","NISP","NISP","NISP","NISP","NISP","NISP","NISP","NISP","volume","quantity added","concentration","counted","pollen","pollen","pollen","pollen","pollen","pollen","pollen","pollen","pollen","pollen","pollen","pollen","pollen","pollen","pollen","pollen","pollen","spore","spore","pollen","pollen","pollen","pollen","pollen","pollen","pollen","spore","pollen","pollen","pollen","pollen","pollen","pollen","pollen","pollen","pollen","pollen","pollen","pollen","pollen","pollen","pollen","pollen","pollen","spore","pollen","spore","pollen","pollen","pollen","pollen","pollen","pollen","pollen","pollen","pollen","pollen","pollen","spore","pollen","pollen","pollen","pollen","pollen","pollen","pollen","pollen","pollen","pollen","pollen","pollen","spore","pollen","pollen","pollen","pollen","pollen","pollen","spore","pollen","pollen","pollen","pollen","pollen","pollen","pollen","pollen","pollen","spore","pollen","pollen","pollen","pollen","pollen","pollen","pollen","pollen","pollen","pollen/spore","pollen","pollen","pollen","spore","spore","pollen","pollen","pollen","pollen","pollen","pollen","spore","pollen","pollen","pollen","pollen","pollen","pollen","pollen","pollen","spore","pollen","pollen","pollen","pollen","pollen","pollen","pollen","pollen","Lake Victoria (Shirati Bay) LV4",33.7961333333333,33.7961333333333,-1.04943333333333,-1.04943333333333,1135,6880000,"Tanzania",NA,NA,NA,NA,68,33135,"LVC18_S4","Lake Victoria LV4","Core","UWITEC piston corer","2018-10-01",NA,"Natural Lake",63,"30 km away from the shore in the Shirati Bay",NA,NA,NA,NA,NA,NA,NA,"2,10,12,3,16",44877,"8777,15357,20039,20044,9599","Gobet, E.|Grosjean, M.|Muschick, M.|Seehausen, O.|Tinner, W.",14,"Depth",15,"Carbon-14","Radiocarbon years BP",517,2,"BE-16258",9000,260,260,1,260,"False","Charcoal","","Temotzin-Loranca et al. 2023",2,20036,"Temoltzin-Loranca, Y.",9260,8740,11,20042,20042,"Ngoepe, Nare","Ngoepe, N.","Ngoepe","Nare","N.","","unknown","Institute of Ecology and Evolution
University of Bern
Bern, Switzerland","","","","",1,"false","journal article",20442,"https://doi.org/10.1016/j.quascirev.2022.107915",2023,"Temoltzin-Loranca, Y., E. Gobet, B. Vannière, J.F.N. van Leeuwen, G. Wienhues, S. Szidat, C. Courtney-Mustaphi, M. Kishe, M. Muschick, O. Seehausen, M. Grosjean, and W. Tinner. 2023. A chronologically reliable record of 17,000 years of biomass burning in the Lake Victoria area. Quaternary Science Reviews 301:107915. [DOI: https://doi.org/10.1016/j.quascirev.2022.107915]","A chronologically reliable record of 17,000 years of biomass burning in the Lake Victoria area","Quaternary Science Reviews",301,107915,2,17,"van Leeuwen","J.F.N.","20036,8777,9974,15224,20037,18278,20038,20039,20040,20041,20042,20043,10026,9224,20044,15357,9599","Temoltzin-Loranca, Y.|Gobet, E.|Vannière, B.|van Leeuwen, J.F.N.|Wienhues, G.|Courtney-Mustaphi, C.J.|Kishe, M.|Muschick, M.|King, L.|Misra, P.|Ngoepe, N.|Matthews, B.|Vogel, H.|Heiri, O.|Seehausen, O.|Grosjean, M.|Tinner, W.",15695,"18278,8777,15357,9224,20040,20038,20043,20041,20039,20042,20044,20036,9599,15224,9974,10026,20037","Morales-Molino, C.","Courtney-Mustaphi, C.J.|Gobet, E.|Grosjean, M.|Heiri, O.|King, L.|Kishe, M.|Matthews, B.|Misra, P.|Muschick, M.|Ngoepe, N.|Seehausen, O.|Temoltzin-Loranca, Y.|Tinner, W.|van Leeuwen, J.F.N.|Vannière, B.|Vogel, H.|Wienhues, G.","Pollen","LV4 pollen",1,"Temoltzin-Loranca et al. (2023)","Calendar years BP","True",NA,"rbacon",16700,-50,NA,"Temotzin-Loranca, Y.",15,20036,"Temoltzin-Loranca, Y.",NA,NA,NA,NA,"Radiocarbon"
584,1,1,11967,1,4,9666,308,0,0,0,0,0,0,0,0,1,0,1,0,6,0,0,4,0,0,0,0,7,0,0,0,0,0,0,0,0,0,7,0,0,1,0,0,0,0,3,0,0,3,0,0,0,52,0,0,0,0,0,0,0,0,0,0,0,0,0,0,0,1,0,0,0,1,1,0,1,0,0,0,0,0,0,8,0,0,2,22,0,0,0,1,1,0,0,34,0,0,1,0,0,0,0,0,207,12,19,0,0,0,0,0,0,0,0,1,0,0,0,0,0,0,0,0,0,0,0,0,2,0,7,0,6,0,1,0,"ml","number","spores/tablet","number","NISP","NISP","NISP","NISP","NISP","NISP","NISP","NISP","NISP","NISP","NISP","NISP","NISP","NISP","NISP","NISP","NISP","NISP","NISP","NISP","NISP","NISP","NISP","NISP","NISP","NISP","NISP","NISP","NISP","NISP","NISP","NISP","NISP","NISP","NISP","NISP","NISP","NISP","NISP","NISP","NISP","NISP","NISP","NISP","NISP","NISP","NISP","NISP","NISP","NISP","NISP","NISP","NISP","NISP","NISP","NISP","NISP","NISP","NISP","NISP","NISP","NISP","NISP","NISP","NISP","NISP","NISP","NISP","NISP","NISP","NISP","NISP","NISP","NISP","NISP","NISP","NISP","NISP","NISP","NISP","NISP","NISP","NISP","NISP","NISP","NISP","NISP","NISP","NISP","NISP","NISP","NISP","NISP","NISP","NISP","NISP","NISP","NISP","NISP","NISP","NISP","NISP","NISP","NISP","NISP","NISP","NISP","NISP","NISP","NISP","NISP","NISP","NISP","NISP","NISP","NISP","NISP","NISP","NISP","NISP","NISP","NISP","NISP","NISP","NISP","NISP","NISP","NISP","volume","quantity added","concentration","counted","pollen","pollen","pollen","pollen","pollen","pollen","pollen","pollen","pollen","pollen","pollen","pollen","pollen","pollen","pollen","pollen","pollen","spore","spore","pollen","pollen","pollen","pollen","pollen","pollen","pollen","spore","pollen","pollen","pollen","pollen","pollen","pollen","pollen","pollen","pollen","pollen","pollen","pollen","pollen","pollen","pollen","pollen","pollen","spore","pollen","spore","pollen","pollen","pollen","pollen","pollen","pollen","pollen","pollen","pollen","pollen","pollen","spore","pollen","pollen","pollen","pollen","pollen","pollen","pollen","pollen","pollen","pollen","pollen","pollen","spore","pollen","pollen","pollen","pollen","pollen","pollen","spore","pollen","pollen","pollen","pollen","pollen","pollen","pollen","pollen","pollen","spore","pollen","pollen","pollen","pollen","pollen","pollen","pollen","pollen","pollen","pollen/spore","pollen","pollen","pollen","spore","spore","pollen","pollen","pollen","pollen","pollen","pollen","spore","pollen","pollen","pollen","pollen","pollen","pollen","pollen","pollen","spore","pollen","pollen","pollen","pollen","pollen","pollen","pollen","pollen","Lake Victoria (Shirati Bay) LV4",33.7961333333333,33.7961333333333,-1.04943333333333,-1.04943333333333,1135,6880000,"Tanzania",NA,NA,NA,NA,68,33135,"LVC18_S4","Lake Victoria LV4","Core","UWITEC piston corer","2018-10-01",NA,"Natural Lake",63,"30 km away from the shore in the Shirati Bay",NA,NA,NA,NA,NA,NA,NA,"2,10,12,3,16",44877,"8777,15357,20039,20044,9599","Gobet, E.|Grosjean, M.|Muschick, M.|Seehausen, O.|Tinner, W.",14,"Depth",15,"Carbon-14","Radiocarbon years BP",517,2,"BE-16258",9000,260,260,1,260,"False","Charcoal","","Temotzin-Loranca et al. 2023",2,20036,"Temoltzin-Loranca, Y.",9260,8740,11,20042,20042,"Ngoepe, Nare","Ngoepe, N.","Ngoepe","Nare","N.","","unknown","Institute of Ecology and Evolution
University of Bern
Bern, Switzerland","","","","",2,"true","journal article",20441,"https://doi.org/10.1016/j.palaeo.2023.111839",2023,"Temotzin-Loranca, Y., E. Gobet, B. Vannière, J.F.N. van Leeuwen, G. Wienhues, C. Courtney-Mustaphi, M. Kishe, M. Muschick, L. King, P. Misra, N. Ngoepe, B. Matthews, H. Vogel, O. Heiri, O. Seehausen, M. Grosjean, and W. Tinner. 2023. Long-term ecological successions of vegetation around Lake Victoria (East Africa) in response to latest Pleistocene and Early Holocene climate changes. Palaeogeography, Palaeoclimatology, Palaeoecology 631:111839. [DOI: https://doi.org/10.1016/j.palaeo.2023.111839]","Long-term ecological successions of vegetation around Lake Victoria (East Africa) in response to latest Pleistocene and Early Holocene climate changes","Palaeogeography, Palaeoclimatology, Palaeoecology",631,111839,2,17,"van Leeuwen","J.F.N.","20036,8777,9974,15224,20037,18278,20038,20039,20040,20041,20042,20043,10026,9224,20044,15357,9599","Temoltzin-Loranca, Y.|Gobet, E.|Vannière, B.|van Leeuwen, J.F.N.|Wienhues, G.|Courtney-Mustaphi, C.J.|Kishe, M.|Muschick, M.|King, L.|Misra, P.|Ngoepe, N.|Matthews, B.|Vogel, H.|Heiri, O.|Seehausen, O.|Grosjean, M.|Tinner, W.",15695,"18278,8777,15357,9224,20040,20038,20043,20041,20039,20042,20044,20036,9599,15224,9974,10026,20037","Morales-Molino, C.","Courtney-Mustaphi, C.J.|Gobet, E.|Grosjean, M.|Heiri, O.|King, L.|Kishe, M.|Matthews, B.|Misra, P.|Muschick, M.|Ngoepe, N.|Seehausen, O.|Temoltzin-Loranca, Y.|Tinner, W.|van Leeuwen, J.F.N.|Vannière, B.|Vogel, H.|Wienhues, G.","Pollen","LV4 pollen",1,"Temoltzin-Loranca et al. (2023)","Calendar years BP","True",NA,"rbacon",16700,-50,NA,"Temotzin-Loranca, Y.",15,20036,"Temoltzin-Loranca, Y.",NA,NA,NA,NA,"Radiocarbon"
586,1,1,12021,1,4,9666,276,1,0,0,0,0,1,0,0,0,0,1,2,0,1,0,3,0,1,0,0,1,0,0,0,0,0,0,1,0,0,8,0,0,0,0,0,0,0,0,0,0,0,1,0,0,41,0,0,0,0,0,1,0,0,0,0,1,0,0,1,0,1,0,0,1,1,1,0,0,1,0,0,0,0,0,3,0,0,2,8,1,0,0,7,0,1,0,30,0,0,1,0,0,0,0,0,204,11,8,0,0,0,0,0,0,0,0,0,0,0,0,0,0,2,0,0,0,0,0,0,4,0,3,0,0,0,0,0,"ml","number","spores/tablet","number","NISP","NISP","NISP","NISP","NISP","NISP","NISP","NISP","NISP","NISP","NISP","NISP","NISP","NISP","NISP","NISP","NISP","NISP","NISP","NISP","NISP","NISP","NISP","NISP","NISP","NISP","NISP","NISP","NISP","NISP","NISP","NISP","NISP","NISP","NISP","NISP","NISP","NISP","NISP","NISP","NISP","NISP","NISP","NISP","NISP","NISP","NISP","NISP","NISP","NISP","NISP","NISP","NISP","NISP","NISP","NISP","NISP","NISP","NISP","NISP","NISP","NISP","NISP","NISP","NISP","NISP","NISP","NISP","NISP","NISP","NISP","NISP","NISP","NISP","NISP","NISP","NISP","NISP","NISP","NISP","NISP","NISP","NISP","NISP","NISP","NISP","NISP","NISP","NISP","NISP","NISP","NISP","NISP","NISP","NISP","NISP","NISP","NISP","NISP","NISP","NISP","NISP","NISP","NISP","NISP","NISP","NISP","NISP","NISP","NISP","NISP","NISP","NISP","NISP","NISP","NISP","NISP","NISP","NISP","NISP","NISP","NISP","NISP","NISP","NISP","NISP","NISP","NISP","volume","quantity added","concentration","counted","pollen","pollen","pollen","pollen","pollen","pollen","pollen","pollen","pollen","pollen","pollen","pollen","pollen","pollen","pollen","pollen","pollen","spore","spore","pollen","pollen","pollen","pollen","pollen","pollen","pollen","spore","pollen","pollen","pollen","pollen","pollen","pollen","pollen","pollen","pollen","pollen","pollen","pollen","pollen","pollen","pollen","pollen","pollen","spore","pollen","spore","pollen","pollen","pollen","pollen","pollen","pollen","pollen","pollen","pollen","pollen","pollen","spore","pollen","pollen","pollen","pollen","pollen","pollen","pollen","pollen","pollen","pollen","pollen","pollen","spore","pollen","pollen","pollen","pollen","pollen","pollen","spore","pollen","pollen","pollen","pollen","pollen","pollen","pollen","pollen","pollen","spore","pollen","pollen","pollen","pollen","pollen","pollen","pollen","pollen","pollen","pollen/spore","pollen","pollen","pollen","spore","spore","pollen","pollen","pollen","pollen","pollen","pollen","spore","pollen","pollen","pollen","pollen","pollen","pollen","pollen","pollen","spore","pollen","pollen","pollen","pollen","pollen","pollen","pollen","pollen","Lake Victoria (Shirati Bay) LV4",33.7961333333333,33.7961333333333,-1.04943333333333,-1.04943333333333,1135,6880000,"Tanzania",NA,NA,NA,NA,68,33135,"LVC18_S4","Lake Victoria LV4","Core","UWITEC piston corer","2018-10-01",NA,"Natural Lake",63,"30 km away from the shore in the Shirati Bay",NA,NA,NA,NA,NA,NA,NA,"2,10,12,3,16",44877,"8777,15357,20039,20044,9599","Gobet, E.|Grosjean, M.|Muschick, M.|Seehausen, O.|Tinner, W.",14,"Depth",15,"Carbon-14","Radiocarbon years BP",517,2,"BE-16258",9000,260,260,1,260,"False","Charcoal","","Temotzin-Loranca et al. 2023",2,20036,"Temoltzin-Loranca, Y.",9260,8740,11,20042,20042,"Ngoepe, Nare","Ngoepe, N.","Ngoepe","Nare","N.","","unknown","Institute of Ecology and Evolution
University of Bern
Bern, Switzerland","","","","",2,"true","journal article",20441,"https://doi.org/10.1016/j.palaeo.2023.111839",2023,"Temotzin-Loranca, Y., E. Gobet, B. Vannière, J.F.N. van Leeuwen, G. Wienhues, C. Courtney-Mustaphi, M. Kishe, M. Muschick, L. King, P. Misra, N. Ngoepe, B. Matthews, H. Vogel, O. Heiri, O. Seehausen, M. Grosjean, and W. Tinner. 2023. Long-term ecological successions of vegetation around Lake Victoria (East Africa) in response to latest Pleistocene and Early Holocene climate changes. Palaeogeography, Palaeoclimatology, Palaeoecology 631:111839. [DOI: https://doi.org/10.1016/j.palaeo.2023.111839]","Long-term ecological successions of vegetation around Lake Victoria (East Africa) in response to latest Pleistocene and Early Holocene climate changes","Palaeogeography, Palaeoclimatology, Palaeoecology",631,111839,2,17,"van Leeuwen","J.F.N.","20036,8777,9974,15224,20037,18278,20038,20039,20040,20041,20042,20043,10026,9224,20044,15357,9599","Temoltzin-Loranca, Y.|Gobet, E.|Vannière, B.|van Leeuwen, J.F.N.|Wienhues, G.|Courtney-Mustaphi, C.J.|Kishe, M.|Muschick, M.|King, L.|Misra, P.|Ngoepe, N.|Matthews, B.|Vogel, H.|Heiri, O.|Seehausen, O.|Grosjean, M.|Tinner, W.",15695,"18278,8777,15357,9224,20040,20038,20043,20041,20039,20042,20044,20036,9599,15224,9974,10026,20037","Morales-Molino, C.","Courtney-Mustaphi, C.J.|Gobet, E.|Grosjean, M.|Heiri, O.|King, L.|Kishe, M.|Matthews, B.|Misra, P.|Muschick, M.|Ngoepe, N.|Seehausen, O.|Temoltzin-Loranca, Y.|Tinner, W.|van Leeuwen, J.F.N.|Vannière, B.|Vogel, H.|Wienhues, G.","Pollen","LV4 pollen",1,"Temoltzin-Loranca et al. (2023)","Calendar years BP","True",NA,"rbacon",16700,-50,NA,"Temotzin-Loranca, Y.",15,20036,"Temoltzin-Loranca, Y.",NA,NA,NA,NA,"Radiocarbon"
588,1,1,12076,1,4,9666,248,0,1,0,0,0,0,0,0,0,0,0,1,0,0,0,3,0,0,0,0,3,0,1,0,0,1,0,0,0,0,6,0,0,0,0,0,0,0,4,0,0,0,1,0,0,47,0,0,0,0,0,1,0,1,0,0,0,0,0,0,0,0,0,0,0,0,2,0,0,1,0,0,0,0,0,6,0,0,1,14,1,0,1,3,1,0,0,42,0,0,0,0,0,0,0,0,223,10,11,0,0,0,2,0,0,1,0,2,2,0,0,0,1,2,0,0,0,0,0,0,0,0,2,0,1,3,2,0,"ml","number","spores/tablet","number","NISP","NISP","NISP","NISP","NISP","NISP","NISP","NISP","NISP","NISP","NISP","NISP","NISP","NISP","NISP","NISP","NISP","NISP","NISP","NISP","NISP","NISP","NISP","NISP","NISP","NISP","NISP","NISP","NISP","NISP","NISP","NISP","NISP","NISP","NISP","NISP","NISP","NISP","NISP","NISP","NISP","NISP","NISP","NISP","NISP","NISP","NISP","NISP","NISP","NISP","NISP","NISP","NISP","NISP","NISP","NISP","NISP","NISP","NISP","NISP","NISP","NISP","NISP","NISP","NISP","NISP","NISP","NISP","NISP","NISP","NISP","NISP","NISP","NISP","NISP","NISP","NISP","NISP","NISP","NISP","NISP","NISP","NISP","NISP","NISP","NISP","NISP","NISP","NISP","NISP","NISP","NISP","NISP","NISP","NISP","NISP","NISP","NISP","NISP","NISP","NISP","NISP","NISP","NISP","NISP","NISP","NISP","NISP","NISP","NISP","NISP","NISP","NISP","NISP","NISP","NISP","NISP","NISP","NISP","NISP","NISP","NISP","NISP","NISP","NISP","NISP","NISP","NISP","volume","quantity added","concentration","counted","pollen","pollen","pollen","pollen","pollen","pollen","pollen","pollen","pollen","pollen","pollen","pollen","pollen","pollen","pollen","pollen","pollen","spore","spore","pollen","pollen","pollen","pollen","pollen","pollen","pollen","spore","pollen","pollen","pollen","pollen","pollen","pollen","pollen","pollen","pollen","pollen","pollen","pollen","pollen","pollen","pollen","pollen","pollen","spore","pollen","spore","pollen","pollen","pollen","pollen","pollen","pollen","pollen","pollen","pollen","pollen","pollen","spore","pollen","pollen","pollen","pollen","pollen","pollen","pollen","pollen","pollen","pollen","pollen","pollen","spore","pollen","pollen","pollen","pollen","pollen","pollen","spore","pollen","pollen","pollen","pollen","pollen","pollen","pollen","pollen","pollen","spore","pollen","pollen","pollen","pollen","pollen","pollen","pollen","pollen","pollen","pollen/spore","pollen","pollen","pollen","spore","spore","pollen","pollen","pollen","pollen","pollen","pollen","spore","pollen","pollen","pollen","pollen","pollen","pollen","pollen","pollen","spore","pollen","pollen","pollen","pollen","pollen","pollen","pollen","pollen","Lake Victoria (Shirati Bay) LV4",33.7961333333333,33.7961333333333,-1.04943333333333,-1.04943333333333,1135,6880000,"Tanzania",NA,NA,NA,NA,68,33135,"LVC18_S4","Lake Victoria LV4","Core","UWITEC piston corer","2018-10-01",NA,"Natural Lake",63,"30 km away from the shore in the Shirati Bay",NA,NA,NA,NA,NA,NA,NA,"2,10,12,3,16",44877,"8777,15357,20039,20044,9599","Gobet, E.|Grosjean, M.|Muschick, M.|Seehausen, O.|Tinner, W.",14,"Depth",15,"Carbon-14","Radiocarbon years BP",517,2,"BE-16258",9000,260,260,1,260,"False","Charcoal","","Temotzin-Loranca et al. 2023",2,20036,"Temoltzin-Loranca, Y.",9260,8740,11,20042,20042,"Ngoepe, Nare","Ngoepe, N.","Ngoepe","Nare","N.","","unknown","Institute of Ecology and Evolution
University of Bern
Bern, Switzerland","","","","",2,"true","journal article",20441,"https://doi.org/10.1016/j.palaeo.2023.111839",2023,"Temotzin-Loranca, Y., E. Gobet, B. Vannière, J.F.N. van Leeuwen, G. Wienhues, C. Courtney-Mustaphi, M. Kishe, M. Muschick, L. King, P. Misra, N. Ngoepe, B. Matthews, H. Vogel, O. Heiri, O. Seehausen, M. Grosjean, and W. Tinner. 2023. Long-term ecological successions of vegetation around Lake Victoria (East Africa) in response to latest Pleistocene and Early Holocene climate changes. Palaeogeography, Palaeoclimatology, Palaeoecology 631:111839. [DOI: https://doi.org/10.1016/j.palaeo.2023.111839]","Long-term ecological successions of vegetation around Lake Victoria (East Africa) in response to latest Pleistocene and Early Holocene climate changes","Palaeogeography, Palaeoclimatology, Palaeoecology",631,111839,2,20,"Wienhues","G.","20036,8777,9974,15224,20037,18278,20038,20039,20040,20041,20042,20043,10026,9224,20044,15357,9599","Temoltzin-Loranca, Y.|Gobet, E.|Vannière, B.|van Leeuwen, J.F.N.|Wienhues, G.|Courtney-Mustaphi, C.J.|Kishe, M.|Muschick, M.|King, L.|Misra, P.|Ngoepe, N.|Matthews, B.|Vogel, H.|Heiri, O.|Seehausen, O.|Grosjean, M.|Tinner, W.",15695,"18278,8777,15357,9224,20040,20038,20043,20041,20039,20042,20044,20036,9599,15224,9974,10026,20037","Morales-Molino, C.","Courtney-Mustaphi, C.J.|Gobet, E.|Grosjean, M.|Heiri, O.|King, L.|Kishe, M.|Matthews, B.|Misra, P.|Muschick, M.|Ngoepe, N.|Seehausen, O.|Temoltzin-Loranca, Y.|Tinner, W.|van Leeuwen, J.F.N.|Vannière, B.|Vogel, H.|Wienhues, G.","Pollen","LV4 pollen",1,"Temoltzin-Loranca et al. (2023)","Calendar years BP","True",NA,"rbacon",16700,-50,NA,"Temotzin-Loranca, Y.",15,20036,"Temoltzin-Loranca, Y.",NA,NA,NA,NA,"Radiocarbon"
590,1,1,12128,1,4,9666,357,0,0,0,0,0,1,0,0,0,0,1,1,6,0,0,1,0,0,0,2,7,0,0,0,0,0,0,1,0,1,13,0,0,2,0,0,0,0,3,0,0,3,2,0,0,50,0,0,0,0,0,2,0,0,0,0,1,0,0,0,0,0,0,0,1,0,4,0,0,1,0,0,0,0,0,10,0,0,0,13,0,0,0,1,0,0,0,36,0,0,0,0,0,0,0,0,218,8,11,0,2,0,0,0,2,0,0,0,1,1,0,0,0,1,0,0,0,0,1,0,2,0,1,0,0,0,0,0,"ml","number","spores/tablet","number","NISP","NISP","NISP","NISP","NISP","NISP","NISP","NISP","NISP","NISP","NISP","NISP","NISP","NISP","NISP","NISP","NISP","NISP","NISP","NISP","NISP","NISP","NISP","NISP","NISP","NISP","NISP","NISP","NISP","NISP","NISP","NISP","NISP","NISP","NISP","NISP","NISP","NISP","NISP","NISP","NISP","NISP","NISP","NISP","NISP","NISP","NISP","NISP","NISP","NISP","NISP","NISP","NISP","NISP","NISP","NISP","NISP","NISP","NISP","NISP","NISP","NISP","NISP","NISP","NISP","NISP","NISP","NISP","NISP","NISP","NISP","NISP","NISP","NISP","NISP","NISP","NISP","NISP","NISP","NISP","NISP","NISP","NISP","NISP","NISP","NISP","NISP","NISP","NISP","NISP","NISP","NISP","NISP","NISP","NISP","NISP","NISP","NISP","NISP","NISP","NISP","NISP","NISP","NISP","NISP","NISP","NISP","NISP","NISP","NISP","NISP","NISP","NISP","NISP","NISP","NISP","NISP","NISP","NISP","NISP","NISP","NISP","NISP","NISP","NISP","NISP","NISP","NISP","volume","quantity added","concentration","counted","pollen","pollen","pollen","pollen","pollen","pollen","pollen","pollen","pollen","pollen","pollen","pollen","pollen","pollen","pollen","pollen","pollen","spore","spore","pollen","pollen","pollen","pollen","pollen","pollen","pollen","spore","pollen","pollen","pollen","pollen","pollen","pollen","pollen","pollen","pollen","pollen","pollen","pollen","pollen","pollen","pollen","pollen","pollen","spore","pollen","spore","pollen","pollen","pollen","pollen","pollen","pollen","pollen","pollen","pollen","pollen","pollen","spore","pollen","pollen","pollen","pollen","pollen","pollen","pollen","pollen","pollen","pollen","pollen","pollen","spore","pollen","pollen","pollen","pollen","pollen","pollen","spore","pollen","pollen","pollen","pollen","pollen","pollen","pollen","pollen","pollen","spore","pollen","pollen","pollen","pollen","pollen","pollen","pollen","pollen","pollen","pollen/spore","pollen","pollen","pollen","spore","spore","pollen","pollen","pollen","pollen","pollen","pollen","spore","pollen","pollen","pollen","pollen","pollen","pollen","pollen","pollen","spore","pollen","pollen","pollen","pollen","pollen","pollen","pollen","pollen","Lake Victoria (Shirati Bay) LV4",33.7961333333333,33.7961333333333,-1.04943333333333,-1.04943333333333,1135,6880000,"Tanzania",NA,NA,NA,NA,68,33135,"LVC18_S4","Lake Victoria LV4","Core","UWITEC piston corer","2018-10-01",NA,"Natural Lake",63,"30 km away from the shore in the Shirati Bay",NA,NA,NA,NA,NA,NA,NA,"2,10,12,3,16",44877,"8777,15357,20039,20044,9599","Gobet, E.|Grosjean, M.|Muschick, M.|Seehausen, O.|Tinner, W.",14,"Depth",15,"Carbon-14","Radiocarbon years BP",517,2,"BE-16258",9000,260,260,1,260,"False","Charcoal","","Temotzin-Loranca et al. 2023",2,20036,"Temoltzin-Loranca, Y.",9260,8740,11,20042,20042,"Ngoepe, Nare","Ngoepe, N.","Ngoepe","Nare","N.","","unknown","Institute of Ecology and Evolution
University of Bern
Bern, Switzerland","","","","",2,"true","journal article",20441,"https://doi.org/10.1016/j.palaeo.2023.111839",2023,"Temotzin-Loranca, Y., E. Gobet, B. Vannière, J.F.N. van Leeuwen, G. Wienhues, C. Courtney-Mustaphi, M. Kishe, M. Muschick, L. King, P. Misra, N. Ngoepe, B. Matthews, H. Vogel, O. Heiri, O. Seehausen, M. Grosjean, and W. Tinner. 2023. Long-term ecological successions of vegetation around Lake Victoria (East Africa) in response to latest Pleistocene and Early Holocene climate changes. Palaeogeography, Palaeoclimatology, Palaeoecology 631:111839. [DOI: https://doi.org/10.1016/j.palaeo.2023.111839]","Long-term ecological successions of vegetation around Lake Victoria (East Africa) in response to latest Pleistocene and Early Holocene climate changes","Palaeogeography, Palaeoclimatology, Palaeoecology",631,111839,2,20,"Wienhues","G.","20036,8777,9974,15224,20037,18278,20038,20039,20040,20041,20042,20043,10026,9224,20044,15357,9599","Temoltzin-Loranca, Y.|Gobet, E.|Vannière, B.|van Leeuwen, J.F.N.|Wienhues, G.|Courtney-Mustaphi, C.J.|Kishe, M.|Muschick, M.|King, L.|Misra, P.|Ngoepe, N.|Matthews, B.|Vogel, H.|Heiri, O.|Seehausen, O.|Grosjean, M.|Tinner, W.",15695,"18278,8777,15357,9224,20040,20038,20043,20041,20039,20042,20044,20036,9599,15224,9974,10026,20037","Morales-Molino, C.","Courtney-Mustaphi, C.J.|Gobet, E.|Grosjean, M.|Heiri, O.|King, L.|Kishe, M.|Matthews, B.|Misra, P.|Muschick, M.|Ngoepe, N.|Seehausen, O.|Temoltzin-Loranca, Y.|Tinner, W.|van Leeuwen, J.F.N.|Vannière, B.|Vogel, H.|Wienhues, G.","Pollen","LV4 pollen",1,"Temoltzin-Loranca et al. (2023)","Calendar years BP","True",NA,"rbacon",16700,-50,NA,"Temotzin-Loranca, Y.",15,20036,"Temoltzin-Loranca, Y.",NA,NA,NA,NA,"Radiocarbon"
592,1,1,12180,1,4,9666,347,0,0,0,0,0,1,0,0,0,0,2,0,5,0,0,1,0,0,0,1,6,0,0,0,0,1,0,0,0,0,12,0,0,2,0,0,0,0,2,0,0,2,1,0,0,55,0,0,0,0,0,2,0,0,0,0,2,0,0,0,0,2,0,0,0,1,3,0,0,0,0,0,0,0,0,9,0,1,0,12,0,0,0,0,0,0,0,35,0,0,0,0,0,0,0,0,212,7,10,0,1,0,0,0,1,1,0,0,1,0,0,0,0,0,0,0,0,1,0,0,1,0,0,0,0,1,0,0,"ml","number","spores/tablet","number","NISP","NISP","NISP","NISP","NISP","NISP","NISP","NISP","NISP","NISP","NISP","NISP","NISP","NISP","NISP","NISP","NISP","NISP","NISP","NISP","NISP","NISP","NISP","NISP","NISP","NISP","NISP","NISP","NISP","NISP","NISP","NISP","NISP","NISP","NISP","NISP","NISP","NISP","NISP","NISP","NISP","NISP","NISP","NISP","NISP","NISP","NISP","NISP","NISP","NISP","NISP","NISP","NISP","NISP","NISP","NISP","NISP","NISP","NISP","NISP","NISP","NISP","NISP","NISP","NISP","NISP","NISP","NISP","NISP","NISP","NISP","NISP","NISP","NISP","NISP","NISP","NISP","NISP","NISP","NISP","NISP","NISP","NISP","NISP","NISP","NISP","NISP","NISP","NISP","NISP","NISP","NISP","NISP","NISP","NISP","NISP","NISP","NISP","NISP","NISP","NISP","NISP","NISP","NISP","NISP","NISP","NISP","NISP","NISP","NISP","NISP","NISP","NISP","NISP","NISP","NISP","NISP","NISP","NISP","NISP","NISP","NISP","NISP","NISP","NISP","NISP","NISP","NISP","volume","quantity added","concentration","counted","pollen","pollen","pollen","pollen","pollen","pollen","pollen","pollen","pollen","pollen","pollen","pollen","pollen","pollen","pollen","pollen","pollen","spore","spore","pollen","pollen","pollen","pollen","pollen","pollen","pollen","spore","pollen","pollen","pollen","pollen","pollen","pollen","pollen","pollen","pollen","pollen","pollen","pollen","pollen","pollen","pollen","pollen","pollen","spore","pollen","spore","pollen","pollen","pollen","pollen","pollen","pollen","pollen","pollen","pollen","pollen","pollen","spore","pollen","pollen","pollen","pollen","pollen","pollen","pollen","pollen","pollen","pollen","pollen","pollen","spore","pollen","pollen","pollen","pollen","pollen","pollen","spore","pollen","pollen","pollen","pollen","pollen","pollen","pollen","pollen","pollen","spore","pollen","pollen","pollen","pollen","pollen","pollen","pollen","pollen","pollen","pollen/spore","pollen","pollen","pollen","spore","spore","pollen","pollen","pollen","pollen","pollen","pollen","spore","pollen","pollen","pollen","pollen","pollen","pollen","pollen","pollen","spore","pollen","pollen","pollen","pollen","pollen","pollen","pollen","pollen","Lake Victoria (Shirati Bay) LV4",33.7961333333333,33.7961333333333,-1.04943333333333,-1.04943333333333,1135,6880000,"Tanzania",NA,NA,NA,NA,68,33135,"LVC18_S4","Lake Victoria LV4","Core","UWITEC piston corer","2018-10-01",NA,"Natural Lake",63,"30 km away from the shore in the Shirati Bay",NA,NA,NA,NA,NA,NA,NA,"2,10,12,3,16",44877,"8777,15357,20039,20044,9599","Gobet, E.|Grosjean, M.|Muschick, M.|Seehausen, O.|Tinner, W.",15,"Depth",15,"Carbon-14","Radiocarbon years BP",547,2,"BE-16259",9320,190,190,1,190,"False","Charcoal","","Temotzin-Loranca et al. 2023",2,20036,"Temoltzin-Loranca, Y.",9510,9130,11,20042,20042,"Ngoepe, Nare","Ngoepe, N.","Ngoepe","Nare","N.","","unknown","Institute of Ecology and Evolution
University of Bern
Bern, Switzerland","","","","",2,"true","journal article",20441,"https://doi.org/10.1016/j.palaeo.2023.111839",2023,"Temotzin-Loranca, Y., E. Gobet, B. Vannière, J.F.N. van Leeuwen, G. Wienhues, C. Courtney-Mustaphi, M. Kishe, M. Muschick, L. King, P. Misra, N. Ngoepe, B. Matthews, H. Vogel, O. Heiri, O. Seehausen, M. Grosjean, and W. Tinner. 2023. Long-term ecological successions of vegetation around Lake Victoria (East Africa) in response to latest Pleistocene and Early Holocene climate changes. Palaeogeography, Palaeoclimatology, Palaeoecology 631:111839. [DOI: https://doi.org/10.1016/j.palaeo.2023.111839]","Long-term ecological successions of vegetation around Lake Victoria (East Africa) in response to latest Pleistocene and Early Holocene climate changes","Palaeogeography, Palaeoclimatology, Palaeoecology",631,111839,2,20,"Wienhues","G.","20036,8777,9974,15224,20037,18278,20038,20039,20040,20041,20042,20043,10026,9224,20044,15357,9599","Temoltzin-Loranca, Y.|Gobet, E.|Vannière, B.|van Leeuwen, J.F.N.|Wienhues, G.|Courtney-Mustaphi, C.J.|Kishe, M.|Muschick, M.|King, L.|Misra, P.|Ngoepe, N.|Matthews, B.|Vogel, H.|Heiri, O.|Seehausen, O.|Grosjean, M.|Tinner, W.",15695,"18278,8777,15357,9224,20040,20038,20043,20041,20039,20042,20044,20036,9599,15224,9974,10026,20037","Morales-Molino, C.","Courtney-Mustaphi, C.J.|Gobet, E.|Grosjean, M.|Heiri, O.|King, L.|Kishe, M.|Matthews, B.|Misra, P.|Muschick, M.|Ngoepe, N.|Seehausen, O.|Temoltzin-Loranca, Y.|Tinner, W.|van Leeuwen, J.F.N.|Vannière, B.|Vogel, H.|Wienhues, G.","Pollen","LV4 pollen",1,"Temoltzin-Loranca et al. (2023)","Calendar years BP","True",NA,"rbacon",16700,-50,NA,"Temotzin-Loranca, Y.",15,20036,"Temoltzin-Loranca, Y.",NA,NA,NA,NA,"Radiocarbon"
594,1,1,12234,1,4,9666,352,0,0,0,0,0,1,0,0,0,0,3,2,4,1,0,3,0,0,0,0,13,0,0,0,0,1,0,0,0,0,4,0,0,0,0,0,0,0,1,0,0,0,0,0,0,50,0,0,0,0,0,0,0,0,0,0,0,0,0,0,0,4,0,0,2,1,6,0,0,1,0,0,0,0,0,6,0,1,5,23,0,0,1,3,2,0,0,47,0,0,0,0,0,0,0,0,194,8,16,0,0,0,2,0,0,1,0,0,0,0,0,0,0,0,0,0,0,0,0,0,3,0,10,0,0,1,0,0,"ml","number","spores/tablet","number","NISP","NISP","NISP","NISP","NISP","NISP","NISP","NISP","NISP","NISP","NISP","NISP","NISP","NISP","NISP","NISP","NISP","NISP","NISP","NISP","NISP","NISP","NISP","NISP","NISP","NISP","NISP","NISP","NISP","NISP","NISP","NISP","NISP","NISP","NISP","NISP","NISP","NISP","NISP","NISP","NISP","NISP","NISP","NISP","NISP","NISP","NISP","NISP","NISP","NISP","NISP","NISP","NISP","NISP","NISP","NISP","NISP","NISP","NISP","NISP","NISP","NISP","NISP","NISP","NISP","NISP","NISP","NISP","NISP","NISP","NISP","NISP","NISP","NISP","NISP","NISP","NISP","NISP","NISP","NISP","NISP","NISP","NISP","NISP","NISP","NISP","NISP","NISP","NISP","NISP","NISP","NISP","NISP","NISP","NISP","NISP","NISP","NISP","NISP","NISP","NISP","NISP","NISP","NISP","NISP","NISP","NISP","NISP","NISP","NISP","NISP","NISP","NISP","NISP","NISP","NISP","NISP","NISP","NISP","NISP","NISP","NISP","NISP","NISP","NISP","NISP","NISP","NISP","volume","quantity added","concentration","counted","pollen","pollen","pollen","pollen","pollen","pollen","pollen","pollen","pollen","pollen","pollen","pollen","pollen","pollen","pollen","pollen","pollen","spore","spore","pollen","pollen","pollen","pollen","pollen","pollen","pollen","spore","pollen","pollen","pollen","pollen","pollen","pollen","pollen","pollen","pollen","pollen","pollen","pollen","pollen","pollen","pollen","pollen","pollen","spore","pollen","spore","pollen","pollen","pollen","pollen","pollen","pollen","pollen","pollen","pollen","pollen","pollen","spore","pollen","pollen","pollen","pollen","pollen","pollen","pollen","pollen","pollen","pollen","pollen","pollen","spore","pollen","pollen","pollen","pollen","pollen","pollen","spore","pollen","pollen","pollen","pollen","pollen","pollen","pollen","pollen","pollen","spore","pollen","pollen","pollen","pollen","pollen","pollen","pollen","pollen","pollen","pollen/spore","pollen","pollen","pollen","spore","spore","pollen","pollen","pollen","pollen","pollen","pollen","spore","pollen","pollen","pollen","pollen","pollen","pollen","pollen","pollen","spore","pollen","pollen","pollen","pollen","pollen","pollen","pollen","pollen","Lake Victoria (Shirati Bay) LV4",33.7961333333333,33.7961333333333,-1.04943333333333,-1.04943333333333,1135,6880000,"Tanzania",NA,NA,NA,NA,68,33135,"LVC18_S4","Lake Victoria LV4","Core","UWITEC piston corer","2018-10-01",NA,"Natural Lake",63,"30 km away from the shore in the Shirati Bay",NA,NA,NA,NA,NA,NA,NA,"2,10,12,3,16",44877,"8777,15357,20039,20044,9599","Gobet, E.|Grosjean, M.|Muschick, M.|Seehausen, O.|Tinner, W.",15,"Depth",15,"Carbon-14","Radiocarbon years BP",547,2,"BE-16259",9320,190,190,1,190,"False","Charcoal","","Temotzin-Loranca et al. 2023",2,20036,"Temoltzin-Loranca, Y.",9510,9130,12,20044,20044,"Seehausen, Ole","Seehausen, O.","Seehausen","Ole","O.","Prof. Dr.","active","Institute of Ecology and Evolution
University of Bern
Bern, Switzerland","","","","",2,"true","journal article",20441,"https://doi.org/10.1016/j.palaeo.2023.111839",2023,"Temotzin-Loranca, Y., E. Gobet, B. Vannière, J.F.N. van Leeuwen, G. Wienhues, C. Courtney-Mustaphi, M. Kishe, M. Muschick, L. King, P. Misra, N. Ngoepe, B. Matthews, H. Vogel, O. Heiri, O. Seehausen, M. Grosjean, and W. Tinner. 2023. Long-term ecological successions of vegetation around Lake Victoria (East Africa) in response to latest Pleistocene and Early Holocene climate changes. Palaeogeography, Palaeoclimatology, Palaeoecology 631:111839. [DOI: https://doi.org/10.1016/j.palaeo.2023.111839]","Long-term ecological successions of vegetation around Lake Victoria (East Africa) in response to latest Pleistocene and Early Holocene climate changes","Palaeogeography, Palaeoclimatology, Palaeoecology",631,111839,2,20,"Wienhues","G.","20036,8777,9974,15224,20037,18278,20038,20039,20040,20041,20042,20043,10026,9224,20044,15357,9599","Temoltzin-Loranca, Y.|Gobet, E.|Vannière, B.|van Leeuwen, J.F.N.|Wienhues, G.|Courtney-Mustaphi, C.J.|Kishe, M.|Muschick, M.|King, L.|Misra, P.|Ngoepe, N.|Matthews, B.|Vogel, H.|Heiri, O.|Seehausen, O.|Grosjean, M.|Tinner, W.",15695,"18278,8777,15357,9224,20040,20038,20043,20041,20039,20042,20044,20036,9599,15224,9974,10026,20037","Morales-Molino, C.","Courtney-Mustaphi, C.J.|Gobet, E.|Grosjean, M.|Heiri, O.|King, L.|Kishe, M.|Matthews, B.|Misra, P.|Muschick, M.|Ngoepe, N.|Seehausen, O.|Temoltzin-Loranca, Y.|Tinner, W.|van Leeuwen, J.F.N.|Vannière, B.|Vogel, H.|Wienhues, G.","Pollen","LV4 pollen",1,"Temoltzin-Loranca et al. (2023)","Calendar years BP","True",NA,"rbacon",16700,-50,NA,"Temotzin-Loranca, Y.",15,20036,"Temoltzin-Loranca, Y.",NA,NA,NA,NA,"Radiocarbon"
596,1,1,12286,1,4,9666,359,0,0,0,0,0,1,0,0,0,0,4,2,4,1,0,3,0,0,0,0,9,0,0,0,0,1,0,0,0,0,2,0,0,2,0,0,0,0,0,0,0,0,0,0,0,38,0,0,0,0,0,0,0,0,0,0,0,0,0,0,0,3,0,0,0,1,4,0,0,0,0,0,0,0,0,6,0,1,3,14,0,0,1,3,2,0,0,41,0,0,0,0,0,0,0,0,197,8,16,0,0,0,2,0,0,1,0,0,0,0,0,0,0,0,0,0,0,0,0,0,3,0,10,0,0,1,0,0,"ml","number","spores/tablet","number","NISP","NISP","NISP","NISP","NISP","NISP","NISP","NISP","NISP","NISP","NISP","NISP","NISP","NISP","NISP","NISP","NISP","NISP","NISP","NISP","NISP","NISP","NISP","NISP","NISP","NISP","NISP","NISP","NISP","NISP","NISP","NISP","NISP","NISP","NISP","NISP","NISP","NISP","NISP","NISP","NISP","NISP","NISP","NISP","NISP","NISP","NISP","NISP","NISP","NISP","NISP","NISP","NISP","NISP","NISP","NISP","NISP","NISP","NISP","NISP","NISP","NISP","NISP","NISP","NISP","NISP","NISP","NISP","NISP","NISP","NISP","NISP","NISP","NISP","NISP","NISP","NISP","NISP","NISP","NISP","NISP","NISP","NISP","NISP","NISP","NISP","NISP","NISP","NISP","NISP","NISP","NISP","NISP","NISP","NISP","NISP","NISP","NISP","NISP","NISP","NISP","NISP","NISP","NISP","NISP","NISP","NISP","NISP","NISP","NISP","NISP","NISP","NISP","NISP","NISP","NISP","NISP","NISP","NISP","NISP","NISP","NISP","NISP","NISP","NISP","NISP","NISP","NISP","volume","quantity added","concentration","counted","pollen","pollen","pollen","pollen","pollen","pollen","pollen","pollen","pollen","pollen","pollen","pollen","pollen","pollen","pollen","pollen","pollen","spore","spore","pollen","pollen","pollen","pollen","pollen","pollen","pollen","spore","pollen","pollen","pollen","pollen","pollen","pollen","pollen","pollen","pollen","pollen","pollen","pollen","pollen","pollen","pollen","pollen","pollen","spore","pollen","spore","pollen","pollen","pollen","pollen","pollen","pollen","pollen","pollen","pollen","pollen","pollen","spore","pollen","pollen","pollen","pollen","pollen","pollen","pollen","pollen","pollen","pollen","pollen","pollen","spore","pollen","pollen","pollen","pollen","pollen","pollen","spore","pollen","pollen","pollen","pollen","pollen","pollen","pollen","pollen","pollen","spore","pollen","pollen","pollen","pollen","pollen","pollen","pollen","pollen","pollen","pollen/spore","pollen","pollen","pollen","spore","spore","pollen","pollen","pollen","pollen","pollen","pollen","spore","pollen","pollen","pollen","pollen","pollen","pollen","pollen","pollen","spore","pollen","pollen","pollen","pollen","pollen","pollen","pollen","pollen","Lake Victoria (Shirati Bay) LV4",33.7961333333333,33.7961333333333,-1.04943333333333,-1.04943333333333,1135,6880000,"Tanzania",NA,NA,NA,NA,68,33135,"LVC18_S4","Lake Victoria LV4","Core","UWITEC piston corer","2018-10-01",NA,"Natural Lake",63,"30 km away from the shore in the Shirati Bay",NA,NA,NA,NA,NA,NA,NA,"2,10,12,3,16",44877,"8777,15357,20039,20044,9599","Gobet, E.|Grosjean, M.|Muschick, M.|Seehausen, O.|Tinner, W.",15,"Depth",15,"Carbon-14","Radiocarbon years BP",547,2,"BE-16259",9320,190,190,1,190,"False","Charcoal","","Temotzin-Loranca et al. 2023",2,20036,"Temoltzin-Loranca, Y.",9510,9130,12,20044,20044,"Seehausen, Ole","Seehausen, O.","Seehausen","Ole","O.","Prof. Dr.","active","Institute of Ecology and Evolution
University of Bern
Bern, Switzerland","","","","",2,"true","journal article",20441,"https://doi.org/10.1016/j.palaeo.2023.111839",2023,"Temotzin-Loranca, Y., E. Gobet, B. Vannière, J.F.N. van Leeuwen, G. Wienhues, C. Courtney-Mustaphi, M. Kishe, M. Muschick, L. King, P. Misra, N. Ngoepe, B. Matthews, H. Vogel, O. Heiri, O. Seehausen, M. Grosjean, and W. Tinner. 2023. Long-term ecological successions of vegetation around Lake Victoria (East Africa) in response to latest Pleistocene and Early Holocene climate changes. Palaeogeography, Palaeoclimatology, Palaeoecology 631:111839. [DOI: https://doi.org/10.1016/j.palaeo.2023.111839]","Long-term ecological successions of vegetation around Lake Victoria (East Africa) in response to latest Pleistocene and Early Holocene climate changes","Palaeogeography, Palaeoclimatology, Palaeoecology",631,111839,2,20,"Wienhues","G.","20036,8777,9974,15224,20037,18278,20038,20039,20040,20041,20042,20043,10026,9224,20044,15357,9599","Temoltzin-Loranca, Y.|Gobet, E.|Vannière, B.|van Leeuwen, J.F.N.|Wienhues, G.|Courtney-Mustaphi, C.J.|Kishe, M.|Muschick, M.|King, L.|Misra, P.|Ngoepe, N.|Matthews, B.|Vogel, H.|Heiri, O.|Seehausen, O.|Grosjean, M.|Tinner, W.",15695,"18278,8777,15357,9224,20040,20038,20043,20041,20039,20042,20044,20036,9599,15224,9974,10026,20037","Morales-Molino, C.","Courtney-Mustaphi, C.J.|Gobet, E.|Grosjean, M.|Heiri, O.|King, L.|Kishe, M.|Matthews, B.|Misra, P.|Muschick, M.|Ngoepe, N.|Seehausen, O.|Temoltzin-Loranca, Y.|Tinner, W.|van Leeuwen, J.F.N.|Vannière, B.|Vogel, H.|Wienhues, G.","Pollen","LV4 pollen",1,"Temoltzin-Loranca et al. (2023)","Calendar years BP","True",NA,"rbacon",16700,-50,NA,"Temotzin-Loranca, Y.",15,20036,"Temoltzin-Loranca, Y.",NA,NA,NA,NA,"Radiocarbon"
598,1,1,12335,1,4,9666,265,0,0,0,0,0,0,0,0,0,0,2,1,4,0,0,0,0,0,0,0,7,0,0,0,1,0,0,0,0,0,5,0,0,1,0,0,0,0,3,0,1,0,1,1,0,39,0,0,0,0,0,0,0,1,0,0,0,0,0,0,0,0,0,0,0,0,0,0,1,0,0,0,0,0,0,5,0,0,3,12,0,0,0,4,1,1,0,34,0,0,0,0,0,0,0,0,152,6,6,0,1,0,2,0,0,0,0,0,2,0,0,0,0,0,0,0,0,1,0,0,4,0,2,0,0,2,0,0,"ml","number","spores/tablet","number","NISP","NISP","NISP","NISP","NISP","NISP","NISP","NISP","NISP","NISP","NISP","NISP","NISP","NISP","NISP","NISP","NISP","NISP","NISP","NISP","NISP","NISP","NISP","NISP","NISP","NISP","NISP","NISP","NISP","NISP","NISP","NISP","NISP","NISP","NISP","NISP","NISP","NISP","NISP","NISP","NISP","NISP","NISP","NISP","NISP","NISP","NISP","NISP","NISP","NISP","NISP","NISP","NISP","NISP","NISP","NISP","NISP","NISP","NISP","NISP","NISP","NISP","NISP","NISP","NISP","NISP","NISP","NISP","NISP","NISP","NISP","NISP","NISP","NISP","NISP","NISP","NISP","NISP","NISP","NISP","NISP","NISP","NISP","NISP","NISP","NISP","NISP","NISP","NISP","NISP","NISP","NISP","NISP","NISP","NISP","NISP","NISP","NISP","NISP","NISP","NISP","NISP","NISP","NISP","NISP","NISP","NISP","NISP","NISP","NISP","NISP","NISP","NISP","NISP","NISP","NISP","NISP","NISP","NISP","NISP","NISP","NISP","NISP","NISP","NISP","NISP","NISP","NISP","volume","quantity added","concentration","counted","pollen","pollen","pollen","pollen","pollen","pollen","pollen","pollen","pollen","pollen","pollen","pollen","pollen","pollen","pollen","pollen","pollen","spore","spore","pollen","pollen","pollen","pollen","pollen","pollen","pollen","spore","pollen","pollen","pollen","pollen","pollen","pollen","pollen","pollen","pollen","pollen","pollen","pollen","pollen","pollen","pollen","pollen","pollen","spore","pollen","spore","pollen","pollen","pollen","pollen","pollen","pollen","pollen","pollen","pollen","pollen","pollen","spore","pollen","pollen","pollen","pollen","pollen","pollen","pollen","pollen","pollen","pollen","pollen","pollen","spore","pollen","pollen","pollen","pollen","pollen","pollen","spore","pollen","pollen","pollen","pollen","pollen","pollen","pollen","pollen","pollen","spore","pollen","pollen","pollen","pollen","pollen","pollen","pollen","pollen","pollen","pollen/spore","pollen","pollen","pollen","spore","spore","pollen","pollen","pollen","pollen","pollen","pollen","spore","pollen","pollen","pollen","pollen","pollen","pollen","pollen","pollen","spore","pollen","pollen","pollen","pollen","pollen","pollen","pollen","pollen","Lake Victoria (Shirati Bay) LV4",33.7961333333333,33.7961333333333,-1.04943333333333,-1.04943333333333,1135,6880000,"Tanzania",NA,NA,NA,NA,68,33135,"LVC18_S4","Lake Victoria LV4","Core","UWITEC piston corer","2018-10-01",NA,"Natural Lake",63,"30 km away from the shore in the Shirati Bay",NA,NA,NA,NA,NA,NA,NA,"2,10,12,3,16",44877,"8777,15357,20039,20044,9599","Gobet, E.|Grosjean, M.|Muschick, M.|Seehausen, O.|Tinner, W.",15,"Depth",15,"Carbon-14","Radiocarbon years BP",547,2,"BE-16259",9320,190,190,1,190,"False","Charcoal","","Temotzin-Loranca et al. 2023",2,20036,"Temoltzin-Loranca, Y.",9510,9130,12,20044,20044,"Seehausen, Ole","Seehausen, O.","Seehausen","Ole","O.","Prof. Dr.","active","Institute of Ecology and Evolution
University of Bern
Bern, Switzerland","","","","",2,"true","journal article",20441,"https://doi.org/10.1016/j.palaeo.2023.111839",2023,"Temotzin-Loranca, Y., E. Gobet, B. Vannière, J.F.N. van Leeuwen, G. Wienhues, C. Courtney-Mustaphi, M. Kishe, M. Muschick, L. King, P. Misra, N. Ngoepe, B. Matthews, H. Vogel, O. Heiri, O. Seehausen, M. Grosjean, and W. Tinner. 2023. Long-term ecological successions of vegetation around Lake Victoria (East Africa) in response to latest Pleistocene and Early Holocene climate changes. Palaeogeography, Palaeoclimatology, Palaeoecology 631:111839. [DOI: https://doi.org/10.1016/j.palaeo.2023.111839]","Long-term ecological successions of vegetation around Lake Victoria (East Africa) in response to latest Pleistocene and Early Holocene climate changes","Palaeogeography, Palaeoclimatology, Palaeoecology",631,111839,2,20,"Wienhues","G.","20036,8777,9974,15224,20037,18278,20038,20039,20040,20041,20042,20043,10026,9224,20044,15357,9599","Temoltzin-Loranca, Y.|Gobet, E.|Vannière, B.|van Leeuwen, J.F.N.|Wienhues, G.|Courtney-Mustaphi, C.J.|Kishe, M.|Muschick, M.|King, L.|Misra, P.|Ngoepe, N.|Matthews, B.|Vogel, H.|Heiri, O.|Seehausen, O.|Grosjean, M.|Tinner, W.",15695,"18278,8777,15357,9224,20040,20038,20043,20041,20039,20042,20044,20036,9599,15224,9974,10026,20037","Morales-Molino, C.","Courtney-Mustaphi, C.J.|Gobet, E.|Grosjean, M.|Heiri, O.|King, L.|Kishe, M.|Matthews, B.|Misra, P.|Muschick, M.|Ngoepe, N.|Seehausen, O.|Temoltzin-Loranca, Y.|Tinner, W.|van Leeuwen, J.F.N.|Vannière, B.|Vogel, H.|Wienhues, G.","Pollen","LV4 pollen",1,"Temoltzin-Loranca et al. (2023)","Calendar years BP","True",NA,"rbacon",16700,-50,NA,"Temotzin-Loranca, Y.",15,20036,"Temoltzin-Loranca, Y.",NA,NA,NA,NA,"Radiocarbon"
600,1,1,12384,1,4,9666,356,0,0,0,2,0,0,0,0,0,0,1,0,4,0,0,0,0,0,0,0,17,0,0,0,0,0,0,0,0,0,6,0,0,1,0,0,0,0,3,0,2,0,2,1,0,54,0,0,0,0,0,0,0,1,0,1,0,0,0,0,0,3,0,0,0,2,1,0,1,0,0,0,0,0,0,15,0,0,3,14,0,0,0,1,0,1,0,51,0,0,0,0,0,0,0,0,188,7,12,0,1,0,2,0,0,0,0,0,2,0,0,0,1,0,0,0,0,1,0,0,4,0,2,0,0,0,0,1,"ml","number","spores/tablet","number","NISP","NISP","NISP","NISP","NISP","NISP","NISP","NISP","NISP","NISP","NISP","NISP","NISP","NISP","NISP","NISP","NISP","NISP","NISP","NISP","NISP","NISP","NISP","NISP","NISP","NISP","NISP","NISP","NISP","NISP","NISP","NISP","NISP","NISP","NISP","NISP","NISP","NISP","NISP","NISP","NISP","NISP","NISP","NISP","NISP","NISP","NISP","NISP","NISP","NISP","NISP","NISP","NISP","NISP","NISP","NISP","NISP","NISP","NISP","NISP","NISP","NISP","NISP","NISP","NISP","NISP","NISP","NISP","NISP","NISP","NISP","NISP","NISP","NISP","NISP","NISP","NISP","NISP","NISP","NISP","NISP","NISP","NISP","NISP","NISP","NISP","NISP","NISP","NISP","NISP","NISP","NISP","NISP","NISP","NISP","NISP","NISP","NISP","NISP","NISP","NISP","NISP","NISP","NISP","NISP","NISP","NISP","NISP","NISP","NISP","NISP","NISP","NISP","NISP","NISP","NISP","NISP","NISP","NISP","NISP","NISP","NISP","NISP","NISP","NISP","NISP","NISP","NISP","volume","quantity added","concentration","counted","pollen","pollen","pollen","pollen","pollen","pollen","pollen","pollen","pollen","pollen","pollen","pollen","pollen","pollen","pollen","pollen","pollen","spore","spore","pollen","pollen","pollen","pollen","pollen","pollen","pollen","spore","pollen","pollen","pollen","pollen","pollen","pollen","pollen","pollen","pollen","pollen","pollen","pollen","pollen","pollen","pollen","pollen","pollen","spore","pollen","spore","pollen","pollen","pollen","pollen","pollen","pollen","pollen","pollen","pollen","pollen","pollen","spore","pollen","pollen","pollen","pollen","pollen","pollen","pollen","pollen","pollen","pollen","pollen","pollen","spore","pollen","pollen","pollen","pollen","pollen","pollen","spore","pollen","pollen","pollen","pollen","pollen","pollen","pollen","pollen","pollen","spore","pollen","pollen","pollen","pollen","pollen","pollen","pollen","pollen","pollen","pollen/spore","pollen","pollen","pollen","spore","spore","pollen","pollen","pollen","pollen","pollen","pollen","spore","pollen","pollen","pollen","pollen","pollen","pollen","pollen","pollen","spore","pollen","pollen","pollen","pollen","pollen","pollen","pollen","pollen","Lake Victoria (Shirati Bay) LV4",33.7961333333333,33.7961333333333,-1.04943333333333,-1.04943333333333,1135,6880000,"Tanzania",NA,NA,NA,NA,68,33135,"LVC18_S4","Lake Victoria LV4","Core","UWITEC piston corer","2018-10-01",NA,"Natural Lake",63,"30 km away from the shore in the Shirati Bay",NA,NA,NA,NA,NA,NA,NA,"2,10,12,3,16",44877,"8777,15357,20039,20044,9599","Gobet, E.|Grosjean, M.|Muschick, M.|Seehausen, O.|Tinner, W.",15,"Depth",15,"Carbon-14","Radiocarbon years BP",547,2,"BE-16259",9320,190,190,1,190,"False","Charcoal","","Temotzin-Loranca et al. 2023",2,20036,"Temoltzin-Loranca, Y.",9510,9130,12,20044,20044,"Seehausen, Ole","Seehausen, O.","Seehausen","Ole","O.","Prof. Dr.","active","Institute of Ecology and Evolution
University of Bern
Bern, Switzerland","","","","",2,"true","journal article",20441,"https://doi.org/10.1016/j.palaeo.2023.111839",2023,"Temotzin-Loranca, Y., E. Gobet, B. Vannière, J.F.N. van Leeuwen, G. Wienhues, C. Courtney-Mustaphi, M. Kishe, M. Muschick, L. King, P. Misra, N. Ngoepe, B. Matthews, H. Vogel, O. Heiri, O. Seehausen, M. Grosjean, and W. Tinner. 2023. Long-term ecological successions of vegetation around Lake Victoria (East Africa) in response to latest Pleistocene and Early Holocene climate changes. Palaeogeography, Palaeoclimatology, Palaeoecology 631:111839. [DOI: https://doi.org/10.1016/j.palaeo.2023.111839]","Long-term ecological successions of vegetation around Lake Victoria (East Africa) in response to latest Pleistocene and Early Holocene climate changes","Palaeogeography, Palaeoclimatology, Palaeoecology",631,111839,2,1,"Courtney-Mustaphi","C.","20036,8777,9974,15224,20037,18278,20038,20039,20040,20041,20042,20043,10026,9224,20044,15357,9599","Temoltzin-Loranca, Y.|Gobet, E.|Vannière, B.|van Leeuwen, J.F.N.|Wienhues, G.|Courtney-Mustaphi, C.J.|Kishe, M.|Muschick, M.|King, L.|Misra, P.|Ngoepe, N.|Matthews, B.|Vogel, H.|Heiri, O.|Seehausen, O.|Grosjean, M.|Tinner, W.",15695,"18278,8777,15357,9224,20040,20038,20043,20041,20039,20042,20044,20036,9599,15224,9974,10026,20037","Morales-Molino, C.","Courtney-Mustaphi, C.J.|Gobet, E.|Grosjean, M.|Heiri, O.|King, L.|Kishe, M.|Matthews, B.|Misra, P.|Muschick, M.|Ngoepe, N.|Seehausen, O.|Temoltzin-Loranca, Y.|Tinner, W.|van Leeuwen, J.F.N.|Vannière, B.|Vogel, H.|Wienhues, G.","Pollen","LV4 pollen",1,"Temoltzin-Loranca et al. (2023)","Calendar years BP","True",NA,"rbacon",16700,-50,NA,"Temotzin-Loranca, Y.",15,20036,"Temoltzin-Loranca, Y.",NA,NA,NA,NA,"Radiocarbon"
602,1,1,12430,1,4,9666,330,0,0,0,0,0,0,0,0,0,0,1,2,6,1,0,2,0,0,0,0,9,0,0,0,0,0,0,1,0,0,14,0,0,0,0,0,0,0,2,0,0,2,0,1,1,56,0,0,0,0,0,2,0,0,0,2,0,0,0,0,0,1,0,0,1,1,2,0,0,0,0,0,0,0,0,10,0,0,1,17,0,0,0,1,2,0,0,54,0,0,0,0,0,0,0,0,215,6,13,0,0,0,1,0,0,0,0,0,0,0,0,0,1,1,0,0,0,0,1,0,2,0,5,0,0,1,0,0,"ml","number","spores/tablet","number","NISP","NISP","NISP","NISP","NISP","NISP","NISP","NISP","NISP","NISP","NISP","NISP","NISP","NISP","NISP","NISP","NISP","NISP","NISP","NISP","NISP","NISP","NISP","NISP","NISP","NISP","NISP","NISP","NISP","NISP","NISP","NISP","NISP","NISP","NISP","NISP","NISP","NISP","NISP","NISP","NISP","NISP","NISP","NISP","NISP","NISP","NISP","NISP","NISP","NISP","NISP","NISP","NISP","NISP","NISP","NISP","NISP","NISP","NISP","NISP","NISP","NISP","NISP","NISP","NISP","NISP","NISP","NISP","NISP","NISP","NISP","NISP","NISP","NISP","NISP","NISP","NISP","NISP","NISP","NISP","NISP","NISP","NISP","NISP","NISP","NISP","NISP","NISP","NISP","NISP","NISP","NISP","NISP","NISP","NISP","NISP","NISP","NISP","NISP","NISP","NISP","NISP","NISP","NISP","NISP","NISP","NISP","NISP","NISP","NISP","NISP","NISP","NISP","NISP","NISP","NISP","NISP","NISP","NISP","NISP","NISP","NISP","NISP","NISP","NISP","NISP","NISP","NISP","volume","quantity added","concentration","counted","pollen","pollen","pollen","pollen","pollen","pollen","pollen","pollen","pollen","pollen","pollen","pollen","pollen","pollen","pollen","pollen","pollen","spore","spore","pollen","pollen","pollen","pollen","pollen","pollen","pollen","spore","pollen","pollen","pollen","pollen","pollen","pollen","pollen","pollen","pollen","pollen","pollen","pollen","pollen","pollen","pollen","pollen","pollen","spore","pollen","spore","pollen","pollen","pollen","pollen","pollen","pollen","pollen","pollen","pollen","pollen","pollen","spore","pollen","pollen","pollen","pollen","pollen","pollen","pollen","pollen","pollen","pollen","pollen","pollen","spore","pollen","pollen","pollen","pollen","pollen","pollen","spore","pollen","pollen","pollen","pollen","pollen","pollen","pollen","pollen","pollen","spore","pollen","pollen","pollen","pollen","pollen","pollen","pollen","pollen","pollen","pollen/spore","pollen","pollen","pollen","spore","spore","pollen","pollen","pollen","pollen","pollen","pollen","spore","pollen","pollen","pollen","pollen","pollen","pollen","pollen","pollen","spore","pollen","pollen","pollen","pollen","pollen","pollen","pollen","pollen","Lake Victoria (Shirati Bay) LV4",33.7961333333333,33.7961333333333,-1.04943333333333,-1.04943333333333,1135,6880000,"Tanzania",NA,NA,NA,NA,68,33135,"LVC18_S4","Lake Victoria LV4","Core","UWITEC piston corer","2018-10-01",NA,"Natural Lake",63,"30 km away from the shore in the Shirati Bay",NA,NA,NA,NA,NA,NA,NA,"2,10,12,3,16",44877,"8777,15357,20039,20044,9599","Gobet, E.|Grosjean, M.|Muschick, M.|Seehausen, O.|Tinner, W.",15,"Depth",15,"Carbon-14","Radiocarbon years BP",547,2,"BE-16259",9320,190,190,1,190,"False","Charcoal","","Temotzin-Loranca et al. 2023",2,20036,"Temoltzin-Loranca, Y.",9510,9130,12,20044,20044,"Seehausen, Ole","Seehausen, O.","Seehausen","Ole","O.","Prof. Dr.","active","Institute of Ecology and Evolution
University of Bern
Bern, Switzerland","","","","",2,"true","journal article",20441,"https://doi.org/10.1016/j.palaeo.2023.111839",2023,"Temotzin-Loranca, Y., E. Gobet, B. Vannière, J.F.N. van Leeuwen, G. Wienhues, C. Courtney-Mustaphi, M. Kishe, M. Muschick, L. King, P. Misra, N. Ngoepe, B. Matthews, H. Vogel, O. Heiri, O. Seehausen, M. Grosjean, and W. Tinner. 2023. Long-term ecological successions of vegetation around Lake Victoria (East Africa) in response to latest Pleistocene and Early Holocene climate changes. Palaeogeography, Palaeoclimatology, Palaeoecology 631:111839. [DOI: https://doi.org/10.1016/j.palaeo.2023.111839]","Long-term ecological successions of vegetation around Lake Victoria (East Africa) in response to latest Pleistocene and Early Holocene climate changes","Palaeogeography, Palaeoclimatology, Palaeoecology",631,111839,2,1,"Courtney-Mustaphi","C.","20036,8777,9974,15224,20037,18278,20038,20039,20040,20041,20042,20043,10026,9224,20044,15357,9599","Temoltzin-Loranca, Y.|Gobet, E.|Vannière, B.|van Leeuwen, J.F.N.|Wienhues, G.|Courtney-Mustaphi, C.J.|Kishe, M.|Muschick, M.|King, L.|Misra, P.|Ngoepe, N.|Matthews, B.|Vogel, H.|Heiri, O.|Seehausen, O.|Grosjean, M.|Tinner, W.",15695,"18278,8777,15357,9224,20040,20038,20043,20041,20039,20042,20044,20036,9599,15224,9974,10026,20037","Morales-Molino, C.","Courtney-Mustaphi, C.J.|Gobet, E.|Grosjean, M.|Heiri, O.|King, L.|Kishe, M.|Matthews, B.|Misra, P.|Muschick, M.|Ngoepe, N.|Seehausen, O.|Temoltzin-Loranca, Y.|Tinner, W.|van Leeuwen, J.F.N.|Vannière, B.|Vogel, H.|Wienhues, G.","Pollen","LV4 pollen",1,"Temoltzin-Loranca et al. (2023)","Calendar years BP","True",NA,"rbacon",16700,-50,NA,"Temotzin-Loranca, Y.",15,20036,"Temoltzin-Loranca, Y.",NA,NA,NA,NA,"Radiocarbon"
604,1,1,12477,1,4,9666,413,0,0,0,0,0,0,0,0,0,0,1,2,8,1,0,2,0,0,0,0,9,0,0,0,0,0,0,3,0,0,18,0,0,0,0,0,0,0,4,0,0,2,0,1,3,46,0,0,0,0,0,2,0,0,0,2,0,0,0,0,0,3,0,0,2,2,2,0,0,0,0,0,0,2,0,13,0,0,1,22,0,0,0,1,2,0,0,72,0,0,1,0,0,0,0,0,199,8,17,0,0,0,1,0,0,0,1,1,0,0,0,0,1,1,0,0,0,0,1,0,0,0,3,0,0,1,0,0,"ml","number","spores/tablet","number","NISP","NISP","NISP","NISP","NISP","NISP","NISP","NISP","NISP","NISP","NISP","NISP","NISP","NISP","NISP","NISP","NISP","NISP","NISP","NISP","NISP","NISP","NISP","NISP","NISP","NISP","NISP","NISP","NISP","NISP","NISP","NISP","NISP","NISP","NISP","NISP","NISP","NISP","NISP","NISP","NISP","NISP","NISP","NISP","NISP","NISP","NISP","NISP","NISP","NISP","NISP","NISP","NISP","NISP","NISP","NISP","NISP","NISP","NISP","NISP","NISP","NISP","NISP","NISP","NISP","NISP","NISP","NISP","NISP","NISP","NISP","NISP","NISP","NISP","NISP","NISP","NISP","NISP","NISP","NISP","NISP","NISP","NISP","NISP","NISP","NISP","NISP","NISP","NISP","NISP","NISP","NISP","NISP","NISP","NISP","NISP","NISP","NISP","NISP","NISP","NISP","NISP","NISP","NISP","NISP","NISP","NISP","NISP","NISP","NISP","NISP","NISP","NISP","NISP","NISP","NISP","NISP","NISP","NISP","NISP","NISP","NISP","NISP","NISP","NISP","NISP","NISP","NISP","volume","quantity added","concentration","counted","pollen","pollen","pollen","pollen","pollen","pollen","pollen","pollen","pollen","pollen","pollen","pollen","pollen","pollen","pollen","pollen","pollen","spore","spore","pollen","pollen","pollen","pollen","pollen","pollen","pollen","spore","pollen","pollen","pollen","pollen","pollen","pollen","pollen","pollen","pollen","pollen","pollen","pollen","pollen","pollen","pollen","pollen","pollen","spore","pollen","spore","pollen","pollen","pollen","pollen","pollen","pollen","pollen","pollen","pollen","pollen","pollen","spore","pollen","pollen","pollen","pollen","pollen","pollen","pollen","pollen","pollen","pollen","pollen","pollen","spore","pollen","pollen","pollen","pollen","pollen","pollen","spore","pollen","pollen","pollen","pollen","pollen","pollen","pollen","pollen","pollen","spore","pollen","pollen","pollen","pollen","pollen","pollen","pollen","pollen","pollen","pollen/spore","pollen","pollen","pollen","spore","spore","pollen","pollen","pollen","pollen","pollen","pollen","spore","pollen","pollen","pollen","pollen","pollen","pollen","pollen","pollen","spore","pollen","pollen","pollen","pollen","pollen","pollen","pollen","pollen","Lake Victoria (Shirati Bay) LV4",33.7961333333333,33.7961333333333,-1.04943333333333,-1.04943333333333,1135,6880000,"Tanzania",NA,NA,NA,NA,68,33135,"LVC18_S4","Lake Victoria LV4","Core","UWITEC piston corer","2018-10-01",NA,"Natural Lake",63,"30 km away from the shore in the Shirati Bay",NA,NA,NA,NA,NA,NA,NA,"2,10,12,3,16",44877,"8777,15357,20039,20044,9599","Gobet, E.|Grosjean, M.|Muschick, M.|Seehausen, O.|Tinner, W.",15,"Depth",15,"Carbon-14","Radiocarbon years BP",547,2,"BE-16259",9320,190,190,1,190,"False","Charcoal","","Temotzin-Loranca et al. 2023",2,20036,"Temoltzin-Loranca, Y.",9510,9130,12,20044,20044,"Seehausen, Ole","Seehausen, O.","Seehausen","Ole","O.","Prof. Dr.","active","Institute of Ecology and Evolution
University of Bern
Bern, Switzerland","","","","",2,"true","journal article",20441,"https://doi.org/10.1016/j.palaeo.2023.111839",2023,"Temotzin-Loranca, Y., E. Gobet, B. Vannière, J.F.N. van Leeuwen, G. Wienhues, C. Courtney-Mustaphi, M. Kishe, M. Muschick, L. King, P. Misra, N. Ngoepe, B. Matthews, H. Vogel, O. Heiri, O. Seehausen, M. Grosjean, and W. Tinner. 2023. Long-term ecological successions of vegetation around Lake Victoria (East Africa) in response to latest Pleistocene and Early Holocene climate changes. Palaeogeography, Palaeoclimatology, Palaeoecology 631:111839. [DOI: https://doi.org/10.1016/j.palaeo.2023.111839]","Long-term ecological successions of vegetation around Lake Victoria (East Africa) in response to latest Pleistocene and Early Holocene climate changes","Palaeogeography, Palaeoclimatology, Palaeoecology",631,111839,2,1,"Courtney-Mustaphi","C.","20036,8777,9974,15224,20037,18278,20038,20039,20040,20041,20042,20043,10026,9224,20044,15357,9599","Temoltzin-Loranca, Y.|Gobet, E.|Vannière, B.|van Leeuwen, J.F.N.|Wienhues, G.|Courtney-Mustaphi, C.J.|Kishe, M.|Muschick, M.|King, L.|Misra, P.|Ngoepe, N.|Matthews, B.|Vogel, H.|Heiri, O.|Seehausen, O.|Grosjean, M.|Tinner, W.",15695,"18278,8777,15357,9224,20040,20038,20043,20041,20039,20042,20044,20036,9599,15224,9974,10026,20037","Morales-Molino, C.","Courtney-Mustaphi, C.J.|Gobet, E.|Grosjean, M.|Heiri, O.|King, L.|Kishe, M.|Matthews, B.|Misra, P.|Muschick, M.|Ngoepe, N.|Seehausen, O.|Temoltzin-Loranca, Y.|Tinner, W.|van Leeuwen, J.F.N.|Vannière, B.|Vogel, H.|Wienhues, G.","Pollen","LV4 pollen",1,"Temoltzin-Loranca et al. (2023)","Calendar years BP","True",NA,"rbacon",16700,-50,NA,"Temotzin-Loranca, Y.",15,20036,"Temoltzin-Loranca, Y.",NA,NA,NA,NA,"Radiocarbon"
606,1,1,12523,1,4,9666,298,0,0,0,1,0,0,0,0,0,0,1,1,7,0,0,2,0,0,0,0,5,0,0,0,1,0,0,0,0,1,7,0,0,1,0,0,0,0,2,0,0,1,0,0,0,45,0,0,0,0,0,0,0,0,0,0,0,0,0,0,0,3,0,0,1,0,0,0,0,0,0,0,0,0,0,6,0,0,6,2,0,0,0,2,0,0,0,27,0,0,1,0,0,0,0,0,180,3,9,0,0,0,2,3,1,1,1,1,0,0,0,0,0,1,0,0,0,1,0,0,2,0,0,0,0,1,0,0,"ml","number","spores/tablet","number","NISP","NISP","NISP","NISP","NISP","NISP","NISP","NISP","NISP","NISP","NISP","NISP","NISP","NISP","NISP","NISP","NISP","NISP","NISP","NISP","NISP","NISP","NISP","NISP","NISP","NISP","NISP","NISP","NISP","NISP","NISP","NISP","NISP","NISP","NISP","NISP","NISP","NISP","NISP","NISP","NISP","NISP","NISP","NISP","NISP","NISP","NISP","NISP","NISP","NISP","NISP","NISP","NISP","NISP","NISP","NISP","NISP","NISP","NISP","NISP","NISP","NISP","NISP","NISP","NISP","NISP","NISP","NISP","NISP","NISP","NISP","NISP","NISP","NISP","NISP","NISP","NISP","NISP","NISP","NISP","NISP","NISP","NISP","NISP","NISP","NISP","NISP","NISP","NISP","NISP","NISP","NISP","NISP","NISP","NISP","NISP","NISP","NISP","NISP","NISP","NISP","NISP","NISP","NISP","NISP","NISP","NISP","NISP","NISP","NISP","NISP","NISP","NISP","NISP","NISP","NISP","NISP","NISP","NISP","NISP","NISP","NISP","NISP","NISP","NISP","NISP","NISP","NISP","volume","quantity added","concentration","counted","pollen","pollen","pollen","pollen","pollen","pollen","pollen","pollen","pollen","pollen","pollen","pollen","pollen","pollen","pollen","pollen","pollen","spore","spore","pollen","pollen","pollen","pollen","pollen","pollen","pollen","spore","pollen","pollen","pollen","pollen","pollen","pollen","pollen","pollen","pollen","pollen","pollen","pollen","pollen","pollen","pollen","pollen","pollen","spore","pollen","spore","pollen","pollen","pollen","pollen","pollen","pollen","pollen","pollen","pollen","pollen","pollen","spore","pollen","pollen","pollen","pollen","pollen","pollen","pollen","pollen","pollen","pollen","pollen","pollen","spore","pollen","pollen","pollen","pollen","pollen","pollen","spore","pollen","pollen","pollen","pollen","pollen","pollen","pollen","pollen","pollen","spore","pollen","pollen","pollen","pollen","pollen","pollen","pollen","pollen","pollen","pollen/spore","pollen","pollen","pollen","spore","spore","pollen","pollen","pollen","pollen","pollen","pollen","spore","pollen","pollen","pollen","pollen","pollen","pollen","pollen","pollen","spore","pollen","pollen","pollen","pollen","pollen","pollen","pollen","pollen","Lake Victoria (Shirati Bay) LV4",33.7961333333333,33.7961333333333,-1.04943333333333,-1.04943333333333,1135,6880000,"Tanzania",NA,NA,NA,NA,68,33135,"LVC18_S4","Lake Victoria LV4","Core","UWITEC piston corer","2018-10-01",NA,"Natural Lake",63,"30 km away from the shore in the Shirati Bay",NA,NA,NA,NA,NA,NA,NA,"2,10,12,3,16",44877,"8777,15357,20039,20044,9599","Gobet, E.|Grosjean, M.|Muschick, M.|Seehausen, O.|Tinner, W.",16,"Depth",15,"Carbon-14","Radiocarbon years BP",547,2,"BE-16265",10200,60,60,1,60,"False","Pollen concentrate","Corrected to 9660 +/- 410 radiocarbon yr BP","Temotzin-Loranca et al. 2023",2,20036,"Temoltzin-Loranca, Y.",10260,10140,12,20044,20044,"Seehausen, Ole","Seehausen, O.","Seehausen","Ole","O.","Prof. Dr.","active","Institute of Ecology and Evolution
University of Bern
Bern, Switzerland","","","","",2,"true","journal article",20441,"https://doi.org/10.1016/j.palaeo.2023.111839",2023,"Temotzin-Loranca, Y., E. Gobet, B. Vannière, J.F.N. van Leeuwen, G. Wienhues, C. Courtney-Mustaphi, M. Kishe, M. Muschick, L. King, P. Misra, N. Ngoepe, B. Matthews, H. Vogel, O. Heiri, O. Seehausen, M. Grosjean, and W. Tinner. 2023. Long-term ecological successions of vegetation around Lake Victoria (East Africa) in response to latest Pleistocene and Early Holocene climate changes. Palaeogeography, Palaeoclimatology, Palaeoecology 631:111839. [DOI: https://doi.org/10.1016/j.palaeo.2023.111839]","Long-term ecological successions of vegetation around Lake Victoria (East Africa) in response to latest Pleistocene and Early Holocene climate changes","Palaeogeography, Palaeoclimatology, Palaeoecology",631,111839,2,1,"Courtney-Mustaphi","C.","20036,8777,9974,15224,20037,18278,20038,20039,20040,20041,20042,20043,10026,9224,20044,15357,9599","Temoltzin-Loranca, Y.|Gobet, E.|Vannière, B.|van Leeuwen, J.F.N.|Wienhues, G.|Courtney-Mustaphi, C.J.|Kishe, M.|Muschick, M.|King, L.|Misra, P.|Ngoepe, N.|Matthews, B.|Vogel, H.|Heiri, O.|Seehausen, O.|Grosjean, M.|Tinner, W.",15695,"18278,8777,15357,9224,20040,20038,20043,20041,20039,20042,20044,20036,9599,15224,9974,10026,20037","Morales-Molino, C.","Courtney-Mustaphi, C.J.|Gobet, E.|Grosjean, M.|Heiri, O.|King, L.|Kishe, M.|Matthews, B.|Misra, P.|Muschick, M.|Ngoepe, N.|Seehausen, O.|Temoltzin-Loranca, Y.|Tinner, W.|van Leeuwen, J.F.N.|Vannière, B.|Vogel, H.|Wienhues, G.","Pollen","LV4 pollen",1,"Temoltzin-Loranca et al. (2023)","Calendar years BP","True",NA,"rbacon",16700,-50,NA,"Temotzin-Loranca, Y.",15,20036,"Temoltzin-Loranca, Y.",NA,NA,NA,NA,"Radiocarbon"
608,1,1,12571,1,4,9666,387,0,0,0,1,0,0,0,0,0,0,1,1,9,0,0,2,0,0,0,0,6,0,0,0,1,0,0,0,0,1,9,0,0,1,0,0,0,0,2,0,0,1,0,0,0,58,0,0,0,0,0,1,0,0,0,0,0,0,0,1,0,3,0,0,1,0,0,0,0,0,0,0,0,0,0,7,0,0,7,2,0,0,0,2,0,0,0,35,0,0,1,0,0,0,0,0,234,3,11,0,0,0,2,3,1,1,1,1,0,0,0,0,0,1,0,0,0,1,0,0,2,0,0,0,0,1,0,0,"ml","number","spores/tablet","number","NISP","NISP","NISP","NISP","NISP","NISP","NISP","NISP","NISP","NISP","NISP","NISP","NISP","NISP","NISP","NISP","NISP","NISP","NISP","NISP","NISP","NISP","NISP","NISP","NISP","NISP","NISP","NISP","NISP","NISP","NISP","NISP","NISP","NISP","NISP","NISP","NISP","NISP","NISP","NISP","NISP","NISP","NISP","NISP","NISP","NISP","NISP","NISP","NISP","NISP","NISP","NISP","NISP","NISP","NISP","NISP","NISP","NISP","NISP","NISP","NISP","NISP","NISP","NISP","NISP","NISP","NISP","NISP","NISP","NISP","NISP","NISP","NISP","NISP","NISP","NISP","NISP","NISP","NISP","NISP","NISP","NISP","NISP","NISP","NISP","NISP","NISP","NISP","NISP","NISP","NISP","NISP","NISP","NISP","NISP","NISP","NISP","NISP","NISP","NISP","NISP","NISP","NISP","NISP","NISP","NISP","NISP","NISP","NISP","NISP","NISP","NISP","NISP","NISP","NISP","NISP","NISP","NISP","NISP","NISP","NISP","NISP","NISP","NISP","NISP","NISP","NISP","NISP","volume","quantity added","concentration","counted","pollen","pollen","pollen","pollen","pollen","pollen","pollen","pollen","pollen","pollen","pollen","pollen","pollen","pollen","pollen","pollen","pollen","spore","spore","pollen","pollen","pollen","pollen","pollen","pollen","pollen","spore","pollen","pollen","pollen","pollen","pollen","pollen","pollen","pollen","pollen","pollen","pollen","pollen","pollen","pollen","pollen","pollen","pollen","spore","pollen","spore","pollen","pollen","pollen","pollen","pollen","pollen","pollen","pollen","pollen","pollen","pollen","spore","pollen","pollen","pollen","pollen","pollen","pollen","pollen","pollen","pollen","pollen","pollen","pollen","spore","pollen","pollen","pollen","pollen","pollen","pollen","spore","pollen","pollen","pollen","pollen","pollen","pollen","pollen","pollen","pollen","spore","pollen","pollen","pollen","pollen","pollen","pollen","pollen","pollen","pollen","pollen/spore","pollen","pollen","pollen","spore","spore","pollen","pollen","pollen","pollen","pollen","pollen","spore","pollen","pollen","pollen","pollen","pollen","pollen","pollen","pollen","spore","pollen","pollen","pollen","pollen","pollen","pollen","pollen","pollen","Lake Victoria (Shirati Bay) LV4",33.7961333333333,33.7961333333333,-1.04943333333333,-1.04943333333333,1135,6880000,"Tanzania",NA,NA,NA,NA,68,33135,"LVC18_S4","Lake Victoria LV4","Core","UWITEC piston corer","2018-10-01",NA,"Natural Lake",63,"30 km away from the shore in the Shirati Bay",NA,NA,NA,NA,NA,NA,NA,"2,10,12,3,16",44877,"8777,15357,20039,20044,9599","Gobet, E.|Grosjean, M.|Muschick, M.|Seehausen, O.|Tinner, W.",16,"Depth",15,"Carbon-14","Radiocarbon years BP",547,2,"BE-16265",10200,60,60,1,60,"False","Pollen concentrate","Corrected to 9660 +/- 410 radiocarbon yr BP","Temotzin-Loranca et al. 2023",2,20036,"Temoltzin-Loranca, Y.",10260,10140,12,20044,20044,"Seehausen, Ole","Seehausen, O.","Seehausen","Ole","O.","Prof. Dr.","active","Institute of Ecology and Evolution
University of Bern
Bern, Switzerland","","","","",2,"true","journal article",20441,"https://doi.org/10.1016/j.palaeo.2023.111839",2023,"Temotzin-Loranca, Y., E. Gobet, B. Vannière, J.F.N. van Leeuwen, G. Wienhues, C. Courtney-Mustaphi, M. Kishe, M. Muschick, L. King, P. Misra, N. Ngoepe, B. Matthews, H. Vogel, O. Heiri, O. Seehausen, M. Grosjean, and W. Tinner. 2023. Long-term ecological successions of vegetation around Lake Victoria (East Africa) in response to latest Pleistocene and Early Holocene climate changes. Palaeogeography, Palaeoclimatology, Palaeoecology 631:111839. [DOI: https://doi.org/10.1016/j.palaeo.2023.111839]","Long-term ecological successions of vegetation around Lake Victoria (East Africa) in response to latest Pleistocene and Early Holocene climate changes","Palaeogeography, Palaeoclimatology, Palaeoecology",631,111839,2,1,"Courtney-Mustaphi","C.","20036,8777,9974,15224,20037,18278,20038,20039,20040,20041,20042,20043,10026,9224,20044,15357,9599","Temoltzin-Loranca, Y.|Gobet, E.|Vannière, B.|van Leeuwen, J.F.N.|Wienhues, G.|Courtney-Mustaphi, C.J.|Kishe, M.|Muschick, M.|King, L.|Misra, P.|Ngoepe, N.|Matthews, B.|Vogel, H.|Heiri, O.|Seehausen, O.|Grosjean, M.|Tinner, W.",15695,"18278,8777,15357,9224,20040,20038,20043,20041,20039,20042,20044,20036,9599,15224,9974,10026,20037","Morales-Molino, C.","Courtney-Mustaphi, C.J.|Gobet, E.|Grosjean, M.|Heiri, O.|King, L.|Kishe, M.|Matthews, B.|Misra, P.|Muschick, M.|Ngoepe, N.|Seehausen, O.|Temoltzin-Loranca, Y.|Tinner, W.|van Leeuwen, J.F.N.|Vannière, B.|Vogel, H.|Wienhues, G.","Pollen","LV4 pollen",1,"Temoltzin-Loranca et al. (2023)","Calendar years BP","True",NA,"rbacon",16700,-50,NA,"Temotzin-Loranca, Y.",15,20036,"Temoltzin-Loranca, Y.",NA,NA,NA,NA,"Radiocarbon"
610,1,1,12613,1,4,9666,200,0,0,0,0,0,0,0,0,0,0,2,0,3,1,0,0,0,0,1,0,4,0,0,0,1,1,0,0,0,0,5,0,0,0,0,0,0,0,2,0,0,1,0,0,0,31,0,0,0,0,0,0,0,0,0,0,0,0,0,0,0,0,0,0,0,1,1,0,0,0,0,0,0,0,0,11,0,0,2,4,1,0,2,1,1,0,0,18,0,0,0,0,0,0,0,0,113,5,7,0,1,0,0,0,0,0,0,2,0,0,0,0,0,0,0,0,0,0,0,0,1,0,7,0,0,0,1,0,"ml","number","spores/tablet","number","NISP","NISP","NISP","NISP","NISP","NISP","NISP","NISP","NISP","NISP","NISP","NISP","NISP","NISP","NISP","NISP","NISP","NISP","NISP","NISP","NISP","NISP","NISP","NISP","NISP","NISP","NISP","NISP","NISP","NISP","NISP","NISP","NISP","NISP","NISP","NISP","NISP","NISP","NISP","NISP","NISP","NISP","NISP","NISP","NISP","NISP","NISP","NISP","NISP","NISP","NISP","NISP","NISP","NISP","NISP","NISP","NISP","NISP","NISP","NISP","NISP","NISP","NISP","NISP","NISP","NISP","NISP","NISP","NISP","NISP","NISP","NISP","NISP","NISP","NISP","NISP","NISP","NISP","NISP","NISP","NISP","NISP","NISP","NISP","NISP","NISP","NISP","NISP","NISP","NISP","NISP","NISP","NISP","NISP","NISP","NISP","NISP","NISP","NISP","NISP","NISP","NISP","NISP","NISP","NISP","NISP","NISP","NISP","NISP","NISP","NISP","NISP","NISP","NISP","NISP","NISP","NISP","NISP","NISP","NISP","NISP","NISP","NISP","NISP","NISP","NISP","NISP","NISP","volume","quantity added","concentration","counted","pollen","pollen","pollen","pollen","pollen","pollen","pollen","pollen","pollen","pollen","pollen","pollen","pollen","pollen","pollen","pollen","pollen","spore","spore","pollen","pollen","pollen","pollen","pollen","pollen","pollen","spore","pollen","pollen","pollen","pollen","pollen","pollen","pollen","pollen","pollen","pollen","pollen","pollen","pollen","pollen","pollen","pollen","pollen","spore","pollen","spore","pollen","pollen","pollen","pollen","pollen","pollen","pollen","pollen","pollen","pollen","pollen","spore","pollen","pollen","pollen","pollen","pollen","pollen","pollen","pollen","pollen","pollen","pollen","pollen","spore","pollen","pollen","pollen","pollen","pollen","pollen","spore","pollen","pollen","pollen","pollen","pollen","pollen","pollen","pollen","pollen","spore","pollen","pollen","pollen","pollen","pollen","pollen","pollen","pollen","pollen","pollen/spore","pollen","pollen","pollen","spore","spore","pollen","pollen","pollen","pollen","pollen","pollen","spore","pollen","pollen","pollen","pollen","pollen","pollen","pollen","pollen","spore","pollen","pollen","pollen","pollen","pollen","pollen","pollen","pollen","Lake Victoria (Shirati Bay) LV4",33.7961333333333,33.7961333333333,-1.04943333333333,-1.04943333333333,1135,6880000,"Tanzania",NA,NA,NA,NA,68,33135,"LVC18_S4","Lake Victoria LV4","Core","UWITEC piston corer","2018-10-01",NA,"Natural Lake",63,"30 km away from the shore in the Shirati Bay",NA,NA,NA,NA,NA,NA,NA,"2,10,12,3,16",44877,"8777,15357,20039,20044,9599","Gobet, E.|Grosjean, M.|Muschick, M.|Seehausen, O.|Tinner, W.",16,"Depth",15,"Carbon-14","Radiocarbon years BP",547,2,"BE-16265",10200,60,60,1,60,"False","Pollen concentrate","Corrected to 9660 +/- 410 radiocarbon yr BP","Temotzin-Loranca et al. 2023",2,20036,"Temoltzin-Loranca, Y.",10260,10140,12,20044,20044,"Seehausen, Ole","Seehausen, O.","Seehausen","Ole","O.","Prof. Dr.","active","Institute of Ecology and Evolution
University of Bern
Bern, Switzerland","","","","",2,"true","journal article",20441,"https://doi.org/10.1016/j.palaeo.2023.111839",2023,"Temotzin-Loranca, Y., E. Gobet, B. Vannière, J.F.N. van Leeuwen, G. Wienhues, C. Courtney-Mustaphi, M. Kishe, M. Muschick, L. King, P. Misra, N. Ngoepe, B. Matthews, H. Vogel, O. Heiri, O. Seehausen, M. Grosjean, and W. Tinner. 2023. Long-term ecological successions of vegetation around Lake Victoria (East Africa) in response to latest Pleistocene and Early Holocene climate changes. Palaeogeography, Palaeoclimatology, Palaeoecology 631:111839. [DOI: https://doi.org/10.1016/j.palaeo.2023.111839]","Long-term ecological successions of vegetation around Lake Victoria (East Africa) in response to latest Pleistocene and Early Holocene climate changes","Palaeogeography, Palaeoclimatology, Palaeoecology",631,111839,2,1,"Courtney-Mustaphi","C.","20036,8777,9974,15224,20037,18278,20038,20039,20040,20041,20042,20043,10026,9224,20044,15357,9599","Temoltzin-Loranca, Y.|Gobet, E.|Vannière, B.|van Leeuwen, J.F.N.|Wienhues, G.|Courtney-Mustaphi, C.J.|Kishe, M.|Muschick, M.|King, L.|Misra, P.|Ngoepe, N.|Matthews, B.|Vogel, H.|Heiri, O.|Seehausen, O.|Grosjean, M.|Tinner, W.",15695,"18278,8777,15357,9224,20040,20038,20043,20041,20039,20042,20044,20036,9599,15224,9974,10026,20037","Morales-Molino, C.","Courtney-Mustaphi, C.J.|Gobet, E.|Grosjean, M.|Heiri, O.|King, L.|Kishe, M.|Matthews, B.|Misra, P.|Muschick, M.|Ngoepe, N.|Seehausen, O.|Temoltzin-Loranca, Y.|Tinner, W.|van Leeuwen, J.F.N.|Vannière, B.|Vogel, H.|Wienhues, G.","Pollen","LV4 pollen",1,"Temoltzin-Loranca et al. (2023)","Calendar years BP","True",NA,"rbacon",16700,-50,NA,"Temotzin-Loranca, Y.",15,20036,"Temoltzin-Loranca, Y.",NA,NA,NA,NA,"Radiocarbon"
612,1,1,12658,1,4,9666,376,0,0,0,0,0,0,0,0,0,0,3,0,5,1,0,0,0,0,1,0,7,0,0,0,1,1,0,0,0,0,9,0,0,0,0,0,0,0,3,0,0,1,0,0,0,57,0,0,0,0,0,0,0,0,0,0,0,0,0,0,0,0,0,0,0,1,1,0,0,0,0,0,0,0,0,20,0,0,3,7,1,0,3,1,1,0,0,33,0,0,0,0,0,0,0,0,212,9,13,0,1,0,0,0,0,0,0,3,0,0,0,0,0,0,0,0,0,0,0,0,1,0,13,0,0,0,1,0,"ml","number","spores/tablet","number","NISP","NISP","NISP","NISP","NISP","NISP","NISP","NISP","NISP","NISP","NISP","NISP","NISP","NISP","NISP","NISP","NISP","NISP","NISP","NISP","NISP","NISP","NISP","NISP","NISP","NISP","NISP","NISP","NISP","NISP","NISP","NISP","NISP","NISP","NISP","NISP","NISP","NISP","NISP","NISP","NISP","NISP","NISP","NISP","NISP","NISP","NISP","NISP","NISP","NISP","NISP","NISP","NISP","NISP","NISP","NISP","NISP","NISP","NISP","NISP","NISP","NISP","NISP","NISP","NISP","NISP","NISP","NISP","NISP","NISP","NISP","NISP","NISP","NISP","NISP","NISP","NISP","NISP","NISP","NISP","NISP","NISP","NISP","NISP","NISP","NISP","NISP","NISP","NISP","NISP","NISP","NISP","NISP","NISP","NISP","NISP","NISP","NISP","NISP","NISP","NISP","NISP","NISP","NISP","NISP","NISP","NISP","NISP","NISP","NISP","NISP","NISP","NISP","NISP","NISP","NISP","NISP","NISP","NISP","NISP","NISP","NISP","NISP","NISP","NISP","NISP","NISP","NISP","volume","quantity added","concentration","counted","pollen","pollen","pollen","pollen","pollen","pollen","pollen","pollen","pollen","pollen","pollen","pollen","pollen","pollen","pollen","pollen","pollen","spore","spore","pollen","pollen","pollen","pollen","pollen","pollen","pollen","spore","pollen","pollen","pollen","pollen","pollen","pollen","pollen","pollen","pollen","pollen","pollen","pollen","pollen","pollen","pollen","pollen","pollen","spore","pollen","spore","pollen","pollen","pollen","pollen","pollen","pollen","pollen","pollen","pollen","pollen","pollen","spore","pollen","pollen","pollen","pollen","pollen","pollen","pollen","pollen","pollen","pollen","pollen","pollen","spore","pollen","pollen","pollen","pollen","pollen","pollen","spore","pollen","pollen","pollen","pollen","pollen","pollen","pollen","pollen","pollen","spore","pollen","pollen","pollen","pollen","pollen","pollen","pollen","pollen","pollen","pollen/spore","pollen","pollen","pollen","spore","spore","pollen","pollen","pollen","pollen","pollen","pollen","spore","pollen","pollen","pollen","pollen","pollen","pollen","pollen","pollen","spore","pollen","pollen","pollen","pollen","pollen","pollen","pollen","pollen","Lake Victoria (Shirati Bay) LV4",33.7961333333333,33.7961333333333,-1.04943333333333,-1.04943333333333,1135,6880000,"Tanzania",NA,NA,NA,NA,68,33135,"LVC18_S4","Lake Victoria LV4","Core","UWITEC piston corer","2018-10-01",NA,"Natural Lake",63,"30 km away from the shore in the Shirati Bay",NA,NA,NA,NA,NA,NA,NA,"2,10,12,3,16",44877,"8777,15357,20039,20044,9599","Gobet, E.|Grosjean, M.|Muschick, M.|Seehausen, O.|Tinner, W.",16,"Depth",15,"Carbon-14","Radiocarbon years BP",547,2,"BE-16265",10200,60,60,1,60,"False","Pollen concentrate","Corrected to 9660 +/- 410 radiocarbon yr BP","Temotzin-Loranca et al. 2023",2,20036,"Temoltzin-Loranca, Y.",10260,10140,13,13851,13851,"Szidat, Sonke","Szidat, S.","Szidat","Sonke","S.","Prof. Dr.","active","Department of Chemistry and Biochemistry and Oeschger Centre for Climate Change Research
University of Bern
Freiestrasse 3
CH-3012 Bern Switzerland","soenke.szidat@dcb.unibe.ch","+41 31 631 43 08","","",2,"true","journal article",20441,"https://doi.org/10.1016/j.palaeo.2023.111839",2023,"Temotzin-Loranca, Y., E. Gobet, B. Vannière, J.F.N. van Leeuwen, G. Wienhues, C. Courtney-Mustaphi, M. Kishe, M. Muschick, L. King, P. Misra, N. Ngoepe, B. Matthews, H. Vogel, O. Heiri, O. Seehausen, M. Grosjean, and W. Tinner. 2023. Long-term ecological successions of vegetation around Lake Victoria (East Africa) in response to latest Pleistocene and Early Holocene climate changes. Palaeogeography, Palaeoclimatology, Palaeoecology 631:111839. [DOI: https://doi.org/10.1016/j.palaeo.2023.111839]","Long-term ecological successions of vegetation around Lake Victoria (East Africa) in response to latest Pleistocene and Early Holocene climate changes","Palaeogeography, Palaeoclimatology, Palaeoecology",631,111839,2,6,"Kishe","M.","20036,8777,9974,15224,20037,18278,20038,20039,20040,20041,20042,20043,10026,9224,20044,15357,9599","Temoltzin-Loranca, Y.|Gobet, E.|Vannière, B.|van Leeuwen, J.F.N.|Wienhues, G.|Courtney-Mustaphi, C.J.|Kishe, M.|Muschick, M.|King, L.|Misra, P.|Ngoepe, N.|Matthews, B.|Vogel, H.|Heiri, O.|Seehausen, O.|Grosjean, M.|Tinner, W.",15695,"18278,8777,15357,9224,20040,20038,20043,20041,20039,20042,20044,20036,9599,15224,9974,10026,20037","Morales-Molino, C.","Courtney-Mustaphi, C.J.|Gobet, E.|Grosjean, M.|Heiri, O.|King, L.|Kishe, M.|Matthews, B.|Misra, P.|Muschick, M.|Ngoepe, N.|Seehausen, O.|Temoltzin-Loranca, Y.|Tinner, W.|van Leeuwen, J.F.N.|Vannière, B.|Vogel, H.|Wienhues, G.","Pollen","LV4 pollen",1,"Temoltzin-Loranca et al. (2023)","Calendar years BP","True",NA,"rbacon",16700,-50,NA,"Temotzin-Loranca, Y.",15,20036,"Temoltzin-Loranca, Y.",NA,NA,NA,NA,"Radiocarbon"
615,1,1,12724,1,4,9666,292,0,0,0,4,0,0,0,0,1,0,1,3,0,0,0,1,0,0,0,0,6,0,0,0,0,1,0,1,1,0,6,0,0,1,0,0,0,2,1,0,0,2,1,0,0,45,0,0,0,0,0,0,1,1,0,0,0,1,0,1,0,2,0,0,0,1,5,0,0,0,0,0,0,2,0,0,0,0,2,11,0,0,1,5,5,0,0,35,0,0,0,0,0,0,0,1,200,7,8,0,0,0,0,0,0,0,0,2,0,0,1,0,1,2,0,0,0,0,0,0,0,0,2,0,5,0,0,2,"ml","number","spores/tablet","number","NISP","NISP","NISP","NISP","NISP","NISP","NISP","NISP","NISP","NISP","NISP","NISP","NISP","NISP","NISP","NISP","NISP","NISP","NISP","NISP","NISP","NISP","NISP","NISP","NISP","NISP","NISP","NISP","NISP","NISP","NISP","NISP","NISP","NISP","NISP","NISP","NISP","NISP","NISP","NISP","NISP","NISP","NISP","NISP","NISP","NISP","NISP","NISP","NISP","NISP","NISP","NISP","NISP","NISP","NISP","NISP","NISP","NISP","NISP","NISP","NISP","NISP","NISP","NISP","NISP","NISP","NISP","NISP","NISP","NISP","NISP","NISP","NISP","NISP","NISP","NISP","NISP","NISP","NISP","NISP","NISP","NISP","NISP","NISP","NISP","NISP","NISP","NISP","NISP","NISP","NISP","NISP","NISP","NISP","NISP","NISP","NISP","NISP","NISP","NISP","NISP","NISP","NISP","NISP","NISP","NISP","NISP","NISP","NISP","NISP","NISP","NISP","NISP","NISP","NISP","NISP","NISP","NISP","NISP","NISP","NISP","NISP","NISP","NISP","NISP","NISP","NISP","NISP","volume","quantity added","concentration","counted","pollen","pollen","pollen","pollen","pollen","pollen","pollen","pollen","pollen","pollen","pollen","pollen","pollen","pollen","pollen","pollen","pollen","spore","spore","pollen","pollen","pollen","pollen","pollen","pollen","pollen","spore","pollen","pollen","pollen","pollen","pollen","pollen","pollen","pollen","pollen","pollen","pollen","pollen","pollen","pollen","pollen","pollen","pollen","spore","pollen","spore","pollen","pollen","pollen","pollen","pollen","pollen","pollen","pollen","pollen","pollen","pollen","spore","pollen","pollen","pollen","pollen","pollen","pollen","pollen","pollen","pollen","pollen","pollen","pollen","spore","pollen","pollen","pollen","pollen","pollen","pollen","spore","pollen","pollen","pollen","pollen","pollen","pollen","pollen","pollen","pollen","spore","pollen","pollen","pollen","pollen","pollen","pollen","pollen","pollen","pollen","pollen/spore","pollen","pollen","pollen","spore","spore","pollen","pollen","pollen","pollen","pollen","pollen","spore","pollen","pollen","pollen","pollen","pollen","pollen","pollen","pollen","spore","pollen","pollen","pollen","pollen","pollen","pollen","pollen","pollen","Lake Victoria (Shirati Bay) LV4",33.7961333333333,33.7961333333333,-1.04943333333333,-1.04943333333333,1135,6880000,"Tanzania",NA,NA,NA,NA,68,33135,"LVC18_S4","Lake Victoria LV4","Core","UWITEC piston corer","2018-10-01",NA,"Natural Lake",63,"30 km away from the shore in the Shirati Bay",NA,NA,NA,NA,NA,NA,NA,"2,10,12,3,16",44877,"8777,15357,20039,20044,9599","Gobet, E.|Grosjean, M.|Muschick, M.|Seehausen, O.|Tinner, W.",16,"Depth",15,"Carbon-14","Radiocarbon years BP",547,2,"BE-16265",10200,60,60,1,60,"False","Pollen concentrate","Corrected to 9660 +/- 410 radiocarbon yr BP","Temotzin-Loranca et al. 2023",2,20036,"Temoltzin-Loranca, Y.",10260,10140,13,13851,13851,"Szidat, Sonke","Szidat, S.","Szidat","Sonke","S.","Prof. Dr.","active","Department of Chemistry and Biochemistry and Oeschger Centre for Climate Change Research
University of Bern
Freiestrasse 3
CH-3012 Bern Switzerland","soenke.szidat@dcb.unibe.ch","+41 31 631 43 08","","",2,"true","journal article",20441,"https://doi.org/10.1016/j.palaeo.2023.111839",2023,"Temotzin-Loranca, Y., E. Gobet, B. Vannière, J.F.N. van Leeuwen, G. Wienhues, C. Courtney-Mustaphi, M. Kishe, M. Muschick, L. King, P. Misra, N. Ngoepe, B. Matthews, H. Vogel, O. Heiri, O. Seehausen, M. Grosjean, and W. Tinner. 2023. Long-term ecological successions of vegetation around Lake Victoria (East Africa) in response to latest Pleistocene and Early Holocene climate changes. Palaeogeography, Palaeoclimatology, Palaeoecology 631:111839. [DOI: https://doi.org/10.1016/j.palaeo.2023.111839]","Long-term ecological successions of vegetation around Lake Victoria (East Africa) in response to latest Pleistocene and Early Holocene climate changes","Palaeogeography, Palaeoclimatology, Palaeoecology",631,111839,2,6,"Kishe","M.","20036,8777,9974,15224,20037,18278,20038,20039,20040,20041,20042,20043,10026,9224,20044,15357,9599","Temoltzin-Loranca, Y.|Gobet, E.|Vannière, B.|van Leeuwen, J.F.N.|Wienhues, G.|Courtney-Mustaphi, C.J.|Kishe, M.|Muschick, M.|King, L.|Misra, P.|Ngoepe, N.|Matthews, B.|Vogel, H.|Heiri, O.|Seehausen, O.|Grosjean, M.|Tinner, W.",15695,"18278,8777,15357,9224,20040,20038,20043,20041,20039,20042,20044,20036,9599,15224,9974,10026,20037","Morales-Molino, C.","Courtney-Mustaphi, C.J.|Gobet, E.|Grosjean, M.|Heiri, O.|King, L.|Kishe, M.|Matthews, B.|Misra, P.|Muschick, M.|Ngoepe, N.|Seehausen, O.|Temoltzin-Loranca, Y.|Tinner, W.|van Leeuwen, J.F.N.|Vannière, B.|Vogel, H.|Wienhues, G.","Pollen","LV4 pollen",1,"Temoltzin-Loranca et al. (2023)","Calendar years BP","True",NA,"rbacon",16700,-50,NA,"Temotzin-Loranca, Y.",15,20036,"Temoltzin-Loranca, Y.",NA,NA,NA,NA,"Radiocarbon"
618,1,1,12788,1,4,9666,371,0,0,0,0,0,0,2,0,0,0,2,1,0,0,0,1,0,0,0,2,8,0,0,0,0,1,0,0,0,0,6,0,0,1,0,0,0,0,3,1,1,0,0,0,0,50,0,1,0,0,0,0,0,0,0,0,0,0,0,0,0,3,0,0,0,4,2,0,0,0,0,0,0,0,0,5,0,0,7,10,0,0,0,8,1,0,0,41,0,0,0,0,0,0,0,0,258,7,12,0,0,0,0,0,0,1,0,0,3,0,0,0,2,0,0,0,0,0,0,0,6,0,4,0,0,1,0,0,"ml","number","spores/tablet","number","NISP","NISP","NISP","NISP","NISP","NISP","NISP","NISP","NISP","NISP","NISP","NISP","NISP","NISP","NISP","NISP","NISP","NISP","NISP","NISP","NISP","NISP","NISP","NISP","NISP","NISP","NISP","NISP","NISP","NISP","NISP","NISP","NISP","NISP","NISP","NISP","NISP","NISP","NISP","NISP","NISP","NISP","NISP","NISP","NISP","NISP","NISP","NISP","NISP","NISP","NISP","NISP","NISP","NISP","NISP","NISP","NISP","NISP","NISP","NISP","NISP","NISP","NISP","NISP","NISP","NISP","NISP","NISP","NISP","NISP","NISP","NISP","NISP","NISP","NISP","NISP","NISP","NISP","NISP","NISP","NISP","NISP","NISP","NISP","NISP","NISP","NISP","NISP","NISP","NISP","NISP","NISP","NISP","NISP","NISP","NISP","NISP","NISP","NISP","NISP","NISP","NISP","NISP","NISP","NISP","NISP","NISP","NISP","NISP","NISP","NISP","NISP","NISP","NISP","NISP","NISP","NISP","NISP","NISP","NISP","NISP","NISP","NISP","NISP","NISP","NISP","NISP","NISP","volume","quantity added","concentration","counted","pollen","pollen","pollen","pollen","pollen","pollen","pollen","pollen","pollen","pollen","pollen","pollen","pollen","pollen","pollen","pollen","pollen","spore","spore","pollen","pollen","pollen","pollen","pollen","pollen","pollen","spore","pollen","pollen","pollen","pollen","pollen","pollen","pollen","pollen","pollen","pollen","pollen","pollen","pollen","pollen","pollen","pollen","pollen","spore","pollen","spore","pollen","pollen","pollen","pollen","pollen","pollen","pollen","pollen","pollen","pollen","pollen","spore","pollen","pollen","pollen","pollen","pollen","pollen","pollen","pollen","pollen","pollen","pollen","pollen","spore","pollen","pollen","pollen","pollen","pollen","pollen","spore","pollen","pollen","pollen","pollen","pollen","pollen","pollen","pollen","pollen","spore","pollen","pollen","pollen","pollen","pollen","pollen","pollen","pollen","pollen","pollen/spore","pollen","pollen","pollen","spore","spore","pollen","pollen","pollen","pollen","pollen","pollen","spore","pollen","pollen","pollen","pollen","pollen","pollen","pollen","pollen","spore","pollen","pollen","pollen","pollen","pollen","pollen","pollen","pollen","Lake Victoria (Shirati Bay) LV4",33.7961333333333,33.7961333333333,-1.04943333333333,-1.04943333333333,1135,6880000,"Tanzania",NA,NA,NA,NA,68,33135,"LVC18_S4","Lake Victoria LV4","Core","UWITEC piston corer","2018-10-01",NA,"Natural Lake",63,"30 km away from the shore in the Shirati Bay",NA,NA,NA,NA,NA,NA,NA,"2,10,12,3,16",44877,"8777,15357,20039,20044,9599","Gobet, E.|Grosjean, M.|Muschick, M.|Seehausen, O.|Tinner, W.",16,"Depth",15,"Carbon-14","Radiocarbon years BP",547,2,"BE-16265",10200,60,60,1,60,"False","Pollen concentrate","Corrected to 9660 +/- 410 radiocarbon yr BP","Temotzin-Loranca et al. 2023",2,20036,"Temoltzin-Loranca, Y.",10260,10140,13,13851,13851,"Szidat, Sonke","Szidat, S.","Szidat","Sonke","S.","Prof. Dr.","active","Department of Chemistry and Biochemistry and Oeschger Centre for Climate Change Research
University of Bern
Freiestrasse 3
CH-3012 Bern Switzerland","soenke.szidat@dcb.unibe.ch","+41 31 631 43 08","","",2,"true","journal article",20441,"https://doi.org/10.1016/j.palaeo.2023.111839",2023,"Temotzin-Loranca, Y., E. Gobet, B. Vannière, J.F.N. van Leeuwen, G. Wienhues, C. Courtney-Mustaphi, M. Kishe, M. Muschick, L. King, P. Misra, N. Ngoepe, B. Matthews, H. Vogel, O. Heiri, O. Seehausen, M. Grosjean, and W. Tinner. 2023. Long-term ecological successions of vegetation around Lake Victoria (East Africa) in response to latest Pleistocene and Early Holocene climate changes. Palaeogeography, Palaeoclimatology, Palaeoecology 631:111839. [DOI: https://doi.org/10.1016/j.palaeo.2023.111839]","Long-term ecological successions of vegetation around Lake Victoria (East Africa) in response to latest Pleistocene and Early Holocene climate changes","Palaeogeography, Palaeoclimatology, Palaeoecology",631,111839,2,6,"Kishe","M.","20036,8777,9974,15224,20037,18278,20038,20039,20040,20041,20042,20043,10026,9224,20044,15357,9599","Temoltzin-Loranca, Y.|Gobet, E.|Vannière, B.|van Leeuwen, J.F.N.|Wienhues, G.|Courtney-Mustaphi, C.J.|Kishe, M.|Muschick, M.|King, L.|Misra, P.|Ngoepe, N.|Matthews, B.|Vogel, H.|Heiri, O.|Seehausen, O.|Grosjean, M.|Tinner, W.",15695,"18278,8777,15357,9224,20040,20038,20043,20041,20039,20042,20044,20036,9599,15224,9974,10026,20037","Morales-Molino, C.","Courtney-Mustaphi, C.J.|Gobet, E.|Grosjean, M.|Heiri, O.|King, L.|Kishe, M.|Matthews, B.|Misra, P.|Muschick, M.|Ngoepe, N.|Seehausen, O.|Temoltzin-Loranca, Y.|Tinner, W.|van Leeuwen, J.F.N.|Vannière, B.|Vogel, H.|Wienhues, G.","Pollen","LV4 pollen",1,"Temoltzin-Loranca et al. (2023)","Calendar years BP","True",NA,"rbacon",16700,-50,NA,"Temotzin-Loranca, Y.",15,20036,"Temoltzin-Loranca, Y.",NA,NA,NA,NA,"Radiocarbon"
620,1,1,12832,1,4,9666,324,0,0,0,6,0,0,0,0,1,0,1,3,0,1,0,1,0,0,0,1,6,0,0,0,0,1,0,1,1,0,6,0,0,1,0,0,0,2,1,0,0,2,1,0,0,49,0,1,0,0,0,0,1,1,2,0,0,1,0,1,0,2,0,0,0,1,5,0,0,0,0,0,0,2,0,0,0,0,2,12,0,0,1,5,5,0,0,38,0,0,2,0,0,0,0,1,222,7,8,0,0,0,0,0,0,2,0,2,0,0,1,0,1,2,0,0,0,0,0,0,0,0,2,0,3,0,0,2,"ml","number","spores/tablet","number","NISP","NISP","NISP","NISP","NISP","NISP","NISP","NISP","NISP","NISP","NISP","NISP","NISP","NISP","NISP","NISP","NISP","NISP","NISP","NISP","NISP","NISP","NISP","NISP","NISP","NISP","NISP","NISP","NISP","NISP","NISP","NISP","NISP","NISP","NISP","NISP","NISP","NISP","NISP","NISP","NISP","NISP","NISP","NISP","NISP","NISP","NISP","NISP","NISP","NISP","NISP","NISP","NISP","NISP","NISP","NISP","NISP","NISP","NISP","NISP","NISP","NISP","NISP","NISP","NISP","NISP","NISP","NISP","NISP","NISP","NISP","NISP","NISP","NISP","NISP","NISP","NISP","NISP","NISP","NISP","NISP","NISP","NISP","NISP","NISP","NISP","NISP","NISP","NISP","NISP","NISP","NISP","NISP","NISP","NISP","NISP","NISP","NISP","NISP","NISP","NISP","NISP","NISP","NISP","NISP","NISP","NISP","NISP","NISP","NISP","NISP","NISP","NISP","NISP","NISP","NISP","NISP","NISP","NISP","NISP","NISP","NISP","NISP","NISP","NISP","NISP","NISP","NISP","volume","quantity added","concentration","counted","pollen","pollen","pollen","pollen","pollen","pollen","pollen","pollen","pollen","pollen","pollen","pollen","pollen","pollen","pollen","pollen","pollen","spore","spore","pollen","pollen","pollen","pollen","pollen","pollen","pollen","spore","pollen","pollen","pollen","pollen","pollen","pollen","pollen","pollen","pollen","pollen","pollen","pollen","pollen","pollen","pollen","pollen","pollen","spore","pollen","spore","pollen","pollen","pollen","pollen","pollen","pollen","pollen","pollen","pollen","pollen","pollen","spore","pollen","pollen","pollen","pollen","pollen","pollen","pollen","pollen","pollen","pollen","pollen","pollen","spore","pollen","pollen","pollen","pollen","pollen","pollen","spore","pollen","pollen","pollen","pollen","pollen","pollen","pollen","pollen","pollen","spore","pollen","pollen","pollen","pollen","pollen","pollen","pollen","pollen","pollen","pollen/spore","pollen","pollen","pollen","spore","spore","pollen","pollen","pollen","pollen","pollen","pollen","spore","pollen","pollen","pollen","pollen","pollen","pollen","pollen","pollen","spore","pollen","pollen","pollen","pollen","pollen","pollen","pollen","pollen","Lake Victoria (Shirati Bay) LV4",33.7961333333333,33.7961333333333,-1.04943333333333,-1.04943333333333,1135,6880000,"Tanzania",NA,NA,NA,NA,68,33135,"LVC18_S4","Lake Victoria LV4","Core","UWITEC piston corer","2018-10-01",NA,"Natural Lake",63,"30 km away from the shore in the Shirati Bay",NA,NA,NA,NA,NA,NA,NA,"2,10,12,3,16",44877,"8777,15357,20039,20044,9599","Gobet, E.|Grosjean, M.|Muschick, M.|Seehausen, O.|Tinner, W.",16,"Depth",15,"Carbon-14","Radiocarbon years BP",547,2,"BE-16265",10200,60,60,1,60,"False","Pollen concentrate","Corrected to 9660 +/- 410 radiocarbon yr BP","Temotzin-Loranca et al. 2023",2,20036,"Temoltzin-Loranca, Y.",10260,10140,13,13851,13851,"Szidat, Sonke","Szidat, S.","Szidat","Sonke","S.","Prof. Dr.","active","Department of Chemistry and Biochemistry and Oeschger Centre for Climate Change Research
University of Bern
Freiestrasse 3
CH-3012 Bern Switzerland","soenke.szidat@dcb.unibe.ch","+41 31 631 43 08","","",2,"true","journal article",20441,"https://doi.org/10.1016/j.palaeo.2023.111839",2023,"Temotzin-Loranca, Y., E. Gobet, B. Vannière, J.F.N. van Leeuwen, G. Wienhues, C. Courtney-Mustaphi, M. Kishe, M. Muschick, L. King, P. Misra, N. Ngoepe, B. Matthews, H. Vogel, O. Heiri, O. Seehausen, M. Grosjean, and W. Tinner. 2023. Long-term ecological successions of vegetation around Lake Victoria (East Africa) in response to latest Pleistocene and Early Holocene climate changes. Palaeogeography, Palaeoclimatology, Palaeoecology 631:111839. [DOI: https://doi.org/10.1016/j.palaeo.2023.111839]","Long-term ecological successions of vegetation around Lake Victoria (East Africa) in response to latest Pleistocene and Early Holocene climate changes","Palaeogeography, Palaeoclimatology, Palaeoecology",631,111839,2,6,"Kishe","M.","20036,8777,9974,15224,20037,18278,20038,20039,20040,20041,20042,20043,10026,9224,20044,15357,9599","Temoltzin-Loranca, Y.|Gobet, E.|Vannière, B.|van Leeuwen, J.F.N.|Wienhues, G.|Courtney-Mustaphi, C.J.|Kishe, M.|Muschick, M.|King, L.|Misra, P.|Ngoepe, N.|Matthews, B.|Vogel, H.|Heiri, O.|Seehausen, O.|Grosjean, M.|Tinner, W.",15695,"18278,8777,15357,9224,20040,20038,20043,20041,20039,20042,20044,20036,9599,15224,9974,10026,20037","Morales-Molino, C.","Courtney-Mustaphi, C.J.|Gobet, E.|Grosjean, M.|Heiri, O.|King, L.|Kishe, M.|Matthews, B.|Misra, P.|Muschick, M.|Ngoepe, N.|Seehausen, O.|Temoltzin-Loranca, Y.|Tinner, W.|van Leeuwen, J.F.N.|Vannière, B.|Vogel, H.|Wienhues, G.","Pollen","LV4 pollen",1,"Temoltzin-Loranca et al. (2023)","Calendar years BP","True",NA,"rbacon",16700,-50,NA,"Temotzin-Loranca, Y.",15,20036,"Temoltzin-Loranca, Y.",NA,NA,NA,NA,"Radiocarbon"
622,1,1,12871,1,4,9666,79,0,0,1,0,0,0,0,0,0,0,0,1,0,0,0,1,0,0,0,2,1,0,0,0,1,0,0,0,0,0,2,0,0,1,0,0,0,0,0,0,1,0,0,0,0,18,0,0,0,0,0,0,0,1,0,0,0,0,0,0,0,1,0,0,0,1,2,0,1,0,0,0,0,0,0,5,0,0,2,3,0,0,0,3,0,0,0,13,0,0,0,0,0,0,0,0,67,0,5,0,0,0,0,0,0,0,0,0,1,0,0,0,1,0,0,0,0,0,0,0,2,0,1,0,0,0,0,0,"ml","number","spores/tablet","number","NISP","NISP","NISP","NISP","NISP","NISP","NISP","NISP","NISP","NISP","NISP","NISP","NISP","NISP","NISP","NISP","NISP","NISP","NISP","NISP","NISP","NISP","NISP","NISP","NISP","NISP","NISP","NISP","NISP","NISP","NISP","NISP","NISP","NISP","NISP","NISP","NISP","NISP","NISP","NISP","NISP","NISP","NISP","NISP","NISP","NISP","NISP","NISP","NISP","NISP","NISP","NISP","NISP","NISP","NISP","NISP","NISP","NISP","NISP","NISP","NISP","NISP","NISP","NISP","NISP","NISP","NISP","NISP","NISP","NISP","NISP","NISP","NISP","NISP","NISP","NISP","NISP","NISP","NISP","NISP","NISP","NISP","NISP","NISP","NISP","NISP","NISP","NISP","NISP","NISP","NISP","NISP","NISP","NISP","NISP","NISP","NISP","NISP","NISP","NISP","NISP","NISP","NISP","NISP","NISP","NISP","NISP","NISP","NISP","NISP","NISP","NISP","NISP","NISP","NISP","NISP","NISP","NISP","NISP","NISP","NISP","NISP","NISP","NISP","NISP","NISP","NISP","NISP","volume","quantity added","concentration","counted","pollen","pollen","pollen","pollen","pollen","pollen","pollen","pollen","pollen","pollen","pollen","pollen","pollen","pollen","pollen","pollen","pollen","spore","spore","pollen","pollen","pollen","pollen","pollen","pollen","pollen","spore","pollen","pollen","pollen","pollen","pollen","pollen","pollen","pollen","pollen","pollen","pollen","pollen","pollen","pollen","pollen","pollen","pollen","spore","pollen","spore","pollen","pollen","pollen","pollen","pollen","pollen","pollen","pollen","pollen","pollen","pollen","spore","pollen","pollen","pollen","pollen","pollen","pollen","pollen","pollen","pollen","pollen","pollen","pollen","spore","pollen","pollen","pollen","pollen","pollen","pollen","spore","pollen","pollen","pollen","pollen","pollen","pollen","pollen","pollen","pollen","spore","pollen","pollen","pollen","pollen","pollen","pollen","pollen","pollen","pollen","pollen/spore","pollen","pollen","pollen","spore","spore","pollen","pollen","pollen","pollen","pollen","pollen","spore","pollen","pollen","pollen","pollen","pollen","pollen","pollen","pollen","spore","pollen","pollen","pollen","pollen","pollen","pollen","pollen","pollen","Lake Victoria (Shirati Bay) LV4",33.7961333333333,33.7961333333333,-1.04943333333333,-1.04943333333333,1135,6880000,"Tanzania",NA,NA,NA,NA,68,33135,"LVC18_S4","Lake Victoria LV4","Core","UWITEC piston corer","2018-10-01",NA,"Natural Lake",63,"30 km away from the shore in the Shirati Bay",NA,NA,NA,NA,NA,NA,NA,"2,10,12,3,16",44877,"8777,15357,20039,20044,9599","Gobet, E.|Grosjean, M.|Muschick, M.|Seehausen, O.|Tinner, W.",17,"Depth",15,"Carbon-14","Radiocarbon years BP",595,2,"BE-16260",10600,230,230,1,230,"False","Charcoal","","Temotzin-Loranca et al. 2023",2,20036,"Temoltzin-Loranca, Y.",10830,10370,13,13851,13851,"Szidat, Sonke","Szidat, S.","Szidat","Sonke","S.","Prof. Dr.","active","Department of Chemistry and Biochemistry and Oeschger Centre for Climate Change Research
University of Bern
Freiestrasse 3
CH-3012 Bern Switzerland","soenke.szidat@dcb.unibe.ch","+41 31 631 43 08","","",2,"true","journal article",20441,"https://doi.org/10.1016/j.palaeo.2023.111839",2023,"Temotzin-Loranca, Y., E. Gobet, B. Vannière, J.F.N. van Leeuwen, G. Wienhues, C. Courtney-Mustaphi, M. Kishe, M. Muschick, L. King, P. Misra, N. Ngoepe, B. Matthews, H. Vogel, O. Heiri, O. Seehausen, M. Grosjean, and W. Tinner. 2023. Long-term ecological successions of vegetation around Lake Victoria (East Africa) in response to latest Pleistocene and Early Holocene climate changes. Palaeogeography, Palaeoclimatology, Palaeoecology 631:111839. [DOI: https://doi.org/10.1016/j.palaeo.2023.111839]","Long-term ecological successions of vegetation around Lake Victoria (East Africa) in response to latest Pleistocene and Early Holocene climate changes","Palaeogeography, Palaeoclimatology, Palaeoecology",631,111839,2,6,"Kishe","M.","20036,8777,9974,15224,20037,18278,20038,20039,20040,20041,20042,20043,10026,9224,20044,15357,9599","Temoltzin-Loranca, Y.|Gobet, E.|Vannière, B.|van Leeuwen, J.F.N.|Wienhues, G.|Courtney-Mustaphi, C.J.|Kishe, M.|Muschick, M.|King, L.|Misra, P.|Ngoepe, N.|Matthews, B.|Vogel, H.|Heiri, O.|Seehausen, O.|Grosjean, M.|Tinner, W.",15695,"18278,8777,15357,9224,20040,20038,20043,20041,20039,20042,20044,20036,9599,15224,9974,10026,20037","Morales-Molino, C.","Courtney-Mustaphi, C.J.|Gobet, E.|Grosjean, M.|Heiri, O.|King, L.|Kishe, M.|Matthews, B.|Misra, P.|Muschick, M.|Ngoepe, N.|Seehausen, O.|Temoltzin-Loranca, Y.|Tinner, W.|van Leeuwen, J.F.N.|Vannière, B.|Vogel, H.|Wienhues, G.","Pollen","LV4 pollen",1,"Temoltzin-Loranca et al. (2023)","Calendar years BP","True",NA,"rbacon",16700,-50,NA,"Temotzin-Loranca, Y.",15,20036,"Temoltzin-Loranca, Y.",NA,NA,NA,NA,"Radiocarbon"
623,1,1,12871,1,4,9666,371,1,0,0,0,0,2,1,0,0,0,0,1,0,0,0,2,0,0,0,0,2,1,0,0,0,0,0,1,0,0,4,0,0,0,0,0,1,0,1,0,0,1,1,1,0,61,0,1,0,0,0,0,0,0,0,0,0,0,0,0,1,0,0,0,0,1,7,0,0,0,0,1,0,0,0,3,0,0,4,6,1,0,0,4,0,0,0,45,0,0,0,0,0,0,0,0,232,5,17,0,0,0,1,1,0,1,0,1,1,6,0,0,0,0,0,0,0,0,1,0,2,0,8,0,0,0,0,0,"ml","number","spores/tablet","number","NISP","NISP","NISP","NISP","NISP","NISP","NISP","NISP","NISP","NISP","NISP","NISP","NISP","NISP","NISP","NISP","NISP","NISP","NISP","NISP","NISP","NISP","NISP","NISP","NISP","NISP","NISP","NISP","NISP","NISP","NISP","NISP","NISP","NISP","NISP","NISP","NISP","NISP","NISP","NISP","NISP","NISP","NISP","NISP","NISP","NISP","NISP","NISP","NISP","NISP","NISP","NISP","NISP","NISP","NISP","NISP","NISP","NISP","NISP","NISP","NISP","NISP","NISP","NISP","NISP","NISP","NISP","NISP","NISP","NISP","NISP","NISP","NISP","NISP","NISP","NISP","NISP","NISP","NISP","NISP","NISP","NISP","NISP","NISP","NISP","NISP","NISP","NISP","NISP","NISP","NISP","NISP","NISP","NISP","NISP","NISP","NISP","NISP","NISP","NISP","NISP","NISP","NISP","NISP","NISP","NISP","NISP","NISP","NISP","NISP","NISP","NISP","NISP","NISP","NISP","NISP","NISP","NISP","NISP","NISP","NISP","NISP","NISP","NISP","NISP","NISP","NISP","NISP","volume","quantity added","concentration","counted","pollen","pollen","pollen","pollen","pollen","pollen","pollen","pollen","pollen","pollen","pollen","pollen","pollen","pollen","pollen","pollen","pollen","spore","spore","pollen","pollen","pollen","pollen","pollen","pollen","pollen","spore","pollen","pollen","pollen","pollen","pollen","pollen","pollen","pollen","pollen","pollen","pollen","pollen","pollen","pollen","pollen","pollen","pollen","spore","pollen","spore","pollen","pollen","pollen","pollen","pollen","pollen","pollen","pollen","pollen","pollen","pollen","spore","pollen","pollen","pollen","pollen","pollen","pollen","pollen","pollen","pollen","pollen","pollen","pollen","spore","pollen","pollen","pollen","pollen","pollen","pollen","spore","pollen","pollen","pollen","pollen","pollen","pollen","pollen","pollen","pollen","spore","pollen","pollen","pollen","pollen","pollen","pollen","pollen","pollen","pollen","pollen/spore","pollen","pollen","pollen","spore","spore","pollen","pollen","pollen","pollen","pollen","pollen","spore","pollen","pollen","pollen","pollen","pollen","pollen","pollen","pollen","spore","pollen","pollen","pollen","pollen","pollen","pollen","pollen","pollen","Lake Victoria (Shirati Bay) LV4",33.7961333333333,33.7961333333333,-1.04943333333333,-1.04943333333333,1135,6880000,"Tanzania",NA,NA,NA,NA,68,33135,"LVC18_S4","Lake Victoria LV4","Core","UWITEC piston corer","2018-10-01",NA,"Natural Lake",63,"30 km away from the shore in the Shirati Bay",NA,NA,NA,NA,NA,NA,NA,"2,10,12,3,16",44877,"8777,15357,20039,20044,9599","Gobet, E.|Grosjean, M.|Muschick, M.|Seehausen, O.|Tinner, W.",17,"Depth",15,"Carbon-14","Radiocarbon years BP",595,2,"BE-16260",10600,230,230,1,230,"False","Charcoal","","Temotzin-Loranca et al. 2023",2,20036,"Temoltzin-Loranca, Y.",10830,10370,13,13851,13851,"Szidat, Sonke","Szidat, S.","Szidat","Sonke","S.","Prof. Dr.","active","Department of Chemistry and Biochemistry and Oeschger Centre for Climate Change Research
University of Bern
Freiestrasse 3
CH-3012 Bern Switzerland","soenke.szidat@dcb.unibe.ch","+41 31 631 43 08","","",2,"true","journal article",20441,"https://doi.org/10.1016/j.palaeo.2023.111839",2023,"Temotzin-Loranca, Y., E. Gobet, B. Vannière, J.F.N. van Leeuwen, G. Wienhues, C. Courtney-Mustaphi, M. Kishe, M. Muschick, L. King, P. Misra, N. Ngoepe, B. Matthews, H. Vogel, O. Heiri, O. Seehausen, M. Grosjean, and W. Tinner. 2023. Long-term ecological successions of vegetation around Lake Victoria (East Africa) in response to latest Pleistocene and Early Holocene climate changes. Palaeogeography, Palaeoclimatology, Palaeoecology 631:111839. [DOI: https://doi.org/10.1016/j.palaeo.2023.111839]","Long-term ecological successions of vegetation around Lake Victoria (East Africa) in response to latest Pleistocene and Early Holocene climate changes","Palaeogeography, Palaeoclimatology, Palaeoecology",631,111839,2,6,"Kishe","M.","20036,8777,9974,15224,20037,18278,20038,20039,20040,20041,20042,20043,10026,9224,20044,15357,9599","Temoltzin-Loranca, Y.|Gobet, E.|Vannière, B.|van Leeuwen, J.F.N.|Wienhues, G.|Courtney-Mustaphi, C.J.|Kishe, M.|Muschick, M.|King, L.|Misra, P.|Ngoepe, N.|Matthews, B.|Vogel, H.|Heiri, O.|Seehausen, O.|Grosjean, M.|Tinner, W.",15695,"18278,8777,15357,9224,20040,20038,20043,20041,20039,20042,20044,20036,9599,15224,9974,10026,20037","Morales-Molino, C.","Courtney-Mustaphi, C.J.|Gobet, E.|Grosjean, M.|Heiri, O.|King, L.|Kishe, M.|Matthews, B.|Misra, P.|Muschick, M.|Ngoepe, N.|Seehausen, O.|Temoltzin-Loranca, Y.|Tinner, W.|van Leeuwen, J.F.N.|Vannière, B.|Vogel, H.|Wienhues, G.","Pollen","LV4 pollen",1,"Temoltzin-Loranca et al. (2023)","Calendar years BP","True",NA,"rbacon",16700,-50,NA,"Temotzin-Loranca, Y.",15,20036,"Temoltzin-Loranca, Y.",NA,NA,NA,NA,"Radiocarbon"
624,1,1,12910,1,4,9666,225,0,0,2,0,0,0,0,0,0,0,2,2,0,0,0,2,0,1,0,5,2,0,0,0,2,0,0,0,1,0,5,0,0,2,0,0,1,0,0,0,2,0,0,0,0,60,0,0,0,0,0,1,0,2,1,0,0,0,0,0,0,2,0,0,0,2,5,0,2,0,0,0,1,0,0,14,0,0,5,8,0,0,0,8,0,0,0,41,0,0,0,0,0,0,0,0,191,1,14,0,0,0,1,0,0,1,0,0,2,0,0,0,2,0,0,0,0,0,0,0,5,0,2,0,0,0,1,0,"ml","number","spores/tablet","number","NISP","NISP","NISP","NISP","NISP","NISP","NISP","NISP","NISP","NISP","NISP","NISP","NISP","NISP","NISP","NISP","NISP","NISP","NISP","NISP","NISP","NISP","NISP","NISP","NISP","NISP","NISP","NISP","NISP","NISP","NISP","NISP","NISP","NISP","NISP","NISP","NISP","NISP","NISP","NISP","NISP","NISP","NISP","NISP","NISP","NISP","NISP","NISP","NISP","NISP","NISP","NISP","NISP","NISP","NISP","NISP","NISP","NISP","NISP","NISP","NISP","NISP","NISP","NISP","NISP","NISP","NISP","NISP","NISP","NISP","NISP","NISP","NISP","NISP","NISP","NISP","NISP","NISP","NISP","NISP","NISP","NISP","NISP","NISP","NISP","NISP","NISP","NISP","NISP","NISP","NISP","NISP","NISP","NISP","NISP","NISP","NISP","NISP","NISP","NISP","NISP","NISP","NISP","NISP","NISP","NISP","NISP","NISP","NISP","NISP","NISP","NISP","NISP","NISP","NISP","NISP","NISP","NISP","NISP","NISP","NISP","NISP","NISP","NISP","NISP","NISP","NISP","NISP","volume","quantity added","concentration","counted","pollen","pollen","pollen","pollen","pollen","pollen","pollen","pollen","pollen","pollen","pollen","pollen","pollen","pollen","pollen","pollen","pollen","spore","spore","pollen","pollen","pollen","pollen","pollen","pollen","pollen","spore","pollen","pollen","pollen","pollen","pollen","pollen","pollen","pollen","pollen","pollen","pollen","pollen","pollen","pollen","pollen","pollen","pollen","spore","pollen","spore","pollen","pollen","pollen","pollen","pollen","pollen","pollen","pollen","pollen","pollen","pollen","spore","pollen","pollen","pollen","pollen","pollen","pollen","pollen","pollen","pollen","pollen","pollen","pollen","spore","pollen","pollen","pollen","pollen","pollen","pollen","spore","pollen","pollen","pollen","pollen","pollen","pollen","pollen","pollen","pollen","spore","pollen","pollen","pollen","pollen","pollen","pollen","pollen","pollen","pollen","pollen/spore","pollen","pollen","pollen","spore","spore","pollen","pollen","pollen","pollen","pollen","pollen","spore","pollen","pollen","pollen","pollen","pollen","pollen","pollen","pollen","spore","pollen","pollen","pollen","pollen","pollen","pollen","pollen","pollen","Lake Victoria (Shirati Bay) LV4",33.7961333333333,33.7961333333333,-1.04943333333333,-1.04943333333333,1135,6880000,"Tanzania",NA,NA,NA,NA,68,33135,"LVC18_S4","Lake Victoria LV4","Core","UWITEC piston corer","2018-10-01",NA,"Natural Lake",63,"30 km away from the shore in the Shirati Bay",NA,NA,NA,NA,NA,NA,NA,"2,10,12,3,16",44877,"8777,15357,20039,20044,9599","Gobet, E.|Grosjean, M.|Muschick, M.|Seehausen, O.|Tinner, W.",17,"Depth",15,"Carbon-14","Radiocarbon years BP",595,2,"BE-16260",10600,230,230,1,230,"False","Charcoal","","Temotzin-Loranca et al. 2023",2,20036,"Temoltzin-Loranca, Y.",10830,10370,13,13851,13851,"Szidat, Sonke","Szidat, S.","Szidat","Sonke","S.","Prof. Dr.","active","Department of Chemistry and Biochemistry and Oeschger Centre for Climate Change Research
University of Bern
Freiestrasse 3
CH-3012 Bern Switzerland","soenke.szidat@dcb.unibe.ch","+41 31 631 43 08","","",2,"true","journal article",20441,"https://doi.org/10.1016/j.palaeo.2023.111839",2023,"Temotzin-Loranca, Y., E. Gobet, B. Vannière, J.F.N. van Leeuwen, G. Wienhues, C. Courtney-Mustaphi, M. Kishe, M. Muschick, L. King, P. Misra, N. Ngoepe, B. Matthews, H. Vogel, O. Heiri, O. Seehausen, M. Grosjean, and W. Tinner. 2023. Long-term ecological successions of vegetation around Lake Victoria (East Africa) in response to latest Pleistocene and Early Holocene climate changes. Palaeogeography, Palaeoclimatology, Palaeoecology 631:111839. [DOI: https://doi.org/10.1016/j.palaeo.2023.111839]","Long-term ecological successions of vegetation around Lake Victoria (East Africa) in response to latest Pleistocene and Early Holocene climate changes","Palaeogeography, Palaeoclimatology, Palaeoecology",631,111839,2,10,"Muschick","M.","20036,8777,9974,15224,20037,18278,20038,20039,20040,20041,20042,20043,10026,9224,20044,15357,9599","Temoltzin-Loranca, Y.|Gobet, E.|Vannière, B.|van Leeuwen, J.F.N.|Wienhues, G.|Courtney-Mustaphi, C.J.|Kishe, M.|Muschick, M.|King, L.|Misra, P.|Ngoepe, N.|Matthews, B.|Vogel, H.|Heiri, O.|Seehausen, O.|Grosjean, M.|Tinner, W.",15695,"18278,8777,15357,9224,20040,20038,20043,20041,20039,20042,20044,20036,9599,15224,9974,10026,20037","Morales-Molino, C.","Courtney-Mustaphi, C.J.|Gobet, E.|Grosjean, M.|Heiri, O.|King, L.|Kishe, M.|Matthews, B.|Misra, P.|Muschick, M.|Ngoepe, N.|Seehausen, O.|Temoltzin-Loranca, Y.|Tinner, W.|van Leeuwen, J.F.N.|Vannière, B.|Vogel, H.|Wienhues, G.","Pollen","LV4 pollen",1,"Temoltzin-Loranca et al. (2023)","Calendar years BP","True",NA,"rbacon",16700,-50,NA,"Temotzin-Loranca, Y.",15,20036,"Temoltzin-Loranca, Y.",NA,NA,NA,NA,"Radiocarbon"
626,1,1,12947,1,4,9666,371,1,0,0,0,0,2,1,0,0,0,0,1,0,0,0,2,0,0,0,0,2,1,0,0,0,0,0,1,0,0,4,0,0,0,0,0,1,0,1,0,0,1,1,1,0,61,0,1,0,0,0,0,0,0,0,0,0,0,0,0,1,0,0,0,0,1,7,0,0,0,0,1,0,0,0,3,0,0,4,6,1,0,0,4,6,0,0,45,0,0,0,0,0,0,0,0,232,5,17,0,0,0,1,0,0,1,0,1,1,0,0,0,0,0,0,0,0,0,1,0,2,0,8,0,0,0,0,0,"ml","number","spores/tablet","number","NISP","NISP","NISP","NISP","NISP","NISP","NISP","NISP","NISP","NISP","NISP","NISP","NISP","NISP","NISP","NISP","NISP","NISP","NISP","NISP","NISP","NISP","NISP","NISP","NISP","NISP","NISP","NISP","NISP","NISP","NISP","NISP","NISP","NISP","NISP","NISP","NISP","NISP","NISP","NISP","NISP","NISP","NISP","NISP","NISP","NISP","NISP","NISP","NISP","NISP","NISP","NISP","NISP","NISP","NISP","NISP","NISP","NISP","NISP","NISP","NISP","NISP","NISP","NISP","NISP","NISP","NISP","NISP","NISP","NISP","NISP","NISP","NISP","NISP","NISP","NISP","NISP","NISP","NISP","NISP","NISP","NISP","NISP","NISP","NISP","NISP","NISP","NISP","NISP","NISP","NISP","NISP","NISP","NISP","NISP","NISP","NISP","NISP","NISP","NISP","NISP","NISP","NISP","NISP","NISP","NISP","NISP","NISP","NISP","NISP","NISP","NISP","NISP","NISP","NISP","NISP","NISP","NISP","NISP","NISP","NISP","NISP","NISP","NISP","NISP","NISP","NISP","NISP","volume","quantity added","concentration","counted","pollen","pollen","pollen","pollen","pollen","pollen","pollen","pollen","pollen","pollen","pollen","pollen","pollen","pollen","pollen","pollen","pollen","spore","spore","pollen","pollen","pollen","pollen","pollen","pollen","pollen","spore","pollen","pollen","pollen","pollen","pollen","pollen","pollen","pollen","pollen","pollen","pollen","pollen","pollen","pollen","pollen","pollen","pollen","spore","pollen","spore","pollen","pollen","pollen","pollen","pollen","pollen","pollen","pollen","pollen","pollen","pollen","spore","pollen","pollen","pollen","pollen","pollen","pollen","pollen","pollen","pollen","pollen","pollen","pollen","spore","pollen","pollen","pollen","pollen","pollen","pollen","spore","pollen","pollen","pollen","pollen","pollen","pollen","pollen","pollen","pollen","spore","pollen","pollen","pollen","pollen","pollen","pollen","pollen","pollen","pollen","pollen/spore","pollen","pollen","pollen","spore","spore","pollen","pollen","pollen","pollen","pollen","pollen","spore","pollen","pollen","pollen","pollen","pollen","pollen","pollen","pollen","spore","pollen","pollen","pollen","pollen","pollen","pollen","pollen","pollen","Lake Victoria (Shirati Bay) LV4",33.7961333333333,33.7961333333333,-1.04943333333333,-1.04943333333333,1135,6880000,"Tanzania",NA,NA,NA,NA,68,33135,"LVC18_S4","Lake Victoria LV4","Core","UWITEC piston corer","2018-10-01",NA,"Natural Lake",63,"30 km away from the shore in the Shirati Bay",NA,NA,NA,NA,NA,NA,NA,"2,10,12,3,16",44877,"8777,15357,20039,20044,9599","Gobet, E.|Grosjean, M.|Muschick, M.|Seehausen, O.|Tinner, W.",17,"Depth",15,"Carbon-14","Radiocarbon years BP",595,2,"BE-16260",10600,230,230,1,230,"False","Charcoal","","Temotzin-Loranca et al. 2023",2,20036,"Temoltzin-Loranca, Y.",10830,10370,13,13851,13851,"Szidat, Sonke","Szidat, S.","Szidat","Sonke","S.","Prof. Dr.","active","Department of Chemistry and Biochemistry and Oeschger Centre for Climate Change Research
University of Bern
Freiestrasse 3
CH-3012 Bern Switzerland","soenke.szidat@dcb.unibe.ch","+41 31 631 43 08","","",2,"true","journal article",20441,"https://doi.org/10.1016/j.palaeo.2023.111839",2023,"Temotzin-Loranca, Y., E. Gobet, B. Vannière, J.F.N. van Leeuwen, G. Wienhues, C. Courtney-Mustaphi, M. Kishe, M. Muschick, L. King, P. Misra, N. Ngoepe, B. Matthews, H. Vogel, O. Heiri, O. Seehausen, M. Grosjean, and W. Tinner. 2023. Long-term ecological successions of vegetation around Lake Victoria (East Africa) in response to latest Pleistocene and Early Holocene climate changes. Palaeogeography, Palaeoclimatology, Palaeoecology 631:111839. [DOI: https://doi.org/10.1016/j.palaeo.2023.111839]","Long-term ecological successions of vegetation around Lake Victoria (East Africa) in response to latest Pleistocene and Early Holocene climate changes","Palaeogeography, Palaeoclimatology, Palaeoecology",631,111839,2,10,"Muschick","M.","20036,8777,9974,15224,20037,18278,20038,20039,20040,20041,20042,20043,10026,9224,20044,15357,9599","Temoltzin-Loranca, Y.|Gobet, E.|Vannière, B.|van Leeuwen, J.F.N.|Wienhues, G.|Courtney-Mustaphi, C.J.|Kishe, M.|Muschick, M.|King, L.|Misra, P.|Ngoepe, N.|Matthews, B.|Vogel, H.|Heiri, O.|Seehausen, O.|Grosjean, M.|Tinner, W.",15695,"18278,8777,15357,9224,20040,20038,20043,20041,20039,20042,20044,20036,9599,15224,9974,10026,20037","Morales-Molino, C.","Courtney-Mustaphi, C.J.|Gobet, E.|Grosjean, M.|Heiri, O.|King, L.|Kishe, M.|Matthews, B.|Misra, P.|Muschick, M.|Ngoepe, N.|Seehausen, O.|Temoltzin-Loranca, Y.|Tinner, W.|van Leeuwen, J.F.N.|Vannière, B.|Vogel, H.|Wienhues, G.","Pollen","LV4 pollen",1,"Temoltzin-Loranca et al. (2023)","Calendar years BP","True",NA,"rbacon",16700,-50,NA,"Temotzin-Loranca, Y.",15,20036,"Temoltzin-Loranca, Y.",NA,NA,NA,NA,"Radiocarbon"
628,1,1,12988,1,4,9666,349,0,0,0,0,0,1,0,0,0,0,0,0,0,0,0,2,0,0,0,0,3,0,0,0,1,0,0,1,0,0,3,0,0,0,0,0,1,0,0,0,0,0,0,0,0,76,0,0,0,0,0,0,0,0,0,0,0,0,0,0,2,0,0,0,0,0,6,0,0,0,0,0,0,0,0,2,0,0,3,5,0,0,0,3,5,0,0,42,0,0,0,0,0,0,0,0,218,4,16,0,0,0,0,0,0,0,0,0,0,0,0,0,0,0,0,0,0,0,0,0,1,0,7,0,0,0,1,0,"ml","number","spores/tablet","number","NISP","NISP","NISP","NISP","NISP","NISP","NISP","NISP","NISP","NISP","NISP","NISP","NISP","NISP","NISP","NISP","NISP","NISP","NISP","NISP","NISP","NISP","NISP","NISP","NISP","NISP","NISP","NISP","NISP","NISP","NISP","NISP","NISP","NISP","NISP","NISP","NISP","NISP","NISP","NISP","NISP","NISP","NISP","NISP","NISP","NISP","NISP","NISP","NISP","NISP","NISP","NISP","NISP","NISP","NISP","NISP","NISP","NISP","NISP","NISP","NISP","NISP","NISP","NISP","NISP","NISP","NISP","NISP","NISP","NISP","NISP","NISP","NISP","NISP","NISP","NISP","NISP","NISP","NISP","NISP","NISP","NISP","NISP","NISP","NISP","NISP","NISP","NISP","NISP","NISP","NISP","NISP","NISP","NISP","NISP","NISP","NISP","NISP","NISP","NISP","NISP","NISP","NISP","NISP","NISP","NISP","NISP","NISP","NISP","NISP","NISP","NISP","NISP","NISP","NISP","NISP","NISP","NISP","NISP","NISP","NISP","NISP","NISP","NISP","NISP","NISP","NISP","NISP","volume","quantity added","concentration","counted","pollen","pollen","pollen","pollen","pollen","pollen","pollen","pollen","pollen","pollen","pollen","pollen","pollen","pollen","pollen","pollen","pollen","spore","spore","pollen","pollen","pollen","pollen","pollen","pollen","pollen","spore","pollen","pollen","pollen","pollen","pollen","pollen","pollen","pollen","pollen","pollen","pollen","pollen","pollen","pollen","pollen","pollen","pollen","spore","pollen","spore","pollen","pollen","pollen","pollen","pollen","pollen","pollen","pollen","pollen","pollen","pollen","spore","pollen","pollen","pollen","pollen","pollen","pollen","pollen","pollen","pollen","pollen","pollen","pollen","spore","pollen","pollen","pollen","pollen","pollen","pollen","spore","pollen","pollen","pollen","pollen","pollen","pollen","pollen","pollen","pollen","spore","pollen","pollen","pollen","pollen","pollen","pollen","pollen","pollen","pollen","pollen/spore","pollen","pollen","pollen","spore","spore","pollen","pollen","pollen","pollen","pollen","pollen","spore","pollen","pollen","pollen","pollen","pollen","pollen","pollen","pollen","spore","pollen","pollen","pollen","pollen","pollen","pollen","pollen","pollen","Lake Victoria (Shirati Bay) LV4",33.7961333333333,33.7961333333333,-1.04943333333333,-1.04943333333333,1135,6880000,"Tanzania",NA,NA,NA,NA,68,33135,"LVC18_S4","Lake Victoria LV4","Core","UWITEC piston corer","2018-10-01",NA,"Natural Lake",63,"30 km away from the shore in the Shirati Bay",NA,NA,NA,NA,NA,NA,NA,"2,10,12,3,16",44877,"8777,15357,20039,20044,9599","Gobet, E.|Grosjean, M.|Muschick, M.|Seehausen, O.|Tinner, W.",17,"Depth",15,"Carbon-14","Radiocarbon years BP",595,2,"BE-16260",10600,230,230,1,230,"False","Charcoal","","Temotzin-Loranca et al. 2023",2,20036,"Temoltzin-Loranca, Y.",10830,10370,13,13851,13851,"Szidat, Sonke","Szidat, S.","Szidat","Sonke","S.","Prof. Dr.","active","Department of Chemistry and Biochemistry and Oeschger Centre for Climate Change Research
University of Bern
Freiestrasse 3
CH-3012 Bern Switzerland","soenke.szidat@dcb.unibe.ch","+41 31 631 43 08","","",2,"true","journal article",20441,"https://doi.org/10.1016/j.palaeo.2023.111839",2023,"Temotzin-Loranca, Y., E. Gobet, B. Vannière, J.F.N. van Leeuwen, G. Wienhues, C. Courtney-Mustaphi, M. Kishe, M. Muschick, L. King, P. Misra, N. Ngoepe, B. Matthews, H. Vogel, O. Heiri, O. Seehausen, M. Grosjean, and W. Tinner. 2023. Long-term ecological successions of vegetation around Lake Victoria (East Africa) in response to latest Pleistocene and Early Holocene climate changes. Palaeogeography, Palaeoclimatology, Palaeoecology 631:111839. [DOI: https://doi.org/10.1016/j.palaeo.2023.111839]","Long-term ecological successions of vegetation around Lake Victoria (East Africa) in response to latest Pleistocene and Early Holocene climate changes","Palaeogeography, Palaeoclimatology, Palaeoecology",631,111839,2,10,"Muschick","M.","20036,8777,9974,15224,20037,18278,20038,20039,20040,20041,20042,20043,10026,9224,20044,15357,9599","Temoltzin-Loranca, Y.|Gobet, E.|Vannière, B.|van Leeuwen, J.F.N.|Wienhues, G.|Courtney-Mustaphi, C.J.|Kishe, M.|Muschick, M.|King, L.|Misra, P.|Ngoepe, N.|Matthews, B.|Vogel, H.|Heiri, O.|Seehausen, O.|Grosjean, M.|Tinner, W.",15695,"18278,8777,15357,9224,20040,20038,20043,20041,20039,20042,20044,20036,9599,15224,9974,10026,20037","Morales-Molino, C.","Courtney-Mustaphi, C.J.|Gobet, E.|Grosjean, M.|Heiri, O.|King, L.|Kishe, M.|Matthews, B.|Misra, P.|Muschick, M.|Ngoepe, N.|Seehausen, O.|Temoltzin-Loranca, Y.|Tinner, W.|van Leeuwen, J.F.N.|Vannière, B.|Vogel, H.|Wienhues, G.","Pollen","LV4 pollen",1,"Temoltzin-Loranca et al. (2023)","Calendar years BP","True",NA,"rbacon",16700,-50,NA,"Temotzin-Loranca, Y.",15,20036,"Temoltzin-Loranca, Y.",NA,NA,NA,NA,"Radiocarbon"
630,1,1,13030,1,4,9666,320,1,0,0,0,0,2,0,0,0,0,2,1,2,0,0,1,0,0,0,0,4,0,0,0,0,0,0,1,0,0,6,0,0,0,0,0,0,0,1,0,0,0,1,0,0,59,0,1,0,0,0,3,0,0,0,0,0,0,0,0,0,5,0,0,0,1,3,0,0,1,0,0,1,0,0,4,0,1,3,2,0,0,0,5,2,0,0,42,0,0,0,0,0,0,0,0,221,4,16,0,0,0,1,0,0,2,0,0,1,0,0,0,2,0,0,0,0,0,0,0,2,0,3,0,0,0,0,0,"ml","number","spores/tablet","number","NISP","NISP","NISP","NISP","NISP","NISP","NISP","NISP","NISP","NISP","NISP","NISP","NISP","NISP","NISP","NISP","NISP","NISP","NISP","NISP","NISP","NISP","NISP","NISP","NISP","NISP","NISP","NISP","NISP","NISP","NISP","NISP","NISP","NISP","NISP","NISP","NISP","NISP","NISP","NISP","NISP","NISP","NISP","NISP","NISP","NISP","NISP","NISP","NISP","NISP","NISP","NISP","NISP","NISP","NISP","NISP","NISP","NISP","NISP","NISP","NISP","NISP","NISP","NISP","NISP","NISP","NISP","NISP","NISP","NISP","NISP","NISP","NISP","NISP","NISP","NISP","NISP","NISP","NISP","NISP","NISP","NISP","NISP","NISP","NISP","NISP","NISP","NISP","NISP","NISP","NISP","NISP","NISP","NISP","NISP","NISP","NISP","NISP","NISP","NISP","NISP","NISP","NISP","NISP","NISP","NISP","NISP","NISP","NISP","NISP","NISP","NISP","NISP","NISP","NISP","NISP","NISP","NISP","NISP","NISP","NISP","NISP","NISP","NISP","NISP","NISP","NISP","NISP","volume","quantity added","concentration","counted","pollen","pollen","pollen","pollen","pollen","pollen","pollen","pollen","pollen","pollen","pollen","pollen","pollen","pollen","pollen","pollen","pollen","spore","spore","pollen","pollen","pollen","pollen","pollen","pollen","pollen","spore","pollen","pollen","pollen","pollen","pollen","pollen","pollen","pollen","pollen","pollen","pollen","pollen","pollen","pollen","pollen","pollen","pollen","spore","pollen","spore","pollen","pollen","pollen","pollen","pollen","pollen","pollen","pollen","pollen","pollen","pollen","spore","pollen","pollen","pollen","pollen","pollen","pollen","pollen","pollen","pollen","pollen","pollen","pollen","spore","pollen","pollen","pollen","pollen","pollen","pollen","spore","pollen","pollen","pollen","pollen","pollen","pollen","pollen","pollen","pollen","spore","pollen","pollen","pollen","pollen","pollen","pollen","pollen","pollen","pollen","pollen/spore","pollen","pollen","pollen","spore","spore","pollen","pollen","pollen","pollen","pollen","pollen","spore","pollen","pollen","pollen","pollen","pollen","pollen","pollen","pollen","spore","pollen","pollen","pollen","pollen","pollen","pollen","pollen","pollen","Lake Victoria (Shirati Bay) LV4",33.7961333333333,33.7961333333333,-1.04943333333333,-1.04943333333333,1135,6880000,"Tanzania",NA,NA,NA,NA,68,33135,"LVC18_S4","Lake Victoria LV4","Core","UWITEC piston corer","2018-10-01",NA,"Natural Lake",63,"30 km away from the shore in the Shirati Bay",NA,NA,NA,NA,NA,NA,NA,"2,10,12,3,16",44877,"8777,15357,20039,20044,9599","Gobet, E.|Grosjean, M.|Muschick, M.|Seehausen, O.|Tinner, W.",17,"Depth",15,"Carbon-14","Radiocarbon years BP",595,2,"BE-16260",10600,230,230,1,230,"False","Charcoal","","Temotzin-Loranca et al. 2023",2,20036,"Temoltzin-Loranca, Y.",10830,10370,14,20036,20036,"Temoltzin-Loranca, Yunuén","Temoltzin-Loranca, Y.","Temoltzin-Loranca","Yunuén","Y.","Dr.","inactive","Institute of Geography and Oeschger Center for Climate Change Research
University of Bern
Bern, Switzerland","","","","",2,"true","journal article",20441,"https://doi.org/10.1016/j.palaeo.2023.111839",2023,"Temotzin-Loranca, Y., E. Gobet, B. Vannière, J.F.N. van Leeuwen, G. Wienhues, C. Courtney-Mustaphi, M. Kishe, M. Muschick, L. King, P. Misra, N. Ngoepe, B. Matthews, H. Vogel, O. Heiri, O. Seehausen, M. Grosjean, and W. Tinner. 2023. Long-term ecological successions of vegetation around Lake Victoria (East Africa) in response to latest Pleistocene and Early Holocene climate changes. Palaeogeography, Palaeoclimatology, Palaeoecology 631:111839. [DOI: https://doi.org/10.1016/j.palaeo.2023.111839]","Long-term ecological successions of vegetation around Lake Victoria (East Africa) in response to latest Pleistocene and Early Holocene climate changes","Palaeogeography, Palaeoclimatology, Palaeoecology",631,111839,2,10,"Muschick","M.","20036,8777,9974,15224,20037,18278,20038,20039,20040,20041,20042,20043,10026,9224,20044,15357,9599","Temoltzin-Loranca, Y.|Gobet, E.|Vannière, B.|van Leeuwen, J.F.N.|Wienhues, G.|Courtney-Mustaphi, C.J.|Kishe, M.|Muschick, M.|King, L.|Misra, P.|Ngoepe, N.|Matthews, B.|Vogel, H.|Heiri, O.|Seehausen, O.|Grosjean, M.|Tinner, W.",15695,"18278,8777,15357,9224,20040,20038,20043,20041,20039,20042,20044,20036,9599,15224,9974,10026,20037","Morales-Molino, C.","Courtney-Mustaphi, C.J.|Gobet, E.|Grosjean, M.|Heiri, O.|King, L.|Kishe, M.|Matthews, B.|Misra, P.|Muschick, M.|Ngoepe, N.|Seehausen, O.|Temoltzin-Loranca, Y.|Tinner, W.|van Leeuwen, J.F.N.|Vannière, B.|Vogel, H.|Wienhues, G.","Pollen","LV4 pollen",1,"Temoltzin-Loranca et al. (2023)","Calendar years BP","True",NA,"rbacon",16700,-50,NA,"Temotzin-Loranca, Y.",15,20036,"Temoltzin-Loranca, Y.",NA,NA,NA,NA,"Radiocarbon"
632,1,1,13064,1,4,9666,189,0,0,0,0,0,0,0,0,0,0,1,3,0,1,0,2,0,0,0,0,3,0,0,0,0,0,0,0,0,0,1,0,0,0,0,0,0,0,2,0,0,0,0,0,0,45,0,0,0,0,0,1,0,0,2,0,0,0,0,0,0,6,0,0,0,2,7,0,0,1,0,0,0,0,0,4,0,0,3,4,0,0,0,5,1,0,0,62,0,0,0,0,0,0,0,0,208,2,25,0,0,0,0,0,0,1,0,0,0,0,0,0,2,2,0,0,0,0,0,0,3,0,3,0,0,0,0,0,"ml","number","spores/tablet","number","NISP","NISP","NISP","NISP","NISP","NISP","NISP","NISP","NISP","NISP","NISP","NISP","NISP","NISP","NISP","NISP","NISP","NISP","NISP","NISP","NISP","NISP","NISP","NISP","NISP","NISP","NISP","NISP","NISP","NISP","NISP","NISP","NISP","NISP","NISP","NISP","NISP","NISP","NISP","NISP","NISP","NISP","NISP","NISP","NISP","NISP","NISP","NISP","NISP","NISP","NISP","NISP","NISP","NISP","NISP","NISP","NISP","NISP","NISP","NISP","NISP","NISP","NISP","NISP","NISP","NISP","NISP","NISP","NISP","NISP","NISP","NISP","NISP","NISP","NISP","NISP","NISP","NISP","NISP","NISP","NISP","NISP","NISP","NISP","NISP","NISP","NISP","NISP","NISP","NISP","NISP","NISP","NISP","NISP","NISP","NISP","NISP","NISP","NISP","NISP","NISP","NISP","NISP","NISP","NISP","NISP","NISP","NISP","NISP","NISP","NISP","NISP","NISP","NISP","NISP","NISP","NISP","NISP","NISP","NISP","NISP","NISP","NISP","NISP","NISP","NISP","NISP","NISP","volume","quantity added","concentration","counted","pollen","pollen","pollen","pollen","pollen","pollen","pollen","pollen","pollen","pollen","pollen","pollen","pollen","pollen","pollen","pollen","pollen","spore","spore","pollen","pollen","pollen","pollen","pollen","pollen","pollen","spore","pollen","pollen","pollen","pollen","pollen","pollen","pollen","pollen","pollen","pollen","pollen","pollen","pollen","pollen","pollen","pollen","pollen","spore","pollen","spore","pollen","pollen","pollen","pollen","pollen","pollen","pollen","pollen","pollen","pollen","pollen","spore","pollen","pollen","pollen","pollen","pollen","pollen","pollen","pollen","pollen","pollen","pollen","pollen","spore","pollen","pollen","pollen","pollen","pollen","pollen","spore","pollen","pollen","pollen","pollen","pollen","pollen","pollen","pollen","pollen","spore","pollen","pollen","pollen","pollen","pollen","pollen","pollen","pollen","pollen","pollen/spore","pollen","pollen","pollen","spore","spore","pollen","pollen","pollen","pollen","pollen","pollen","spore","pollen","pollen","pollen","pollen","pollen","pollen","pollen","pollen","spore","pollen","pollen","pollen","pollen","pollen","pollen","pollen","pollen","Lake Victoria (Shirati Bay) LV4",33.7961333333333,33.7961333333333,-1.04943333333333,-1.04943333333333,1135,6880000,"Tanzania",NA,NA,NA,NA,68,33135,"LVC18_S4","Lake Victoria LV4","Core","UWITEC piston corer","2018-10-01",NA,"Natural Lake",63,"30 km away from the shore in the Shirati Bay",NA,NA,NA,NA,NA,NA,NA,"2,10,12,3,16",44877,"8777,15357,20039,20044,9599","Gobet, E.|Grosjean, M.|Muschick, M.|Seehausen, O.|Tinner, W.",17,"Depth",15,"Carbon-14","Radiocarbon years BP",595,2,"BE-16260",10600,230,230,1,230,"False","Charcoal","","Temotzin-Loranca et al. 2023",2,20036,"Temoltzin-Loranca, Y.",10830,10370,14,20036,20036,"Temoltzin-Loranca, Yunuén","Temoltzin-Loranca, Y.","Temoltzin-Loranca","Yunuén","Y.","Dr.","inactive","Institute of Geography and Oeschger Center for Climate Change Research
University of Bern
Bern, Switzerland","","","","",2,"true","journal article",20441,"https://doi.org/10.1016/j.palaeo.2023.111839",2023,"Temotzin-Loranca, Y., E. Gobet, B. Vannière, J.F.N. van Leeuwen, G. Wienhues, C. Courtney-Mustaphi, M. Kishe, M. Muschick, L. King, P. Misra, N. Ngoepe, B. Matthews, H. Vogel, O. Heiri, O. Seehausen, M. Grosjean, and W. Tinner. 2023. Long-term ecological successions of vegetation around Lake Victoria (East Africa) in response to latest Pleistocene and Early Holocene climate changes. Palaeogeography, Palaeoclimatology, Palaeoecology 631:111839. [DOI: https://doi.org/10.1016/j.palaeo.2023.111839]","Long-term ecological successions of vegetation around Lake Victoria (East Africa) in response to latest Pleistocene and Early Holocene climate changes","Palaeogeography, Palaeoclimatology, Palaeoecology",631,111839,2,10,"Muschick","M.","20036,8777,9974,15224,20037,18278,20038,20039,20040,20041,20042,20043,10026,9224,20044,15357,9599","Temoltzin-Loranca, Y.|Gobet, E.|Vannière, B.|van Leeuwen, J.F.N.|Wienhues, G.|Courtney-Mustaphi, C.J.|Kishe, M.|Muschick, M.|King, L.|Misra, P.|Ngoepe, N.|Matthews, B.|Vogel, H.|Heiri, O.|Seehausen, O.|Grosjean, M.|Tinner, W.",15695,"18278,8777,15357,9224,20040,20038,20043,20041,20039,20042,20044,20036,9599,15224,9974,10026,20037","Morales-Molino, C.","Courtney-Mustaphi, C.J.|Gobet, E.|Grosjean, M.|Heiri, O.|King, L.|Kishe, M.|Matthews, B.|Misra, P.|Muschick, M.|Ngoepe, N.|Seehausen, O.|Temoltzin-Loranca, Y.|Tinner, W.|van Leeuwen, J.F.N.|Vannière, B.|Vogel, H.|Wienhues, G.","Pollen","LV4 pollen",1,"Temoltzin-Loranca et al. (2023)","Calendar years BP","True",NA,"rbacon",16700,-50,NA,"Temotzin-Loranca, Y.",15,20036,"Temoltzin-Loranca, Y.",NA,NA,NA,NA,"Radiocarbon"
634,1,1,13104,1,4,9666,312,0,0,0,0,0,0,0,0,0,0,2,1,0,2,0,2,0,1,0,0,4,2,0,0,1,1,0,0,0,0,3,0,0,1,0,0,0,0,2,0,0,1,1,0,0,57,0,0,0,0,0,2,0,0,2,0,0,0,0,0,0,8,0,0,1,3,11,0,0,3,0,0,0,0,0,6,0,0,5,7,0,0,0,6,2,0,0,70,0,0,0,0,0,0,0,0,292,4,18,0,0,0,0,0,0,1,0,0,0,0,0,0,1,2,0,0,0,0,1,0,4,0,7,0,0,1,1,0,"ml","number","spores/tablet","number","NISP","NISP","NISP","NISP","NISP","NISP","NISP","NISP","NISP","NISP","NISP","NISP","NISP","NISP","NISP","NISP","NISP","NISP","NISP","NISP","NISP","NISP","NISP","NISP","NISP","NISP","NISP","NISP","NISP","NISP","NISP","NISP","NISP","NISP","NISP","NISP","NISP","NISP","NISP","NISP","NISP","NISP","NISP","NISP","NISP","NISP","NISP","NISP","NISP","NISP","NISP","NISP","NISP","NISP","NISP","NISP","NISP","NISP","NISP","NISP","NISP","NISP","NISP","NISP","NISP","NISP","NISP","NISP","NISP","NISP","NISP","NISP","NISP","NISP","NISP","NISP","NISP","NISP","NISP","NISP","NISP","NISP","NISP","NISP","NISP","NISP","NISP","NISP","NISP","NISP","NISP","NISP","NISP","NISP","NISP","NISP","NISP","NISP","NISP","NISP","NISP","NISP","NISP","NISP","NISP","NISP","NISP","NISP","NISP","NISP","NISP","NISP","NISP","NISP","NISP","NISP","NISP","NISP","NISP","NISP","NISP","NISP","NISP","NISP","NISP","NISP","NISP","NISP","volume","quantity added","concentration","counted","pollen","pollen","pollen","pollen","pollen","pollen","pollen","pollen","pollen","pollen","pollen","pollen","pollen","pollen","pollen","pollen","pollen","spore","spore","pollen","pollen","pollen","pollen","pollen","pollen","pollen","spore","pollen","pollen","pollen","pollen","pollen","pollen","pollen","pollen","pollen","pollen","pollen","pollen","pollen","pollen","pollen","pollen","pollen","spore","pollen","spore","pollen","pollen","pollen","pollen","pollen","pollen","pollen","pollen","pollen","pollen","pollen","spore","pollen","pollen","pollen","pollen","pollen","pollen","pollen","pollen","pollen","pollen","pollen","pollen","spore","pollen","pollen","pollen","pollen","pollen","pollen","spore","pollen","pollen","pollen","pollen","pollen","pollen","pollen","pollen","pollen","spore","pollen","pollen","pollen","pollen","pollen","pollen","pollen","pollen","pollen","pollen/spore","pollen","pollen","pollen","spore","spore","pollen","pollen","pollen","pollen","pollen","pollen","spore","pollen","pollen","pollen","pollen","pollen","pollen","pollen","pollen","spore","pollen","pollen","pollen","pollen","pollen","pollen","pollen","pollen","Lake Victoria (Shirati Bay) LV4",33.7961333333333,33.7961333333333,-1.04943333333333,-1.04943333333333,1135,6880000,"Tanzania",NA,NA,NA,NA,68,33135,"LVC18_S4","Lake Victoria LV4","Core","UWITEC piston corer","2018-10-01",NA,"Natural Lake",63,"30 km away from the shore in the Shirati Bay",NA,NA,NA,NA,NA,NA,NA,"2,10,12,3,16",44877,"8777,15357,20039,20044,9599","Gobet, E.|Grosjean, M.|Muschick, M.|Seehausen, O.|Tinner, W.",18,"Depth",15,"Carbon-14","Radiocarbon years BP",649,2,"BE-16261",11500,200,200,1,200,"False","Charcoal","","Temotzin-Loranca et al. 2023",2,20036,"Temoltzin-Loranca, Y.",11700,11300,14,20036,20036,"Temoltzin-Loranca, Yunuén","Temoltzin-Loranca, Y.","Temoltzin-Loranca","Yunuén","Y.","Dr.","inactive","Institute of Geography and Oeschger Center for Climate Change Research
University of Bern
Bern, Switzerland","","","","",2,"true","journal article",20441,"https://doi.org/10.1016/j.palaeo.2023.111839",2023,"Temotzin-Loranca, Y., E. Gobet, B. Vannière, J.F.N. van Leeuwen, G. Wienhues, C. Courtney-Mustaphi, M. Kishe, M. Muschick, L. King, P. Misra, N. Ngoepe, B. Matthews, H. Vogel, O. Heiri, O. Seehausen, M. Grosjean, and W. Tinner. 2023. Long-term ecological successions of vegetation around Lake Victoria (East Africa) in response to latest Pleistocene and Early Holocene climate changes. Palaeogeography, Palaeoclimatology, Palaeoecology 631:111839. [DOI: https://doi.org/10.1016/j.palaeo.2023.111839]","Long-term ecological successions of vegetation around Lake Victoria (East Africa) in response to latest Pleistocene and Early Holocene climate changes","Palaeogeography, Palaeoclimatology, Palaeoecology",631,111839,2,10,"Muschick","M.","20036,8777,9974,15224,20037,18278,20038,20039,20040,20041,20042,20043,10026,9224,20044,15357,9599","Temoltzin-Loranca, Y.|Gobet, E.|Vannière, B.|van Leeuwen, J.F.N.|Wienhues, G.|Courtney-Mustaphi, C.J.|Kishe, M.|Muschick, M.|King, L.|Misra, P.|Ngoepe, N.|Matthews, B.|Vogel, H.|Heiri, O.|Seehausen, O.|Grosjean, M.|Tinner, W.",15695,"18278,8777,15357,9224,20040,20038,20043,20041,20039,20042,20044,20036,9599,15224,9974,10026,20037","Morales-Molino, C.","Courtney-Mustaphi, C.J.|Gobet, E.|Grosjean, M.|Heiri, O.|King, L.|Kishe, M.|Matthews, B.|Misra, P.|Muschick, M.|Ngoepe, N.|Seehausen, O.|Temoltzin-Loranca, Y.|Tinner, W.|van Leeuwen, J.F.N.|Vannière, B.|Vogel, H.|Wienhues, G.","Pollen","LV4 pollen",1,"Temoltzin-Loranca et al. (2023)","Calendar years BP","True",NA,"rbacon",16700,-50,NA,"Temotzin-Loranca, Y.",15,20036,"Temoltzin-Loranca, Y.",NA,NA,NA,NA,"Radiocarbon"
636,1,1,13144,1,4,9666,274,0,0,0,0,0,0,0,0,0,0,1,1,2,2,0,4,0,1,0,0,3,1,0,0,0,1,0,1,0,0,1,0,0,2,0,0,0,0,1,0,0,0,0,0,0,31,0,0,0,0,0,3,0,0,1,0,0,0,0,1,0,3,0,0,0,1,9,0,0,0,0,0,0,0,0,3,0,0,5,9,0,0,0,3,1,0,0,49,0,0,0,0,0,0,0,0,258,2,0,0,0,0,0,0,0,0,0,0,0,0,0,0,1,0,0,0,0,0,1,0,6,0,5,0,0,0,0,0,"ml","number","spores/tablet","number","NISP","NISP","NISP","NISP","NISP","NISP","NISP","NISP","NISP","NISP","NISP","NISP","NISP","NISP","NISP","NISP","NISP","NISP","NISP","NISP","NISP","NISP","NISP","NISP","NISP","NISP","NISP","NISP","NISP","NISP","NISP","NISP","NISP","NISP","NISP","NISP","NISP","NISP","NISP","NISP","NISP","NISP","NISP","NISP","NISP","NISP","NISP","NISP","NISP","NISP","NISP","NISP","NISP","NISP","NISP","NISP","NISP","NISP","NISP","NISP","NISP","NISP","NISP","NISP","NISP","NISP","NISP","NISP","NISP","NISP","NISP","NISP","NISP","NISP","NISP","NISP","NISP","NISP","NISP","NISP","NISP","NISP","NISP","NISP","NISP","NISP","NISP","NISP","NISP","NISP","NISP","NISP","NISP","NISP","NISP","NISP","NISP","NISP","NISP","NISP","NISP","NISP","NISP","NISP","NISP","NISP","NISP","NISP","NISP","NISP","NISP","NISP","NISP","NISP","NISP","NISP","NISP","NISP","NISP","NISP","NISP","NISP","NISP","NISP","NISP","NISP","NISP","NISP","volume","quantity added","concentration","counted","pollen","pollen","pollen","pollen","pollen","pollen","pollen","pollen","pollen","pollen","pollen","pollen","pollen","pollen","pollen","pollen","pollen","spore","spore","pollen","pollen","pollen","pollen","pollen","pollen","pollen","spore","pollen","pollen","pollen","pollen","pollen","pollen","pollen","pollen","pollen","pollen","pollen","pollen","pollen","pollen","pollen","pollen","pollen","spore","pollen","spore","pollen","pollen","pollen","pollen","pollen","pollen","pollen","pollen","pollen","pollen","pollen","spore","pollen","pollen","pollen","pollen","pollen","pollen","pollen","pollen","pollen","pollen","pollen","pollen","spore","pollen","pollen","pollen","pollen","pollen","pollen","spore","pollen","pollen","pollen","pollen","pollen","pollen","pollen","pollen","pollen","spore","pollen","pollen","pollen","pollen","pollen","pollen","pollen","pollen","pollen","pollen/spore","pollen","pollen","pollen","spore","spore","pollen","pollen","pollen","pollen","pollen","pollen","spore","pollen","pollen","pollen","pollen","pollen","pollen","pollen","pollen","spore","pollen","pollen","pollen","pollen","pollen","pollen","pollen","pollen","Lake Victoria (Shirati Bay) LV4",33.7961333333333,33.7961333333333,-1.04943333333333,-1.04943333333333,1135,6880000,"Tanzania",NA,NA,NA,NA,68,33135,"LVC18_S4","Lake Victoria LV4","Core","UWITEC piston corer","2018-10-01",NA,"Natural Lake",63,"30 km away from the shore in the Shirati Bay",NA,NA,NA,NA,NA,NA,NA,"2,10,12,3,16",44877,"8777,15357,20039,20044,9599","Gobet, E.|Grosjean, M.|Muschick, M.|Seehausen, O.|Tinner, W.",18,"Depth",15,"Carbon-14","Radiocarbon years BP",649,2,"BE-16261",11500,200,200,1,200,"False","Charcoal","","Temotzin-Loranca et al. 2023",2,20036,"Temoltzin-Loranca, Y.",11700,11300,14,20036,20036,"Temoltzin-Loranca, Yunuén","Temoltzin-Loranca, Y.","Temoltzin-Loranca","Yunuén","Y.","Dr.","inactive","Institute of Geography and Oeschger Center for Climate Change Research
University of Bern
Bern, Switzerland","","","","",2,"true","journal article",20441,"https://doi.org/10.1016/j.palaeo.2023.111839",2023,"Temotzin-Loranca, Y., E. Gobet, B. Vannière, J.F.N. van Leeuwen, G. Wienhues, C. Courtney-Mustaphi, M. Kishe, M. Muschick, L. King, P. Misra, N. Ngoepe, B. Matthews, H. Vogel, O. Heiri, O. Seehausen, M. Grosjean, and W. Tinner. 2023. Long-term ecological successions of vegetation around Lake Victoria (East Africa) in response to latest Pleistocene and Early Holocene climate changes. Palaeogeography, Palaeoclimatology, Palaeoecology 631:111839. [DOI: https://doi.org/10.1016/j.palaeo.2023.111839]","Long-term ecological successions of vegetation around Lake Victoria (East Africa) in response to latest Pleistocene and Early Holocene climate changes","Palaeogeography, Palaeoclimatology, Palaeoecology",631,111839,2,5,"King","L.","20036,8777,9974,15224,20037,18278,20038,20039,20040,20041,20042,20043,10026,9224,20044,15357,9599","Temoltzin-Loranca, Y.|Gobet, E.|Vannière, B.|van Leeuwen, J.F.N.|Wienhues, G.|Courtney-Mustaphi, C.J.|Kishe, M.|Muschick, M.|King, L.|Misra, P.|Ngoepe, N.|Matthews, B.|Vogel, H.|Heiri, O.|Seehausen, O.|Grosjean, M.|Tinner, W.",15695,"18278,8777,15357,9224,20040,20038,20043,20041,20039,20042,20044,20036,9599,15224,9974,10026,20037","Morales-Molino, C.","Courtney-Mustaphi, C.J.|Gobet, E.|Grosjean, M.|Heiri, O.|King, L.|Kishe, M.|Matthews, B.|Misra, P.|Muschick, M.|Ngoepe, N.|Seehausen, O.|Temoltzin-Loranca, Y.|Tinner, W.|van Leeuwen, J.F.N.|Vannière, B.|Vogel, H.|Wienhues, G.","Pollen","LV4 pollen",1,"Temoltzin-Loranca et al. (2023)","Calendar years BP","True",NA,"rbacon",16700,-50,NA,"Temotzin-Loranca, Y.",15,20036,"Temoltzin-Loranca, Y.",NA,NA,NA,NA,"Radiocarbon"
638,1,1,13187,1,4,9666,261,0,0,0,0,0,0,0,1,0,0,1,4,3,0,0,5,0,0,0,0,2,0,2,0,0,0,0,0,0,0,2,0,0,0,0,0,0,0,2,0,0,0,0,0,0,48,0,0,0,0,0,1,0,0,2,0,0,0,0,0,0,2,0,0,1,0,4,0,0,2,0,0,0,0,0,1,0,0,3,2,0,0,0,4,3,0,0,59,0,0,1,0,0,0,0,0,197,3,12,0,1,1,0,0,0,1,0,0,0,0,0,0,0,0,0,0,0,0,0,0,4,0,4,0,0,2,1,0,"ml","number","spores/tablet","number","NISP","NISP","NISP","NISP","NISP","NISP","NISP","NISP","NISP","NISP","NISP","NISP","NISP","NISP","NISP","NISP","NISP","NISP","NISP","NISP","NISP","NISP","NISP","NISP","NISP","NISP","NISP","NISP","NISP","NISP","NISP","NISP","NISP","NISP","NISP","NISP","NISP","NISP","NISP","NISP","NISP","NISP","NISP","NISP","NISP","NISP","NISP","NISP","NISP","NISP","NISP","NISP","NISP","NISP","NISP","NISP","NISP","NISP","NISP","NISP","NISP","NISP","NISP","NISP","NISP","NISP","NISP","NISP","NISP","NISP","NISP","NISP","NISP","NISP","NISP","NISP","NISP","NISP","NISP","NISP","NISP","NISP","NISP","NISP","NISP","NISP","NISP","NISP","NISP","NISP","NISP","NISP","NISP","NISP","NISP","NISP","NISP","NISP","NISP","NISP","NISP","NISP","NISP","NISP","NISP","NISP","NISP","NISP","NISP","NISP","NISP","NISP","NISP","NISP","NISP","NISP","NISP","NISP","NISP","NISP","NISP","NISP","NISP","NISP","NISP","NISP","NISP","NISP","volume","quantity added","concentration","counted","pollen","pollen","pollen","pollen","pollen","pollen","pollen","pollen","pollen","pollen","pollen","pollen","pollen","pollen","pollen","pollen","pollen","spore","spore","pollen","pollen","pollen","pollen","pollen","pollen","pollen","spore","pollen","pollen","pollen","pollen","pollen","pollen","pollen","pollen","pollen","pollen","pollen","pollen","pollen","pollen","pollen","pollen","pollen","spore","pollen","spore","pollen","pollen","pollen","pollen","pollen","pollen","pollen","pollen","pollen","pollen","pollen","spore","pollen","pollen","pollen","pollen","pollen","pollen","pollen","pollen","pollen","pollen","pollen","pollen","spore","pollen","pollen","pollen","pollen","pollen","pollen","spore","pollen","pollen","pollen","pollen","pollen","pollen","pollen","pollen","pollen","spore","pollen","pollen","pollen","pollen","pollen","pollen","pollen","pollen","pollen","pollen/spore","pollen","pollen","pollen","spore","spore","pollen","pollen","pollen","pollen","pollen","pollen","spore","pollen","pollen","pollen","pollen","pollen","pollen","pollen","pollen","spore","pollen","pollen","pollen","pollen","pollen","pollen","pollen","pollen","Lake Victoria (Shirati Bay) LV4",33.7961333333333,33.7961333333333,-1.04943333333333,-1.04943333333333,1135,6880000,"Tanzania",NA,NA,NA,NA,68,33135,"LVC18_S4","Lake Victoria LV4","Core","UWITEC piston corer","2018-10-01",NA,"Natural Lake",63,"30 km away from the shore in the Shirati Bay",NA,NA,NA,NA,NA,NA,NA,"2,10,12,3,16",44877,"8777,15357,20039,20044,9599","Gobet, E.|Grosjean, M.|Muschick, M.|Seehausen, O.|Tinner, W.",18,"Depth",15,"Carbon-14","Radiocarbon years BP",649,2,"BE-16261",11500,200,200,1,200,"False","Charcoal","","Temotzin-Loranca et al. 2023",2,20036,"Temoltzin-Loranca, Y.",11700,11300,14,20036,20036,"Temoltzin-Loranca, Yunuén","Temoltzin-Loranca, Y.","Temoltzin-Loranca","Yunuén","Y.","Dr.","inactive","Institute of Geography and Oeschger Center for Climate Change Research
University of Bern
Bern, Switzerland","","","","",2,"true","journal article",20441,"https://doi.org/10.1016/j.palaeo.2023.111839",2023,"Temotzin-Loranca, Y., E. Gobet, B. Vannière, J.F.N. van Leeuwen, G. Wienhues, C. Courtney-Mustaphi, M. Kishe, M. Muschick, L. King, P. Misra, N. Ngoepe, B. Matthews, H. Vogel, O. Heiri, O. Seehausen, M. Grosjean, and W. Tinner. 2023. Long-term ecological successions of vegetation around Lake Victoria (East Africa) in response to latest Pleistocene and Early Holocene climate changes. Palaeogeography, Palaeoclimatology, Palaeoecology 631:111839. [DOI: https://doi.org/10.1016/j.palaeo.2023.111839]","Long-term ecological successions of vegetation around Lake Victoria (East Africa) in response to latest Pleistocene and Early Holocene climate changes","Palaeogeography, Palaeoclimatology, Palaeoecology",631,111839,2,5,"King","L.","20036,8777,9974,15224,20037,18278,20038,20039,20040,20041,20042,20043,10026,9224,20044,15357,9599","Temoltzin-Loranca, Y.|Gobet, E.|Vannière, B.|van Leeuwen, J.F.N.|Wienhues, G.|Courtney-Mustaphi, C.J.|Kishe, M.|Muschick, M.|King, L.|Misra, P.|Ngoepe, N.|Matthews, B.|Vogel, H.|Heiri, O.|Seehausen, O.|Grosjean, M.|Tinner, W.",15695,"18278,8777,15357,9224,20040,20038,20043,20041,20039,20042,20044,20036,9599,15224,9974,10026,20037","Morales-Molino, C.","Courtney-Mustaphi, C.J.|Gobet, E.|Grosjean, M.|Heiri, O.|King, L.|Kishe, M.|Matthews, B.|Misra, P.|Muschick, M.|Ngoepe, N.|Seehausen, O.|Temoltzin-Loranca, Y.|Tinner, W.|van Leeuwen, J.F.N.|Vannière, B.|Vogel, H.|Wienhues, G.","Pollen","LV4 pollen",1,"Temoltzin-Loranca et al. (2023)","Calendar years BP","True",NA,"rbacon",16700,-50,NA,"Temotzin-Loranca, Y.",15,20036,"Temoltzin-Loranca, Y.",NA,NA,NA,NA,"Radiocarbon"
640,1,1,13229,1,4,9666,296,0,0,0,2,0,0,0,0,0,0,0,2,0,1,0,2,0,0,0,0,3,1,0,0,0,0,0,0,0,2,4,0,0,4,0,0,0,0,5,0,0,0,0,0,0,71,0,0,0,0,0,3,0,0,3,0,0,0,0,0,1,2,0,0,0,0,9,0,0,0,0,0,0,0,0,3,0,0,4,2,0,0,0,1,1,0,0,63,0,0,0,0,0,0,0,0,204,1,18,0,1,0,0,0,0,0,0,0,0,0,0,0,0,1,0,0,0,0,0,0,5,0,2,0,0,0,0,0,"ml","number","spores/tablet","number","NISP","NISP","NISP","NISP","NISP","NISP","NISP","NISP","NISP","NISP","NISP","NISP","NISP","NISP","NISP","NISP","NISP","NISP","NISP","NISP","NISP","NISP","NISP","NISP","NISP","NISP","NISP","NISP","NISP","NISP","NISP","NISP","NISP","NISP","NISP","NISP","NISP","NISP","NISP","NISP","NISP","NISP","NISP","NISP","NISP","NISP","NISP","NISP","NISP","NISP","NISP","NISP","NISP","NISP","NISP","NISP","NISP","NISP","NISP","NISP","NISP","NISP","NISP","NISP","NISP","NISP","NISP","NISP","NISP","NISP","NISP","NISP","NISP","NISP","NISP","NISP","NISP","NISP","NISP","NISP","NISP","NISP","NISP","NISP","NISP","NISP","NISP","NISP","NISP","NISP","NISP","NISP","NISP","NISP","NISP","NISP","NISP","NISP","NISP","NISP","NISP","NISP","NISP","NISP","NISP","NISP","NISP","NISP","NISP","NISP","NISP","NISP","NISP","NISP","NISP","NISP","NISP","NISP","NISP","NISP","NISP","NISP","NISP","NISP","NISP","NISP","NISP","NISP","volume","quantity added","concentration","counted","pollen","pollen","pollen","pollen","pollen","pollen","pollen","pollen","pollen","pollen","pollen","pollen","pollen","pollen","pollen","pollen","pollen","spore","spore","pollen","pollen","pollen","pollen","pollen","pollen","pollen","spore","pollen","pollen","pollen","pollen","pollen","pollen","pollen","pollen","pollen","pollen","pollen","pollen","pollen","pollen","pollen","pollen","pollen","spore","pollen","spore","pollen","pollen","pollen","pollen","pollen","pollen","pollen","pollen","pollen","pollen","pollen","spore","pollen","pollen","pollen","pollen","pollen","pollen","pollen","pollen","pollen","pollen","pollen","pollen","spore","pollen","pollen","pollen","pollen","pollen","pollen","spore","pollen","pollen","pollen","pollen","pollen","pollen","pollen","pollen","pollen","spore","pollen","pollen","pollen","pollen","pollen","pollen","pollen","pollen","pollen","pollen/spore","pollen","pollen","pollen","spore","spore","pollen","pollen","pollen","pollen","pollen","pollen","spore","pollen","pollen","pollen","pollen","pollen","pollen","pollen","pollen","spore","pollen","pollen","pollen","pollen","pollen","pollen","pollen","pollen","Lake Victoria (Shirati Bay) LV4",33.7961333333333,33.7961333333333,-1.04943333333333,-1.04943333333333,1135,6880000,"Tanzania",NA,NA,NA,NA,68,33135,"LVC18_S4","Lake Victoria LV4","Core","UWITEC piston corer","2018-10-01",NA,"Natural Lake",63,"30 km away from the shore in the Shirati Bay",NA,NA,NA,NA,NA,NA,NA,"2,10,12,3,16",44877,"8777,15357,20039,20044,9599","Gobet, E.|Grosjean, M.|Muschick, M.|Seehausen, O.|Tinner, W.",18,"Depth",15,"Carbon-14","Radiocarbon years BP",649,2,"BE-16261",11500,200,200,1,200,"False","Charcoal","","Temotzin-Loranca et al. 2023",2,20036,"Temoltzin-Loranca, Y.",11700,11300,14,20036,20036,"Temoltzin-Loranca, Yunuén","Temoltzin-Loranca, Y.","Temoltzin-Loranca","Yunuén","Y.","Dr.","inactive","Institute of Geography and Oeschger Center for Climate Change Research
University of Bern
Bern, Switzerland","","","","",2,"true","journal article",20441,"https://doi.org/10.1016/j.palaeo.2023.111839",2023,"Temotzin-Loranca, Y., E. Gobet, B. Vannière, J.F.N. van Leeuwen, G. Wienhues, C. Courtney-Mustaphi, M. Kishe, M. Muschick, L. King, P. Misra, N. Ngoepe, B. Matthews, H. Vogel, O. Heiri, O. Seehausen, M. Grosjean, and W. Tinner. 2023. Long-term ecological successions of vegetation around Lake Victoria (East Africa) in response to latest Pleistocene and Early Holocene climate changes. Palaeogeography, Palaeoclimatology, Palaeoecology 631:111839. [DOI: https://doi.org/10.1016/j.palaeo.2023.111839]","Long-term ecological successions of vegetation around Lake Victoria (East Africa) in response to latest Pleistocene and Early Holocene climate changes","Palaeogeography, Palaeoclimatology, Palaeoecology",631,111839,2,5,"King","L.","20036,8777,9974,15224,20037,18278,20038,20039,20040,20041,20042,20043,10026,9224,20044,15357,9599","Temoltzin-Loranca, Y.|Gobet, E.|Vannière, B.|van Leeuwen, J.F.N.|Wienhues, G.|Courtney-Mustaphi, C.J.|Kishe, M.|Muschick, M.|King, L.|Misra, P.|Ngoepe, N.|Matthews, B.|Vogel, H.|Heiri, O.|Seehausen, O.|Grosjean, M.|Tinner, W.",15695,"18278,8777,15357,9224,20040,20038,20043,20041,20039,20042,20044,20036,9599,15224,9974,10026,20037","Morales-Molino, C.","Courtney-Mustaphi, C.J.|Gobet, E.|Grosjean, M.|Heiri, O.|King, L.|Kishe, M.|Matthews, B.|Misra, P.|Muschick, M.|Ngoepe, N.|Seehausen, O.|Temoltzin-Loranca, Y.|Tinner, W.|van Leeuwen, J.F.N.|Vannière, B.|Vogel, H.|Wienhues, G.","Pollen","LV4 pollen",1,"Temoltzin-Loranca et al. (2023)","Calendar years BP","True",NA,"rbacon",16700,-50,NA,"Temotzin-Loranca, Y.",15,20036,"Temoltzin-Loranca, Y.",NA,NA,NA,NA,"Radiocarbon"
642,1,1,13275,1,4,9666,280,1,0,0,3,0,0,0,0,0,0,1,1,0,0,0,3,0,0,0,0,2,1,0,0,0,1,0,0,0,1,4,0,0,3,0,0,0,0,3,0,0,1,2,0,0,58,0,0,1,0,0,1,0,0,0,0,0,0,0,1,1,1,0,0,2,5,4,0,0,0,0,0,0,0,0,0,0,0,3,2,0,0,0,2,1,0,0,65,0,0,0,0,0,0,0,0,295,3,7,0,1,0,1,1,0,0,0,0,0,0,0,0,1,2,0,0,0,0,0,0,4,0,3,0,0,0,1,0,"ml","number","spores/tablet","number","NISP","NISP","NISP","NISP","NISP","NISP","NISP","NISP","NISP","NISP","NISP","NISP","NISP","NISP","NISP","NISP","NISP","NISP","NISP","NISP","NISP","NISP","NISP","NISP","NISP","NISP","NISP","NISP","NISP","NISP","NISP","NISP","NISP","NISP","NISP","NISP","NISP","NISP","NISP","NISP","NISP","NISP","NISP","NISP","NISP","NISP","NISP","NISP","NISP","NISP","NISP","NISP","NISP","NISP","NISP","NISP","NISP","NISP","NISP","NISP","NISP","NISP","NISP","NISP","NISP","NISP","NISP","NISP","NISP","NISP","NISP","NISP","NISP","NISP","NISP","NISP","NISP","NISP","NISP","NISP","NISP","NISP","NISP","NISP","NISP","NISP","NISP","NISP","NISP","NISP","NISP","NISP","NISP","NISP","NISP","NISP","NISP","NISP","NISP","NISP","NISP","NISP","NISP","NISP","NISP","NISP","NISP","NISP","NISP","NISP","NISP","NISP","NISP","NISP","NISP","NISP","NISP","NISP","NISP","NISP","NISP","NISP","NISP","NISP","NISP","NISP","NISP","NISP","volume","quantity added","concentration","counted","pollen","pollen","pollen","pollen","pollen","pollen","pollen","pollen","pollen","pollen","pollen","pollen","pollen","pollen","pollen","pollen","pollen","spore","spore","pollen","pollen","pollen","pollen","pollen","pollen","pollen","spore","pollen","pollen","pollen","pollen","pollen","pollen","pollen","pollen","pollen","pollen","pollen","pollen","pollen","pollen","pollen","pollen","pollen","spore","pollen","spore","pollen","pollen","pollen","pollen","pollen","pollen","pollen","pollen","pollen","pollen","pollen","spore","pollen","pollen","pollen","pollen","pollen","pollen","pollen","pollen","pollen","pollen","pollen","pollen","spore","pollen","pollen","pollen","pollen","pollen","pollen","spore","pollen","pollen","pollen","pollen","pollen","pollen","pollen","pollen","pollen","spore","pollen","pollen","pollen","pollen","pollen","pollen","pollen","pollen","pollen","pollen/spore","pollen","pollen","pollen","spore","spore","pollen","pollen","pollen","pollen","pollen","pollen","spore","pollen","pollen","pollen","pollen","pollen","pollen","pollen","pollen","spore","pollen","pollen","pollen","pollen","pollen","pollen","pollen","pollen","Lake Victoria (Shirati Bay) LV4",33.7961333333333,33.7961333333333,-1.04943333333333,-1.04943333333333,1135,6880000,"Tanzania",NA,NA,NA,NA,68,33135,"LVC18_S4","Lake Victoria LV4","Core","UWITEC piston corer","2018-10-01",NA,"Natural Lake",63,"30 km away from the shore in the Shirati Bay",NA,NA,NA,NA,NA,NA,NA,"2,10,12,3,16",44877,"8777,15357,20039,20044,9599","Gobet, E.|Grosjean, M.|Muschick, M.|Seehausen, O.|Tinner, W.",18,"Depth",15,"Carbon-14","Radiocarbon years BP",649,2,"BE-16261",11500,200,200,1,200,"False","Charcoal","","Temotzin-Loranca et al. 2023",2,20036,"Temoltzin-Loranca, Y.",11700,11300,14,20036,20036,"Temoltzin-Loranca, Yunuén","Temoltzin-Loranca, Y.","Temoltzin-Loranca","Yunuén","Y.","Dr.","inactive","Institute of Geography and Oeschger Center for Climate Change Research
University of Bern
Bern, Switzerland","","","","",2,"true","journal article",20441,"https://doi.org/10.1016/j.palaeo.2023.111839",2023,"Temotzin-Loranca, Y., E. Gobet, B. Vannière, J.F.N. van Leeuwen, G. Wienhues, C. Courtney-Mustaphi, M. Kishe, M. Muschick, L. King, P. Misra, N. Ngoepe, B. Matthews, H. Vogel, O. Heiri, O. Seehausen, M. Grosjean, and W. Tinner. 2023. Long-term ecological successions of vegetation around Lake Victoria (East Africa) in response to latest Pleistocene and Early Holocene climate changes. Palaeogeography, Palaeoclimatology, Palaeoecology 631:111839. [DOI: https://doi.org/10.1016/j.palaeo.2023.111839]","Long-term ecological successions of vegetation around Lake Victoria (East Africa) in response to latest Pleistocene and Early Holocene climate changes","Palaeogeography, Palaeoclimatology, Palaeoecology",631,111839,2,5,"King","L.","20036,8777,9974,15224,20037,18278,20038,20039,20040,20041,20042,20043,10026,9224,20044,15357,9599","Temoltzin-Loranca, Y.|Gobet, E.|Vannière, B.|van Leeuwen, J.F.N.|Wienhues, G.|Courtney-Mustaphi, C.J.|Kishe, M.|Muschick, M.|King, L.|Misra, P.|Ngoepe, N.|Matthews, B.|Vogel, H.|Heiri, O.|Seehausen, O.|Grosjean, M.|Tinner, W.",15695,"18278,8777,15357,9224,20040,20038,20043,20041,20039,20042,20044,20036,9599,15224,9974,10026,20037","Morales-Molino, C.","Courtney-Mustaphi, C.J.|Gobet, E.|Grosjean, M.|Heiri, O.|King, L.|Kishe, M.|Matthews, B.|Misra, P.|Muschick, M.|Ngoepe, N.|Seehausen, O.|Temoltzin-Loranca, Y.|Tinner, W.|van Leeuwen, J.F.N.|Vannière, B.|Vogel, H.|Wienhues, G.","Pollen","LV4 pollen",1,"Temoltzin-Loranca et al. (2023)","Calendar years BP","True",NA,"rbacon",16700,-50,NA,"Temotzin-Loranca, Y.",15,20036,"Temoltzin-Loranca, Y.",NA,NA,NA,NA,"Radiocarbon"
644,1,1,13324,1,4,9666,199,0,0,0,0,0,0,0,0,0,0,1,2,0,1,0,2,0,0,0,0,2,1,0,0,0,0,0,0,0,0,3,0,0,0,0,1,0,0,2,0,0,2,1,0,0,56,0,0,0,0,0,3,0,0,0,0,1,0,0,0,0,3,0,0,0,2,4,0,0,3,0,0,0,0,0,2,0,0,3,1,0,0,0,2,3,0,0,28,0,0,0,0,0,0,0,0,244,5,17,0,0,0,0,0,0,2,0,0,0,0,0,0,2,0,0,0,0,0,1,0,11,0,1,0,0,0,0,0,"ml","number","spores/tablet","number","NISP","NISP","NISP","NISP","NISP","NISP","NISP","NISP","NISP","NISP","NISP","NISP","NISP","NISP","NISP","NISP","NISP","NISP","NISP","NISP","NISP","NISP","NISP","NISP","NISP","NISP","NISP","NISP","NISP","NISP","NISP","NISP","NISP","NISP","NISP","NISP","NISP","NISP","NISP","NISP","NISP","NISP","NISP","NISP","NISP","NISP","NISP","NISP","NISP","NISP","NISP","NISP","NISP","NISP","NISP","NISP","NISP","NISP","NISP","NISP","NISP","NISP","NISP","NISP","NISP","NISP","NISP","NISP","NISP","NISP","NISP","NISP","NISP","NISP","NISP","NISP","NISP","NISP","NISP","NISP","NISP","NISP","NISP","NISP","NISP","NISP","NISP","NISP","NISP","NISP","NISP","NISP","NISP","NISP","NISP","NISP","NISP","NISP","NISP","NISP","NISP","NISP","NISP","NISP","NISP","NISP","NISP","NISP","NISP","NISP","NISP","NISP","NISP","NISP","NISP","NISP","NISP","NISP","NISP","NISP","NISP","NISP","NISP","NISP","NISP","NISP","NISP","NISP","volume","quantity added","concentration","counted","pollen","pollen","pollen","pollen","pollen","pollen","pollen","pollen","pollen","pollen","pollen","pollen","pollen","pollen","pollen","pollen","pollen","spore","spore","pollen","pollen","pollen","pollen","pollen","pollen","pollen","spore","pollen","pollen","pollen","pollen","pollen","pollen","pollen","pollen","pollen","pollen","pollen","pollen","pollen","pollen","pollen","pollen","pollen","spore","pollen","spore","pollen","pollen","pollen","pollen","pollen","pollen","pollen","pollen","pollen","pollen","pollen","spore","pollen","pollen","pollen","pollen","pollen","pollen","pollen","pollen","pollen","pollen","pollen","pollen","spore","pollen","pollen","pollen","pollen","pollen","pollen","spore","pollen","pollen","pollen","pollen","pollen","pollen","pollen","pollen","pollen","spore","pollen","pollen","pollen","pollen","pollen","pollen","pollen","pollen","pollen","pollen/spore","pollen","pollen","pollen","spore","spore","pollen","pollen","pollen","pollen","pollen","pollen","spore","pollen","pollen","pollen","pollen","pollen","pollen","pollen","pollen","spore","pollen","pollen","pollen","pollen","pollen","pollen","pollen","pollen","Lake Victoria (Shirati Bay) LV4",33.7961333333333,33.7961333333333,-1.04943333333333,-1.04943333333333,1135,6880000,"Tanzania",NA,NA,NA,NA,68,33135,"LVC18_S4","Lake Victoria LV4","Core","UWITEC piston corer","2018-10-01",NA,"Natural Lake",63,"30 km away from the shore in the Shirati Bay",NA,NA,NA,NA,NA,NA,NA,"2,10,12,3,16",44877,"8777,15357,20039,20044,9599","Gobet, E.|Grosjean, M.|Muschick, M.|Seehausen, O.|Tinner, W.",18,"Depth",15,"Carbon-14","Radiocarbon years BP",649,2,"BE-16261",11500,200,200,1,200,"False","Charcoal","","Temotzin-Loranca et al. 2023",2,20036,"Temoltzin-Loranca, Y.",11700,11300,14,20036,20036,"Temoltzin-Loranca, Yunuén","Temoltzin-Loranca, Y.","Temoltzin-Loranca","Yunuén","Y.","Dr.","inactive","Institute of Geography and Oeschger Center for Climate Change Research
University of Bern
Bern, Switzerland","","","","",2,"true","journal article",20441,"https://doi.org/10.1016/j.palaeo.2023.111839",2023,"Temotzin-Loranca, Y., E. Gobet, B. Vannière, J.F.N. van Leeuwen, G. Wienhues, C. Courtney-Mustaphi, M. Kishe, M. Muschick, L. King, P. Misra, N. Ngoepe, B. Matthews, H. Vogel, O. Heiri, O. Seehausen, M. Grosjean, and W. Tinner. 2023. Long-term ecological successions of vegetation around Lake Victoria (East Africa) in response to latest Pleistocene and Early Holocene climate changes. Palaeogeography, Palaeoclimatology, Palaeoecology 631:111839. [DOI: https://doi.org/10.1016/j.palaeo.2023.111839]","Long-term ecological successions of vegetation around Lake Victoria (East Africa) in response to latest Pleistocene and Early Holocene climate changes","Palaeogeography, Palaeoclimatology, Palaeoecology",631,111839,2,5,"King","L.","20036,8777,9974,15224,20037,18278,20038,20039,20040,20041,20042,20043,10026,9224,20044,15357,9599","Temoltzin-Loranca, Y.|Gobet, E.|Vannière, B.|van Leeuwen, J.F.N.|Wienhues, G.|Courtney-Mustaphi, C.J.|Kishe, M.|Muschick, M.|King, L.|Misra, P.|Ngoepe, N.|Matthews, B.|Vogel, H.|Heiri, O.|Seehausen, O.|Grosjean, M.|Tinner, W.",15695,"18278,8777,15357,9224,20040,20038,20043,20041,20039,20042,20044,20036,9599,15224,9974,10026,20037","Morales-Molino, C.","Courtney-Mustaphi, C.J.|Gobet, E.|Grosjean, M.|Heiri, O.|King, L.|Kishe, M.|Matthews, B.|Misra, P.|Muschick, M.|Ngoepe, N.|Seehausen, O.|Temoltzin-Loranca, Y.|Tinner, W.|van Leeuwen, J.F.N.|Vannière, B.|Vogel, H.|Wienhues, G.","Pollen","LV4 pollen",1,"Temoltzin-Loranca et al. (2023)","Calendar years BP","True",NA,"rbacon",16700,-50,NA,"Temotzin-Loranca, Y.",15,20036,"Temoltzin-Loranca, Y.",NA,NA,NA,NA,"Radiocarbon"
646,1,1,13372,1,4,9666,487,0,0,0,0,0,2,1,0,0,0,1,2,0,4,0,5,0,0,0,0,11,1,0,0,1,1,0,0,0,0,1,0,0,1,0,1,0,0,8,0,0,4,0,0,0,89,0,0,0,1,0,4,0,0,1,0,1,0,0,0,1,4,0,0,0,5,12,0,0,3,0,0,0,0,0,3,0,0,5,1,0,0,0,16,3,0,0,39,0,0,1,0,0,0,0,1,399,10,24,0,1,0,0,1,0,4,0,0,0,0,0,0,3,2,0,0,0,0,0,0,21,0,0,0,0,1,1,0,"ml","number","spores/tablet","number","NISP","NISP","NISP","NISP","NISP","NISP","NISP","NISP","NISP","NISP","NISP","NISP","NISP","NISP","NISP","NISP","NISP","NISP","NISP","NISP","NISP","NISP","NISP","NISP","NISP","NISP","NISP","NISP","NISP","NISP","NISP","NISP","NISP","NISP","NISP","NISP","NISP","NISP","NISP","NISP","NISP","NISP","NISP","NISP","NISP","NISP","NISP","NISP","NISP","NISP","NISP","NISP","NISP","NISP","NISP","NISP","NISP","NISP","NISP","NISP","NISP","NISP","NISP","NISP","NISP","NISP","NISP","NISP","NISP","NISP","NISP","NISP","NISP","NISP","NISP","NISP","NISP","NISP","NISP","NISP","NISP","NISP","NISP","NISP","NISP","NISP","NISP","NISP","NISP","NISP","NISP","NISP","NISP","NISP","NISP","NISP","NISP","NISP","NISP","NISP","NISP","NISP","NISP","NISP","NISP","NISP","NISP","NISP","NISP","NISP","NISP","NISP","NISP","NISP","NISP","NISP","NISP","NISP","NISP","NISP","NISP","NISP","NISP","NISP","NISP","NISP","NISP","NISP","volume","quantity added","concentration","counted","pollen","pollen","pollen","pollen","pollen","pollen","pollen","pollen","pollen","pollen","pollen","pollen","pollen","pollen","pollen","pollen","pollen","spore","spore","pollen","pollen","pollen","pollen","pollen","pollen","pollen","spore","pollen","pollen","pollen","pollen","pollen","pollen","pollen","pollen","pollen","pollen","pollen","pollen","pollen","pollen","pollen","pollen","pollen","spore","pollen","spore","pollen","pollen","pollen","pollen","pollen","pollen","pollen","pollen","pollen","pollen","pollen","spore","pollen","pollen","pollen","pollen","pollen","pollen","pollen","pollen","pollen","pollen","pollen","pollen","spore","pollen","pollen","pollen","pollen","pollen","pollen","spore","pollen","pollen","pollen","pollen","pollen","pollen","pollen","pollen","pollen","spore","pollen","pollen","pollen","pollen","pollen","pollen","pollen","pollen","pollen","pollen/spore","pollen","pollen","pollen","spore","spore","pollen","pollen","pollen","pollen","pollen","pollen","spore","pollen","pollen","pollen","pollen","pollen","pollen","pollen","pollen","spore","pollen","pollen","pollen","pollen","pollen","pollen","pollen","pollen","Lake Victoria (Shirati Bay) LV4",33.7961333333333,33.7961333333333,-1.04943333333333,-1.04943333333333,1135,6880000,"Tanzania",NA,NA,NA,NA,68,33135,"LVC18_S4","Lake Victoria LV4","Core","UWITEC piston corer","2018-10-01",NA,"Natural Lake",63,"30 km away from the shore in the Shirati Bay",NA,NA,NA,NA,NA,NA,NA,"2,10,12,3,16",44877,"8777,15357,20039,20044,9599","Gobet, E.|Grosjean, M.|Muschick, M.|Seehausen, O.|Tinner, W.",18,"Depth",15,"Carbon-14","Radiocarbon years BP",649,2,"BE-16261",11500,200,200,1,200,"False","Charcoal","","Temotzin-Loranca et al. 2023",2,20036,"Temoltzin-Loranca, Y.",11700,11300,14,20036,20036,"Temoltzin-Loranca, Yunuén","Temoltzin-Loranca, Y.","Temoltzin-Loranca","Yunuén","Y.","Dr.","inactive","Institute of Geography and Oeschger Center for Climate Change Research
University of Bern
Bern, Switzerland","","","","",2,"true","journal article",20441,"https://doi.org/10.1016/j.palaeo.2023.111839",2023,"Temotzin-Loranca, Y., E. Gobet, B. Vannière, J.F.N. van Leeuwen, G. Wienhues, C. Courtney-Mustaphi, M. Kishe, M. Muschick, L. King, P. Misra, N. Ngoepe, B. Matthews, H. Vogel, O. Heiri, O. Seehausen, M. Grosjean, and W. Tinner. 2023. Long-term ecological successions of vegetation around Lake Victoria (East Africa) in response to latest Pleistocene and Early Holocene climate changes. Palaeogeography, Palaeoclimatology, Palaeoecology 631:111839. [DOI: https://doi.org/10.1016/j.palaeo.2023.111839]","Long-term ecological successions of vegetation around Lake Victoria (East Africa) in response to latest Pleistocene and Early Holocene climate changes","Palaeogeography, Palaeoclimatology, Palaeoecology",631,111839,2,5,"King","L.","20036,8777,9974,15224,20037,18278,20038,20039,20040,20041,20042,20043,10026,9224,20044,15357,9599","Temoltzin-Loranca, Y.|Gobet, E.|Vannière, B.|van Leeuwen, J.F.N.|Wienhues, G.|Courtney-Mustaphi, C.J.|Kishe, M.|Muschick, M.|King, L.|Misra, P.|Ngoepe, N.|Matthews, B.|Vogel, H.|Heiri, O.|Seehausen, O.|Grosjean, M.|Tinner, W.",15695,"18278,8777,15357,9224,20040,20038,20043,20041,20039,20042,20044,20036,9599,15224,9974,10026,20037","Morales-Molino, C.","Courtney-Mustaphi, C.J.|Gobet, E.|Grosjean, M.|Heiri, O.|King, L.|Kishe, M.|Matthews, B.|Misra, P.|Muschick, M.|Ngoepe, N.|Seehausen, O.|Temoltzin-Loranca, Y.|Tinner, W.|van Leeuwen, J.F.N.|Vannière, B.|Vogel, H.|Wienhues, G.","Pollen","LV4 pollen",1,"Temoltzin-Loranca et al. (2023)","Calendar years BP","True",NA,"rbacon",16700,-50,NA,"Temotzin-Loranca, Y.",15,20036,"Temoltzin-Loranca, Y.",NA,NA,NA,NA,"Radiocarbon"
648,1,1,13421,1,4,9666,337,0,0,0,2,1,1,0,0,1,0,2,1,0,3,0,2,0,0,0,0,12,0,0,0,0,0,0,0,0,0,2,0,0,0,0,0,1,0,2,0,0,0,0,0,0,73,0,0,0,0,0,0,0,0,0,0,0,0,0,0,0,0,0,0,0,3,15,0,0,0,0,2,0,1,0,0,0,0,3,2,0,0,0,8,0,0,0,23,0,0,0,0,0,0,0,0,342,0,10,0,1,0,0,0,0,0,0,1,0,0,0,0,0,0,0,0,1,0,0,0,9,0,1,0,1,0,1,1,"ml","number","spores/tablet","number","NISP","NISP","NISP","NISP","NISP","NISP","NISP","NISP","NISP","NISP","NISP","NISP","NISP","NISP","NISP","NISP","NISP","NISP","NISP","NISP","NISP","NISP","NISP","NISP","NISP","NISP","NISP","NISP","NISP","NISP","NISP","NISP","NISP","NISP","NISP","NISP","NISP","NISP","NISP","NISP","NISP","NISP","NISP","NISP","NISP","NISP","NISP","NISP","NISP","NISP","NISP","NISP","NISP","NISP","NISP","NISP","NISP","NISP","NISP","NISP","NISP","NISP","NISP","NISP","NISP","NISP","NISP","NISP","NISP","NISP","NISP","NISP","NISP","NISP","NISP","NISP","NISP","NISP","NISP","NISP","NISP","NISP","NISP","NISP","NISP","NISP","NISP","NISP","NISP","NISP","NISP","NISP","NISP","NISP","NISP","NISP","NISP","NISP","NISP","NISP","NISP","NISP","NISP","NISP","NISP","NISP","NISP","NISP","NISP","NISP","NISP","NISP","NISP","NISP","NISP","NISP","NISP","NISP","NISP","NISP","NISP","NISP","NISP","NISP","NISP","NISP","NISP","NISP","volume","quantity added","concentration","counted","pollen","pollen","pollen","pollen","pollen","pollen","pollen","pollen","pollen","pollen","pollen","pollen","pollen","pollen","pollen","pollen","pollen","spore","spore","pollen","pollen","pollen","pollen","pollen","pollen","pollen","spore","pollen","pollen","pollen","pollen","pollen","pollen","pollen","pollen","pollen","pollen","pollen","pollen","pollen","pollen","pollen","pollen","pollen","spore","pollen","spore","pollen","pollen","pollen","pollen","pollen","pollen","pollen","pollen","pollen","pollen","pollen","spore","pollen","pollen","pollen","pollen","pollen","pollen","pollen","pollen","pollen","pollen","pollen","pollen","spore","pollen","pollen","pollen","pollen","pollen","pollen","spore","pollen","pollen","pollen","pollen","pollen","pollen","pollen","pollen","pollen","spore","pollen","pollen","pollen","pollen","pollen","pollen","pollen","pollen","pollen","pollen/spore","pollen","pollen","pollen","spore","spore","pollen","pollen","pollen","pollen","pollen","pollen","spore","pollen","pollen","pollen","pollen","pollen","pollen","pollen","pollen","spore","pollen","pollen","pollen","pollen","pollen","pollen","pollen","pollen","Lake Victoria (Shirati Bay) LV4",33.7961333333333,33.7961333333333,-1.04943333333333,-1.04943333333333,1135,6880000,"Tanzania",NA,NA,NA,NA,68,33135,"LVC18_S4","Lake Victoria LV4","Core","UWITEC piston corer","2018-10-01",NA,"Natural Lake",63,"30 km away from the shore in the Shirati Bay",NA,NA,NA,NA,NA,NA,NA,"2,10,12,3,16",44877,"8777,15357,20039,20044,9599","Gobet, E.|Grosjean, M.|Muschick, M.|Seehausen, O.|Tinner, W.",19,"Depth",15,"Carbon-14","Radiocarbon years BP",675,2,"BE-15553",12200,190,190,1,190,"False","Charcoal","","Temotzin-Loranca et al. 2023",2,20036,"Temoltzin-Loranca, Y.",12390,12010,15,20036,20036,"Temoltzin-Loranca, Yunuén","Temoltzin-Loranca, Y.","Temoltzin-Loranca","Yunuén","Y.","Dr.","inactive","Institute of Geography and Oeschger Center for Climate Change Research
University of Bern
Bern, Switzerland","","","","",2,"true","journal article",20441,"https://doi.org/10.1016/j.palaeo.2023.111839",2023,"Temotzin-Loranca, Y., E. Gobet, B. Vannière, J.F.N. van Leeuwen, G. Wienhues, C. Courtney-Mustaphi, M. Kishe, M. Muschick, L. King, P. Misra, N. Ngoepe, B. Matthews, H. Vogel, O. Heiri, O. Seehausen, M. Grosjean, and W. Tinner. 2023. Long-term ecological successions of vegetation around Lake Victoria (East Africa) in response to latest Pleistocene and Early Holocene climate changes. Palaeogeography, Palaeoclimatology, Palaeoecology 631:111839. [DOI: https://doi.org/10.1016/j.palaeo.2023.111839]","Long-term ecological successions of vegetation around Lake Victoria (East Africa) in response to latest Pleistocene and Early Holocene climate changes","Palaeogeography, Palaeoclimatology, Palaeoecology",631,111839,2,8,"Misra","P.","20036,8777,9974,15224,20037,18278,20038,20039,20040,20041,20042,20043,10026,9224,20044,15357,9599","Temoltzin-Loranca, Y.|Gobet, E.|Vannière, B.|van Leeuwen, J.F.N.|Wienhues, G.|Courtney-Mustaphi, C.J.|Kishe, M.|Muschick, M.|King, L.|Misra, P.|Ngoepe, N.|Matthews, B.|Vogel, H.|Heiri, O.|Seehausen, O.|Grosjean, M.|Tinner, W.",15695,"18278,8777,15357,9224,20040,20038,20043,20041,20039,20042,20044,20036,9599,15224,9974,10026,20037","Morales-Molino, C.","Courtney-Mustaphi, C.J.|Gobet, E.|Grosjean, M.|Heiri, O.|King, L.|Kishe, M.|Matthews, B.|Misra, P.|Muschick, M.|Ngoepe, N.|Seehausen, O.|Temoltzin-Loranca, Y.|Tinner, W.|van Leeuwen, J.F.N.|Vannière, B.|Vogel, H.|Wienhues, G.","Pollen","LV4 pollen",1,"Temoltzin-Loranca et al. (2023)","Calendar years BP","True",NA,"rbacon",16700,-50,NA,"Temotzin-Loranca, Y.",15,20036,"Temoltzin-Loranca, Y.",NA,NA,NA,NA,"Radiocarbon"
649,1,1,13421,1,4,9666,337,0,0,0,2,1,1,0,0,1,0,2,1,0,3,0,2,0,0,0,0,12,0,0,0,0,0,0,0,0,0,2,0,0,0,0,0,1,0,2,0,0,0,0,0,0,73,0,0,0,0,0,0,0,0,0,0,0,0,0,0,0,0,0,0,0,3,15,0,0,0,0,2,0,1,0,0,0,0,3,2,0,0,0,8,0,0,0,23,0,0,0,0,0,0,0,0,342,0,10,0,1,0,0,2,0,0,0,1,0,0,0,0,0,0,0,0,1,0,0,0,9,0,1,0,1,0,1,1,"ml","number","spores/tablet","number","NISP","NISP","NISP","NISP","NISP","NISP","NISP","NISP","NISP","NISP","NISP","NISP","NISP","NISP","NISP","NISP","NISP","NISP","NISP","NISP","NISP","NISP","NISP","NISP","NISP","NISP","NISP","NISP","NISP","NISP","NISP","NISP","NISP","NISP","NISP","NISP","NISP","NISP","NISP","NISP","NISP","NISP","NISP","NISP","NISP","NISP","NISP","NISP","NISP","NISP","NISP","NISP","NISP","NISP","NISP","NISP","NISP","NISP","NISP","NISP","NISP","NISP","NISP","NISP","NISP","NISP","NISP","NISP","NISP","NISP","NISP","NISP","NISP","NISP","NISP","NISP","NISP","NISP","NISP","NISP","NISP","NISP","NISP","NISP","NISP","NISP","NISP","NISP","NISP","NISP","NISP","NISP","NISP","NISP","NISP","NISP","NISP","NISP","NISP","NISP","NISP","NISP","NISP","NISP","NISP","NISP","NISP","NISP","NISP","NISP","NISP","NISP","NISP","NISP","NISP","NISP","NISP","NISP","NISP","NISP","NISP","NISP","NISP","NISP","NISP","NISP","NISP","NISP","volume","quantity added","concentration","counted","pollen","pollen","pollen","pollen","pollen","pollen","pollen","pollen","pollen","pollen","pollen","pollen","pollen","pollen","pollen","pollen","pollen","spore","spore","pollen","pollen","pollen","pollen","pollen","pollen","pollen","spore","pollen","pollen","pollen","pollen","pollen","pollen","pollen","pollen","pollen","pollen","pollen","pollen","pollen","pollen","pollen","pollen","pollen","spore","pollen","spore","pollen","pollen","pollen","pollen","pollen","pollen","pollen","pollen","pollen","pollen","pollen","spore","pollen","pollen","pollen","pollen","pollen","pollen","pollen","pollen","pollen","pollen","pollen","pollen","spore","pollen","pollen","pollen","pollen","pollen","pollen","spore","pollen","pollen","pollen","pollen","pollen","pollen","pollen","pollen","pollen","spore","pollen","pollen","pollen","pollen","pollen","pollen","pollen","pollen","pollen","pollen/spore","pollen","pollen","pollen","spore","spore","pollen","pollen","pollen","pollen","pollen","pollen","spore","pollen","pollen","pollen","pollen","pollen","pollen","pollen","pollen","spore","pollen","pollen","pollen","pollen","pollen","pollen","pollen","pollen","Lake Victoria (Shirati Bay) LV4",33.7961333333333,33.7961333333333,-1.04943333333333,-1.04943333333333,1135,6880000,"Tanzania",NA,NA,NA,NA,68,33135,"LVC18_S4","Lake Victoria LV4","Core","UWITEC piston corer","2018-10-01",NA,"Natural Lake",63,"30 km away from the shore in the Shirati Bay",NA,NA,NA,NA,NA,NA,NA,"2,10,12,3,16",44877,"8777,15357,20039,20044,9599","Gobet, E.|Grosjean, M.|Muschick, M.|Seehausen, O.|Tinner, W.",19,"Depth",15,"Carbon-14","Radiocarbon years BP",675,2,"BE-15553",12200,190,190,1,190,"False","Charcoal","","Temotzin-Loranca et al. 2023",2,20036,"Temoltzin-Loranca, Y.",12390,12010,15,20036,20036,"Temoltzin-Loranca, Yunuén","Temoltzin-Loranca, Y.","Temoltzin-Loranca","Yunuén","Y.","Dr.","inactive","Institute of Geography and Oeschger Center for Climate Change Research
University of Bern
Bern, Switzerland","","","","",2,"true","journal article",20441,"https://doi.org/10.1016/j.palaeo.2023.111839",2023,"Temotzin-Loranca, Y., E. Gobet, B. Vannière, J.F.N. van Leeuwen, G. Wienhues, C. Courtney-Mustaphi, M. Kishe, M. Muschick, L. King, P. Misra, N. Ngoepe, B. Matthews, H. Vogel, O. Heiri, O. Seehausen, M. Grosjean, and W. Tinner. 2023. Long-term ecological successions of vegetation around Lake Victoria (East Africa) in response to latest Pleistocene and Early Holocene climate changes. Palaeogeography, Palaeoclimatology, Palaeoecology 631:111839. [DOI: https://doi.org/10.1016/j.palaeo.2023.111839]","Long-term ecological successions of vegetation around Lake Victoria (East Africa) in response to latest Pleistocene and Early Holocene climate changes","Palaeogeography, Palaeoclimatology, Palaeoecology",631,111839,2,8,"Misra","P.","20036,8777,9974,15224,20037,18278,20038,20039,20040,20041,20042,20043,10026,9224,20044,15357,9599","Temoltzin-Loranca, Y.|Gobet, E.|Vannière, B.|van Leeuwen, J.F.N.|Wienhues, G.|Courtney-Mustaphi, C.J.|Kishe, M.|Muschick, M.|King, L.|Misra, P.|Ngoepe, N.|Matthews, B.|Vogel, H.|Heiri, O.|Seehausen, O.|Grosjean, M.|Tinner, W.",15695,"18278,8777,15357,9224,20040,20038,20043,20041,20039,20042,20044,20036,9599,15224,9974,10026,20037","Morales-Molino, C.","Courtney-Mustaphi, C.J.|Gobet, E.|Grosjean, M.|Heiri, O.|King, L.|Kishe, M.|Matthews, B.|Misra, P.|Muschick, M.|Ngoepe, N.|Seehausen, O.|Temoltzin-Loranca, Y.|Tinner, W.|van Leeuwen, J.F.N.|Vannière, B.|Vogel, H.|Wienhues, G.","Pollen","LV4 pollen",1,"Temoltzin-Loranca et al. (2023)","Calendar years BP","True",NA,"rbacon",16700,-50,NA,"Temotzin-Loranca, Y.",15,20036,"Temoltzin-Loranca, Y.",NA,NA,NA,NA,"Radiocarbon"
650,1,1,13474,1,4,9666,404,1,0,0,1,0,1,2,0,0,0,3,2,0,3,0,2,0,2,0,0,11,1,0,0,0,0,0,0,0,0,5,1,0,0,0,0,0,0,3,0,0,1,1,0,0,87,0,0,0,0,0,2,0,0,0,0,0,0,0,0,1,1,0,0,0,4,7,0,0,3,0,0,0,0,0,0,0,0,5,4,0,0,0,10,3,0,0,20,1,0,1,0,1,0,0,1,370,3,22,0,2,0,0,0,0,1,0,0,0,0,0,0,0,0,0,0,0,0,0,0,6,0,4,0,0,2,1,0,"ml","number","spores/tablet","number","NISP","NISP","NISP","NISP","NISP","NISP","NISP","NISP","NISP","NISP","NISP","NISP","NISP","NISP","NISP","NISP","NISP","NISP","NISP","NISP","NISP","NISP","NISP","NISP","NISP","NISP","NISP","NISP","NISP","NISP","NISP","NISP","NISP","NISP","NISP","NISP","NISP","NISP","NISP","NISP","NISP","NISP","NISP","NISP","NISP","NISP","NISP","NISP","NISP","NISP","NISP","NISP","NISP","NISP","NISP","NISP","NISP","NISP","NISP","NISP","NISP","NISP","NISP","NISP","NISP","NISP","NISP","NISP","NISP","NISP","NISP","NISP","NISP","NISP","NISP","NISP","NISP","NISP","NISP","NISP","NISP","NISP","NISP","NISP","NISP","NISP","NISP","NISP","NISP","NISP","NISP","NISP","NISP","NISP","NISP","NISP","NISP","NISP","NISP","NISP","NISP","NISP","NISP","NISP","NISP","NISP","NISP","NISP","NISP","NISP","NISP","NISP","NISP","NISP","NISP","NISP","NISP","NISP","NISP","NISP","NISP","NISP","NISP","NISP","NISP","NISP","NISP","NISP","volume","quantity added","concentration","counted","pollen","pollen","pollen","pollen","pollen","pollen","pollen","pollen","pollen","pollen","pollen","pollen","pollen","pollen","pollen","pollen","pollen","spore","spore","pollen","pollen","pollen","pollen","pollen","pollen","pollen","spore","pollen","pollen","pollen","pollen","pollen","pollen","pollen","pollen","pollen","pollen","pollen","pollen","pollen","pollen","pollen","pollen","pollen","spore","pollen","spore","pollen","pollen","pollen","pollen","pollen","pollen","pollen","pollen","pollen","pollen","pollen","spore","pollen","pollen","pollen","pollen","pollen","pollen","pollen","pollen","pollen","pollen","pollen","pollen","spore","pollen","pollen","pollen","pollen","pollen","pollen","spore","pollen","pollen","pollen","pollen","pollen","pollen","pollen","pollen","pollen","spore","pollen","pollen","pollen","pollen","pollen","pollen","pollen","pollen","pollen","pollen/spore","pollen","pollen","pollen","spore","spore","pollen","pollen","pollen","pollen","pollen","pollen","spore","pollen","pollen","pollen","pollen","pollen","pollen","pollen","pollen","spore","pollen","pollen","pollen","pollen","pollen","pollen","pollen","pollen","Lake Victoria (Shirati Bay) LV4",33.7961333333333,33.7961333333333,-1.04943333333333,-1.04943333333333,1135,6880000,"Tanzania",NA,NA,NA,NA,68,33135,"LVC18_S4","Lake Victoria LV4","Core","UWITEC piston corer","2018-10-01",NA,"Natural Lake",63,"30 km away from the shore in the Shirati Bay",NA,NA,NA,NA,NA,NA,NA,"2,10,12,3,16",44877,"8777,15357,20039,20044,9599","Gobet, E.|Grosjean, M.|Muschick, M.|Seehausen, O.|Tinner, W.",19,"Depth",15,"Carbon-14","Radiocarbon years BP",675,2,"BE-15553",12200,190,190,1,190,"False","Charcoal","","Temotzin-Loranca et al. 2023",2,20036,"Temoltzin-Loranca, Y.",12390,12010,15,20036,20036,"Temoltzin-Loranca, Yunuén","Temoltzin-Loranca, Y.","Temoltzin-Loranca","Yunuén","Y.","Dr.","inactive","Institute of Geography and Oeschger Center for Climate Change Research
University of Bern
Bern, Switzerland","","","","",2,"true","journal article",20441,"https://doi.org/10.1016/j.palaeo.2023.111839",2023,"Temotzin-Loranca, Y., E. Gobet, B. Vannière, J.F.N. van Leeuwen, G. Wienhues, C. Courtney-Mustaphi, M. Kishe, M. Muschick, L. King, P. Misra, N. Ngoepe, B. Matthews, H. Vogel, O. Heiri, O. Seehausen, M. Grosjean, and W. Tinner. 2023. Long-term ecological successions of vegetation around Lake Victoria (East Africa) in response to latest Pleistocene and Early Holocene climate changes. Palaeogeography, Palaeoclimatology, Palaeoecology 631:111839. [DOI: https://doi.org/10.1016/j.palaeo.2023.111839]","Long-term ecological successions of vegetation around Lake Victoria (East Africa) in response to latest Pleistocene and Early Holocene climate changes","Palaeogeography, Palaeoclimatology, Palaeoecology",631,111839,2,8,"Misra","P.","20036,8777,9974,15224,20037,18278,20038,20039,20040,20041,20042,20043,10026,9224,20044,15357,9599","Temoltzin-Loranca, Y.|Gobet, E.|Vannière, B.|van Leeuwen, J.F.N.|Wienhues, G.|Courtney-Mustaphi, C.J.|Kishe, M.|Muschick, M.|King, L.|Misra, P.|Ngoepe, N.|Matthews, B.|Vogel, H.|Heiri, O.|Seehausen, O.|Grosjean, M.|Tinner, W.",15695,"18278,8777,15357,9224,20040,20038,20043,20041,20039,20042,20044,20036,9599,15224,9974,10026,20037","Morales-Molino, C.","Courtney-Mustaphi, C.J.|Gobet, E.|Grosjean, M.|Heiri, O.|King, L.|Kishe, M.|Matthews, B.|Misra, P.|Muschick, M.|Ngoepe, N.|Seehausen, O.|Temoltzin-Loranca, Y.|Tinner, W.|van Leeuwen, J.F.N.|Vannière, B.|Vogel, H.|Wienhues, G.","Pollen","LV4 pollen",1,"Temoltzin-Loranca et al. (2023)","Calendar years BP","True",NA,"rbacon",16700,-50,NA,"Temotzin-Loranca, Y.",15,20036,"Temoltzin-Loranca, Y.",NA,NA,NA,NA,"Radiocarbon"
652,1,1,13530,1,4,9666,205,0,0,0,0,0,0,0,0,0,0,0,0,0,0,0,3,0,0,0,0,8,0,0,0,0,0,0,0,0,0,0,0,0,0,0,0,0,0,6,0,0,3,0,0,0,69,0,0,0,0,0,0,0,0,0,0,0,0,0,0,0,1,0,0,0,1,3,1,0,2,0,0,0,0,0,2,0,0,1,0,0,0,0,2,2,0,0,14,0,0,0,0,0,0,0,0,260,4,15,0,0,0,0,0,0,1,0,0,2,0,0,0,0,0,0,0,0,0,0,0,6,0,2,0,0,0,1,0,"ml","number","spores/tablet","number","NISP","NISP","NISP","NISP","NISP","NISP","NISP","NISP","NISP","NISP","NISP","NISP","NISP","NISP","NISP","NISP","NISP","NISP","NISP","NISP","NISP","NISP","NISP","NISP","NISP","NISP","NISP","NISP","NISP","NISP","NISP","NISP","NISP","NISP","NISP","NISP","NISP","NISP","NISP","NISP","NISP","NISP","NISP","NISP","NISP","NISP","NISP","NISP","NISP","NISP","NISP","NISP","NISP","NISP","NISP","NISP","NISP","NISP","NISP","NISP","NISP","NISP","NISP","NISP","NISP","NISP","NISP","NISP","NISP","NISP","NISP","NISP","NISP","NISP","NISP","NISP","NISP","NISP","NISP","NISP","NISP","NISP","NISP","NISP","NISP","NISP","NISP","NISP","NISP","NISP","NISP","NISP","NISP","NISP","NISP","NISP","NISP","NISP","NISP","NISP","NISP","NISP","NISP","NISP","NISP","NISP","NISP","NISP","NISP","NISP","NISP","NISP","NISP","NISP","NISP","NISP","NISP","NISP","NISP","NISP","NISP","NISP","NISP","NISP","NISP","NISP","NISP","NISP","volume","quantity added","concentration","counted","pollen","pollen","pollen","pollen","pollen","pollen","pollen","pollen","pollen","pollen","pollen","pollen","pollen","pollen","pollen","pollen","pollen","spore","spore","pollen","pollen","pollen","pollen","pollen","pollen","pollen","spore","pollen","pollen","pollen","pollen","pollen","pollen","pollen","pollen","pollen","pollen","pollen","pollen","pollen","pollen","pollen","pollen","pollen","spore","pollen","spore","pollen","pollen","pollen","pollen","pollen","pollen","pollen","pollen","pollen","pollen","pollen","spore","pollen","pollen","pollen","pollen","pollen","pollen","pollen","pollen","pollen","pollen","pollen","pollen","spore","pollen","pollen","pollen","pollen","pollen","pollen","spore","pollen","pollen","pollen","pollen","pollen","pollen","pollen","pollen","pollen","spore","pollen","pollen","pollen","pollen","pollen","pollen","pollen","pollen","pollen","pollen/spore","pollen","pollen","pollen","spore","spore","pollen","pollen","pollen","pollen","pollen","pollen","spore","pollen","pollen","pollen","pollen","pollen","pollen","pollen","pollen","spore","pollen","pollen","pollen","pollen","pollen","pollen","pollen","pollen","Lake Victoria (Shirati Bay) LV4",33.7961333333333,33.7961333333333,-1.04943333333333,-1.04943333333333,1135,6880000,"Tanzania",NA,NA,NA,NA,68,33135,"LVC18_S4","Lake Victoria LV4","Core","UWITEC piston corer","2018-10-01",NA,"Natural Lake",63,"30 km away from the shore in the Shirati Bay",NA,NA,NA,NA,NA,NA,NA,"2,10,12,3,16",44877,"8777,15357,20039,20044,9599","Gobet, E.|Grosjean, M.|Muschick, M.|Seehausen, O.|Tinner, W.",19,"Depth",15,"Carbon-14","Radiocarbon years BP",675,2,"BE-15553",12200,190,190,1,190,"False","Charcoal","","Temotzin-Loranca et al. 2023",2,20036,"Temoltzin-Loranca, Y.",12390,12010,15,20036,20036,"Temoltzin-Loranca, Yunuén","Temoltzin-Loranca, Y.","Temoltzin-Loranca","Yunuén","Y.","Dr.","inactive","Institute of Geography and Oeschger Center for Climate Change Research
University of Bern
Bern, Switzerland","","","","",2,"true","journal article",20441,"https://doi.org/10.1016/j.palaeo.2023.111839",2023,"Temotzin-Loranca, Y., E. Gobet, B. Vannière, J.F.N. van Leeuwen, G. Wienhues, C. Courtney-Mustaphi, M. Kishe, M. Muschick, L. King, P. Misra, N. Ngoepe, B. Matthews, H. Vogel, O. Heiri, O. Seehausen, M. Grosjean, and W. Tinner. 2023. Long-term ecological successions of vegetation around Lake Victoria (East Africa) in response to latest Pleistocene and Early Holocene climate changes. Palaeogeography, Palaeoclimatology, Palaeoecology 631:111839. [DOI: https://doi.org/10.1016/j.palaeo.2023.111839]","Long-term ecological successions of vegetation around Lake Victoria (East Africa) in response to latest Pleistocene and Early Holocene climate changes","Palaeogeography, Palaeoclimatology, Palaeoecology",631,111839,2,8,"Misra","P.","20036,8777,9974,15224,20037,18278,20038,20039,20040,20041,20042,20043,10026,9224,20044,15357,9599","Temoltzin-Loranca, Y.|Gobet, E.|Vannière, B.|van Leeuwen, J.F.N.|Wienhues, G.|Courtney-Mustaphi, C.J.|Kishe, M.|Muschick, M.|King, L.|Misra, P.|Ngoepe, N.|Matthews, B.|Vogel, H.|Heiri, O.|Seehausen, O.|Grosjean, M.|Tinner, W.",15695,"18278,8777,15357,9224,20040,20038,20043,20041,20039,20042,20044,20036,9599,15224,9974,10026,20037","Morales-Molino, C.","Courtney-Mustaphi, C.J.|Gobet, E.|Grosjean, M.|Heiri, O.|King, L.|Kishe, M.|Matthews, B.|Misra, P.|Muschick, M.|Ngoepe, N.|Seehausen, O.|Temoltzin-Loranca, Y.|Tinner, W.|van Leeuwen, J.F.N.|Vannière, B.|Vogel, H.|Wienhues, G.","Pollen","LV4 pollen",1,"Temoltzin-Loranca et al. (2023)","Calendar years BP","True",NA,"rbacon",16700,-50,NA,"Temotzin-Loranca, Y.",15,20036,"Temoltzin-Loranca, Y.",NA,NA,NA,NA,"Radiocarbon"
654,1,1,13585,1,4,9666,168,0,0,1,0,0,0,0,0,0,0,0,0,0,0,0,6,0,0,0,0,7,0,0,0,1,0,0,0,0,1,2,1,0,0,0,0,0,0,1,0,0,6,0,0,0,55,0,0,0,0,0,0,0,0,0,0,0,0,0,0,0,0,0,0,0,1,5,0,0,0,0,0,0,0,0,0,0,0,1,1,0,0,0,1,1,0,0,8,0,0,1,0,0,0,0,0,200,2,6,0,0,0,0,0,0,3,0,0,1,0,0,0,0,0,0,0,0,0,0,0,5,0,1,0,0,0,1,0,"ml","number","spores/tablet","number","NISP","NISP","NISP","NISP","NISP","NISP","NISP","NISP","NISP","NISP","NISP","NISP","NISP","NISP","NISP","NISP","NISP","NISP","NISP","NISP","NISP","NISP","NISP","NISP","NISP","NISP","NISP","NISP","NISP","NISP","NISP","NISP","NISP","NISP","NISP","NISP","NISP","NISP","NISP","NISP","NISP","NISP","NISP","NISP","NISP","NISP","NISP","NISP","NISP","NISP","NISP","NISP","NISP","NISP","NISP","NISP","NISP","NISP","NISP","NISP","NISP","NISP","NISP","NISP","NISP","NISP","NISP","NISP","NISP","NISP","NISP","NISP","NISP","NISP","NISP","NISP","NISP","NISP","NISP","NISP","NISP","NISP","NISP","NISP","NISP","NISP","NISP","NISP","NISP","NISP","NISP","NISP","NISP","NISP","NISP","NISP","NISP","NISP","NISP","NISP","NISP","NISP","NISP","NISP","NISP","NISP","NISP","NISP","NISP","NISP","NISP","NISP","NISP","NISP","NISP","NISP","NISP","NISP","NISP","NISP","NISP","NISP","NISP","NISP","NISP","NISP","NISP","NISP","volume","quantity added","concentration","counted","pollen","pollen","pollen","pollen","pollen","pollen","pollen","pollen","pollen","pollen","pollen","pollen","pollen","pollen","pollen","pollen","pollen","spore","spore","pollen","pollen","pollen","pollen","pollen","pollen","pollen","spore","pollen","pollen","pollen","pollen","pollen","pollen","pollen","pollen","pollen","pollen","pollen","pollen","pollen","pollen","pollen","pollen","pollen","spore","pollen","spore","pollen","pollen","pollen","pollen","pollen","pollen","pollen","pollen","pollen","pollen","pollen","spore","pollen","pollen","pollen","pollen","pollen","pollen","pollen","pollen","pollen","pollen","pollen","pollen","spore","pollen","pollen","pollen","pollen","pollen","pollen","spore","pollen","pollen","pollen","pollen","pollen","pollen","pollen","pollen","pollen","spore","pollen","pollen","pollen","pollen","pollen","pollen","pollen","pollen","pollen","pollen/spore","pollen","pollen","pollen","spore","spore","pollen","pollen","pollen","pollen","pollen","pollen","spore","pollen","pollen","pollen","pollen","pollen","pollen","pollen","pollen","spore","pollen","pollen","pollen","pollen","pollen","pollen","pollen","pollen","Lake Victoria (Shirati Bay) LV4",33.7961333333333,33.7961333333333,-1.04943333333333,-1.04943333333333,1135,6880000,"Tanzania",NA,NA,NA,NA,68,33135,"LVC18_S4","Lake Victoria LV4","Core","UWITEC piston corer","2018-10-01",NA,"Natural Lake",63,"30 km away from the shore in the Shirati Bay",NA,NA,NA,NA,NA,NA,NA,"2,10,12,3,16",44877,"8777,15357,20039,20044,9599","Gobet, E.|Grosjean, M.|Muschick, M.|Seehausen, O.|Tinner, W.",19,"Depth",15,"Carbon-14","Radiocarbon years BP",675,2,"BE-15553",12200,190,190,1,190,"False","Charcoal","","Temotzin-Loranca et al. 2023",2,20036,"Temoltzin-Loranca, Y.",12390,12010,15,20036,20036,"Temoltzin-Loranca, Yunuén","Temoltzin-Loranca, Y.","Temoltzin-Loranca","Yunuén","Y.","Dr.","inactive","Institute of Geography and Oeschger Center for Climate Change Research
University of Bern
Bern, Switzerland","","","","",2,"true","journal article",20441,"https://doi.org/10.1016/j.palaeo.2023.111839",2023,"Temotzin-Loranca, Y., E. Gobet, B. Vannière, J.F.N. van Leeuwen, G. Wienhues, C. Courtney-Mustaphi, M. Kishe, M. Muschick, L. King, P. Misra, N. Ngoepe, B. Matthews, H. Vogel, O. Heiri, O. Seehausen, M. Grosjean, and W. Tinner. 2023. Long-term ecological successions of vegetation around Lake Victoria (East Africa) in response to latest Pleistocene and Early Holocene climate changes. Palaeogeography, Palaeoclimatology, Palaeoecology 631:111839. [DOI: https://doi.org/10.1016/j.palaeo.2023.111839]","Long-term ecological successions of vegetation around Lake Victoria (East Africa) in response to latest Pleistocene and Early Holocene climate changes","Palaeogeography, Palaeoclimatology, Palaeoecology",631,111839,2,8,"Misra","P.","20036,8777,9974,15224,20037,18278,20038,20039,20040,20041,20042,20043,10026,9224,20044,15357,9599","Temoltzin-Loranca, Y.|Gobet, E.|Vannière, B.|van Leeuwen, J.F.N.|Wienhues, G.|Courtney-Mustaphi, C.J.|Kishe, M.|Muschick, M.|King, L.|Misra, P.|Ngoepe, N.|Matthews, B.|Vogel, H.|Heiri, O.|Seehausen, O.|Grosjean, M.|Tinner, W.",15695,"18278,8777,15357,9224,20040,20038,20043,20041,20039,20042,20044,20036,9599,15224,9974,10026,20037","Morales-Molino, C.","Courtney-Mustaphi, C.J.|Gobet, E.|Grosjean, M.|Heiri, O.|King, L.|Kishe, M.|Matthews, B.|Misra, P.|Muschick, M.|Ngoepe, N.|Seehausen, O.|Temoltzin-Loranca, Y.|Tinner, W.|van Leeuwen, J.F.N.|Vannière, B.|Vogel, H.|Wienhues, G.","Pollen","LV4 pollen",1,"Temoltzin-Loranca et al. (2023)","Calendar years BP","True",NA,"rbacon",16700,-50,NA,"Temotzin-Loranca, Y.",15,20036,"Temoltzin-Loranca, Y.",NA,NA,NA,NA,"Radiocarbon"
656,1,1,13642,1,4,9666,257,0,0,0,0,0,0,0,0,0,0,0,0,0,1,0,9,0,0,0,0,12,0,0,0,0,0,0,0,0,0,0,0,0,0,0,0,0,0,4,0,0,0,0,0,0,41,0,0,0,0,0,0,0,0,0,0,0,0,0,0,0,0,0,0,0,2,4,0,0,0,0,0,0,0,0,1,0,0,2,0,0,0,0,1,3,0,0,13,0,0,0,0,0,0,0,0,266,4,18,0,0,0,0,0,0,1,0,0,0,0,0,0,0,0,0,0,0,0,0,0,8,0,0,0,0,0,0,0,"ml","number","spores/tablet","number","NISP","NISP","NISP","NISP","NISP","NISP","NISP","NISP","NISP","NISP","NISP","NISP","NISP","NISP","NISP","NISP","NISP","NISP","NISP","NISP","NISP","NISP","NISP","NISP","NISP","NISP","NISP","NISP","NISP","NISP","NISP","NISP","NISP","NISP","NISP","NISP","NISP","NISP","NISP","NISP","NISP","NISP","NISP","NISP","NISP","NISP","NISP","NISP","NISP","NISP","NISP","NISP","NISP","NISP","NISP","NISP","NISP","NISP","NISP","NISP","NISP","NISP","NISP","NISP","NISP","NISP","NISP","NISP","NISP","NISP","NISP","NISP","NISP","NISP","NISP","NISP","NISP","NISP","NISP","NISP","NISP","NISP","NISP","NISP","NISP","NISP","NISP","NISP","NISP","NISP","NISP","NISP","NISP","NISP","NISP","NISP","NISP","NISP","NISP","NISP","NISP","NISP","NISP","NISP","NISP","NISP","NISP","NISP","NISP","NISP","NISP","NISP","NISP","NISP","NISP","NISP","NISP","NISP","NISP","NISP","NISP","NISP","NISP","NISP","NISP","NISP","NISP","NISP","volume","quantity added","concentration","counted","pollen","pollen","pollen","pollen","pollen","pollen","pollen","pollen","pollen","pollen","pollen","pollen","pollen","pollen","pollen","pollen","pollen","spore","spore","pollen","pollen","pollen","pollen","pollen","pollen","pollen","spore","pollen","pollen","pollen","pollen","pollen","pollen","pollen","pollen","pollen","pollen","pollen","pollen","pollen","pollen","pollen","pollen","pollen","spore","pollen","spore","pollen","pollen","pollen","pollen","pollen","pollen","pollen","pollen","pollen","pollen","pollen","spore","pollen","pollen","pollen","pollen","pollen","pollen","pollen","pollen","pollen","pollen","pollen","pollen","spore","pollen","pollen","pollen","pollen","pollen","pollen","spore","pollen","pollen","pollen","pollen","pollen","pollen","pollen","pollen","pollen","spore","pollen","pollen","pollen","pollen","pollen","pollen","pollen","pollen","pollen","pollen/spore","pollen","pollen","pollen","spore","spore","pollen","pollen","pollen","pollen","pollen","pollen","spore","pollen","pollen","pollen","pollen","pollen","pollen","pollen","pollen","spore","pollen","pollen","pollen","pollen","pollen","pollen","pollen","pollen","Lake Victoria (Shirati Bay) LV4",33.7961333333333,33.7961333333333,-1.04943333333333,-1.04943333333333,1135,6880000,"Tanzania",NA,NA,NA,NA,68,33135,"LVC18_S4","Lake Victoria LV4","Core","UWITEC piston corer","2018-10-01",NA,"Natural Lake",63,"30 km away from the shore in the Shirati Bay",NA,NA,NA,NA,NA,NA,NA,"2,10,12,3,16",44877,"8777,15357,20039,20044,9599","Gobet, E.|Grosjean, M.|Muschick, M.|Seehausen, O.|Tinner, W.",19,"Depth",15,"Carbon-14","Radiocarbon years BP",675,2,"BE-15553",12200,190,190,1,190,"False","Charcoal","","Temotzin-Loranca et al. 2023",2,20036,"Temoltzin-Loranca, Y.",12390,12010,15,20036,20036,"Temoltzin-Loranca, Yunuén","Temoltzin-Loranca, Y.","Temoltzin-Loranca","Yunuén","Y.","Dr.","inactive","Institute of Geography and Oeschger Center for Climate Change Research
University of Bern
Bern, Switzerland","","","","",2,"true","journal article",20441,"https://doi.org/10.1016/j.palaeo.2023.111839",2023,"Temotzin-Loranca, Y., E. Gobet, B. Vannière, J.F.N. van Leeuwen, G. Wienhues, C. Courtney-Mustaphi, M. Kishe, M. Muschick, L. King, P. Misra, N. Ngoepe, B. Matthews, H. Vogel, O. Heiri, O. Seehausen, M. Grosjean, and W. Tinner. 2023. Long-term ecological successions of vegetation around Lake Victoria (East Africa) in response to latest Pleistocene and Early Holocene climate changes. Palaeogeography, Palaeoclimatology, Palaeoecology 631:111839. [DOI: https://doi.org/10.1016/j.palaeo.2023.111839]","Long-term ecological successions of vegetation around Lake Victoria (East Africa) in response to latest Pleistocene and Early Holocene climate changes","Palaeogeography, Palaeoclimatology, Palaeoecology",631,111839,2,8,"Misra","P.","20036,8777,9974,15224,20037,18278,20038,20039,20040,20041,20042,20043,10026,9224,20044,15357,9599","Temoltzin-Loranca, Y.|Gobet, E.|Vannière, B.|van Leeuwen, J.F.N.|Wienhues, G.|Courtney-Mustaphi, C.J.|Kishe, M.|Muschick, M.|King, L.|Misra, P.|Ngoepe, N.|Matthews, B.|Vogel, H.|Heiri, O.|Seehausen, O.|Grosjean, M.|Tinner, W.",15695,"18278,8777,15357,9224,20040,20038,20043,20041,20039,20042,20044,20036,9599,15224,9974,10026,20037","Morales-Molino, C.","Courtney-Mustaphi, C.J.|Gobet, E.|Grosjean, M.|Heiri, O.|King, L.|Kishe, M.|Matthews, B.|Misra, P.|Muschick, M.|Ngoepe, N.|Seehausen, O.|Temoltzin-Loranca, Y.|Tinner, W.|van Leeuwen, J.F.N.|Vannière, B.|Vogel, H.|Wienhues, G.","Pollen","LV4 pollen",1,"Temoltzin-Loranca et al. (2023)","Calendar years BP","True",NA,"rbacon",16700,-50,NA,"Temotzin-Loranca, Y.",15,20036,"Temoltzin-Loranca, Y.",NA,NA,NA,NA,"Radiocarbon"
658,1,1,13691,1,4,9666,308,0,0,0,0,0,1,0,0,0,0,0,0,0,1,0,6,0,0,0,0,4,0,0,0,1,0,0,0,1,0,2,0,0,0,0,0,0,0,5,0,0,2,1,0,0,48,0,0,0,0,0,0,0,0,2,0,1,0,1,0,0,1,0,0,0,5,1,1,0,2,0,0,0,0,0,0,0,0,0,1,0,0,0,1,2,0,0,10,0,0,0,0,0,0,0,0,189,3,12,0,0,0,0,0,0,1,0,0,1,0,0,0,0,0,0,0,0,0,0,1,4,1,0,0,0,0,1,0,"ml","number","spores/tablet","number","NISP","NISP","NISP","NISP","NISP","NISP","NISP","NISP","NISP","NISP","NISP","NISP","NISP","NISP","NISP","NISP","NISP","NISP","NISP","NISP","NISP","NISP","NISP","NISP","NISP","NISP","NISP","NISP","NISP","NISP","NISP","NISP","NISP","NISP","NISP","NISP","NISP","NISP","NISP","NISP","NISP","NISP","NISP","NISP","NISP","NISP","NISP","NISP","NISP","NISP","NISP","NISP","NISP","NISP","NISP","NISP","NISP","NISP","NISP","NISP","NISP","NISP","NISP","NISP","NISP","NISP","NISP","NISP","NISP","NISP","NISP","NISP","NISP","NISP","NISP","NISP","NISP","NISP","NISP","NISP","NISP","NISP","NISP","NISP","NISP","NISP","NISP","NISP","NISP","NISP","NISP","NISP","NISP","NISP","NISP","NISP","NISP","NISP","NISP","NISP","NISP","NISP","NISP","NISP","NISP","NISP","NISP","NISP","NISP","NISP","NISP","NISP","NISP","NISP","NISP","NISP","NISP","NISP","NISP","NISP","NISP","NISP","NISP","NISP","NISP","NISP","NISP","NISP","volume","quantity added","concentration","counted","pollen","pollen","pollen","pollen","pollen","pollen","pollen","pollen","pollen","pollen","pollen","pollen","pollen","pollen","pollen","pollen","pollen","spore","spore","pollen","pollen","pollen","pollen","pollen","pollen","pollen","spore","pollen","pollen","pollen","pollen","pollen","pollen","pollen","pollen","pollen","pollen","pollen","pollen","pollen","pollen","pollen","pollen","pollen","spore","pollen","spore","pollen","pollen","pollen","pollen","pollen","pollen","pollen","pollen","pollen","pollen","pollen","spore","pollen","pollen","pollen","pollen","pollen","pollen","pollen","pollen","pollen","pollen","pollen","pollen","spore","pollen","pollen","pollen","pollen","pollen","pollen","spore","pollen","pollen","pollen","pollen","pollen","pollen","pollen","pollen","pollen","spore","pollen","pollen","pollen","pollen","pollen","pollen","pollen","pollen","pollen","pollen/spore","pollen","pollen","pollen","spore","spore","pollen","pollen","pollen","pollen","pollen","pollen","spore","pollen","pollen","pollen","pollen","pollen","pollen","pollen","pollen","spore","pollen","pollen","pollen","pollen","pollen","pollen","pollen","pollen","Lake Victoria (Shirati Bay) LV4",33.7961333333333,33.7961333333333,-1.04943333333333,-1.04943333333333,1135,6880000,"Tanzania",NA,NA,NA,NA,68,33135,"LVC18_S4","Lake Victoria LV4","Core","UWITEC piston corer","2018-10-01",NA,"Natural Lake",63,"30 km away from the shore in the Shirati Bay",NA,NA,NA,NA,NA,NA,NA,"2,10,12,3,16",44877,"8777,15357,20039,20044,9599","Gobet, E.|Grosjean, M.|Muschick, M.|Seehausen, O.|Tinner, W.",19,"Depth",15,"Carbon-14","Radiocarbon years BP",675,2,"BE-15553",12200,190,190,1,190,"False","Charcoal","","Temotzin-Loranca et al. 2023",2,20036,"Temoltzin-Loranca, Y.",12390,12010,15,20036,20036,"Temoltzin-Loranca, Yunuén","Temoltzin-Loranca, Y.","Temoltzin-Loranca","Yunuén","Y.","Dr.","inactive","Institute of Geography and Oeschger Center for Climate Change Research
University of Bern
Bern, Switzerland","","","","",2,"true","journal article",20441,"https://doi.org/10.1016/j.palaeo.2023.111839",2023,"Temotzin-Loranca, Y., E. Gobet, B. Vannière, J.F.N. van Leeuwen, G. Wienhues, C. Courtney-Mustaphi, M. Kishe, M. Muschick, L. King, P. Misra, N. Ngoepe, B. Matthews, H. Vogel, O. Heiri, O. Seehausen, M. Grosjean, and W. Tinner. 2023. Long-term ecological successions of vegetation around Lake Victoria (East Africa) in response to latest Pleistocene and Early Holocene climate changes. Palaeogeography, Palaeoclimatology, Palaeoecology 631:111839. [DOI: https://doi.org/10.1016/j.palaeo.2023.111839]","Long-term ecological successions of vegetation around Lake Victoria (East Africa) in response to latest Pleistocene and Early Holocene climate changes","Palaeogeography, Palaeoclimatology, Palaeoecology",631,111839,2,11,"Ngoepe","N.","20036,8777,9974,15224,20037,18278,20038,20039,20040,20041,20042,20043,10026,9224,20044,15357,9599","Temoltzin-Loranca, Y.|Gobet, E.|Vannière, B.|van Leeuwen, J.F.N.|Wienhues, G.|Courtney-Mustaphi, C.J.|Kishe, M.|Muschick, M.|King, L.|Misra, P.|Ngoepe, N.|Matthews, B.|Vogel, H.|Heiri, O.|Seehausen, O.|Grosjean, M.|Tinner, W.",15695,"18278,8777,15357,9224,20040,20038,20043,20041,20039,20042,20044,20036,9599,15224,9974,10026,20037","Morales-Molino, C.","Courtney-Mustaphi, C.J.|Gobet, E.|Grosjean, M.|Heiri, O.|King, L.|Kishe, M.|Matthews, B.|Misra, P.|Muschick, M.|Ngoepe, N.|Seehausen, O.|Temoltzin-Loranca, Y.|Tinner, W.|van Leeuwen, J.F.N.|Vannière, B.|Vogel, H.|Wienhues, G.","Pollen","LV4 pollen",1,"Temoltzin-Loranca et al. (2023)","Calendar years BP","True",NA,"rbacon",16700,-50,NA,"Temotzin-Loranca, Y.",15,20036,"Temoltzin-Loranca, Y.",NA,NA,NA,NA,"Radiocarbon"
660,1,1,13744,1,4,9666,294,0,0,0,0,0,0,0,0,0,0,0,0,0,0,0,10,0,0,0,0,7,0,0,0,0,0,0,0,0,0,1,0,0,0,0,0,0,0,7,0,0,6,0,0,0,84,0,0,0,0,0,0,0,0,0,0,0,0,0,0,0,1,0,0,0,0,2,0,0,3,0,0,0,0,0,0,0,0,1,0,0,0,0,2,1,0,0,12,0,0,0,0,0,0,0,0,271,2,16,0,0,0,0,0,0,0,0,0,0,0,0,0,0,0,0,0,0,0,0,0,6,0,0,0,0,0,0,0,"ml","number","spores/tablet","number","NISP","NISP","NISP","NISP","NISP","NISP","NISP","NISP","NISP","NISP","NISP","NISP","NISP","NISP","NISP","NISP","NISP","NISP","NISP","NISP","NISP","NISP","NISP","NISP","NISP","NISP","NISP","NISP","NISP","NISP","NISP","NISP","NISP","NISP","NISP","NISP","NISP","NISP","NISP","NISP","NISP","NISP","NISP","NISP","NISP","NISP","NISP","NISP","NISP","NISP","NISP","NISP","NISP","NISP","NISP","NISP","NISP","NISP","NISP","NISP","NISP","NISP","NISP","NISP","NISP","NISP","NISP","NISP","NISP","NISP","NISP","NISP","NISP","NISP","NISP","NISP","NISP","NISP","NISP","NISP","NISP","NISP","NISP","NISP","NISP","NISP","NISP","NISP","NISP","NISP","NISP","NISP","NISP","NISP","NISP","NISP","NISP","NISP","NISP","NISP","NISP","NISP","NISP","NISP","NISP","NISP","NISP","NISP","NISP","NISP","NISP","NISP","NISP","NISP","NISP","NISP","NISP","NISP","NISP","NISP","NISP","NISP","NISP","NISP","NISP","NISP","NISP","NISP","volume","quantity added","concentration","counted","pollen","pollen","pollen","pollen","pollen","pollen","pollen","pollen","pollen","pollen","pollen","pollen","pollen","pollen","pollen","pollen","pollen","spore","spore","pollen","pollen","pollen","pollen","pollen","pollen","pollen","spore","pollen","pollen","pollen","pollen","pollen","pollen","pollen","pollen","pollen","pollen","pollen","pollen","pollen","pollen","pollen","pollen","pollen","spore","pollen","spore","pollen","pollen","pollen","pollen","pollen","pollen","pollen","pollen","pollen","pollen","pollen","spore","pollen","pollen","pollen","pollen","pollen","pollen","pollen","pollen","pollen","pollen","pollen","pollen","spore","pollen","pollen","pollen","pollen","pollen","pollen","spore","pollen","pollen","pollen","pollen","pollen","pollen","pollen","pollen","pollen","spore","pollen","pollen","pollen","pollen","pollen","pollen","pollen","pollen","pollen","pollen/spore","pollen","pollen","pollen","spore","spore","pollen","pollen","pollen","pollen","pollen","pollen","spore","pollen","pollen","pollen","pollen","pollen","pollen","pollen","pollen","spore","pollen","pollen","pollen","pollen","pollen","pollen","pollen","pollen","Lake Victoria (Shirati Bay) LV4",33.7961333333333,33.7961333333333,-1.04943333333333,-1.04943333333333,1135,6880000,"Tanzania",NA,NA,NA,NA,68,33135,"LVC18_S4","Lake Victoria LV4","Core","UWITEC piston corer","2018-10-01",NA,"Natural Lake",63,"30 km away from the shore in the Shirati Bay",NA,NA,NA,NA,NA,NA,NA,"2,10,12,3,16",44877,"8777,15357,20039,20044,9599","Gobet, E.|Grosjean, M.|Muschick, M.|Seehausen, O.|Tinner, W.",20,"Depth",15,"Carbon-14","Radiocarbon years BP",675,2,"BE-16266",13000,70,70,1,70,"False","Pollen concentrate","Corrected to 12300 +/- 410 radiocarbon yr BP","Temotzin-Loranca et al. 2023",2,20036,"Temoltzin-Loranca, Y.",13070,12930,15,20036,20036,"Temoltzin-Loranca, Yunuén","Temoltzin-Loranca, Y.","Temoltzin-Loranca","Yunuén","Y.","Dr.","inactive","Institute of Geography and Oeschger Center for Climate Change Research
University of Bern
Bern, Switzerland","","","","",2,"true","journal article",20441,"https://doi.org/10.1016/j.palaeo.2023.111839",2023,"Temotzin-Loranca, Y., E. Gobet, B. Vannière, J.F.N. van Leeuwen, G. Wienhues, C. Courtney-Mustaphi, M. Kishe, M. Muschick, L. King, P. Misra, N. Ngoepe, B. Matthews, H. Vogel, O. Heiri, O. Seehausen, M. Grosjean, and W. Tinner. 2023. Long-term ecological successions of vegetation around Lake Victoria (East Africa) in response to latest Pleistocene and Early Holocene climate changes. Palaeogeography, Palaeoclimatology, Palaeoecology 631:111839. [DOI: https://doi.org/10.1016/j.palaeo.2023.111839]","Long-term ecological successions of vegetation around Lake Victoria (East Africa) in response to latest Pleistocene and Early Holocene climate changes","Palaeogeography, Palaeoclimatology, Palaeoecology",631,111839,2,11,"Ngoepe","N.","20036,8777,9974,15224,20037,18278,20038,20039,20040,20041,20042,20043,10026,9224,20044,15357,9599","Temoltzin-Loranca, Y.|Gobet, E.|Vannière, B.|van Leeuwen, J.F.N.|Wienhues, G.|Courtney-Mustaphi, C.J.|Kishe, M.|Muschick, M.|King, L.|Misra, P.|Ngoepe, N.|Matthews, B.|Vogel, H.|Heiri, O.|Seehausen, O.|Grosjean, M.|Tinner, W.",15695,"18278,8777,15357,9224,20040,20038,20043,20041,20039,20042,20044,20036,9599,15224,9974,10026,20037","Morales-Molino, C.","Courtney-Mustaphi, C.J.|Gobet, E.|Grosjean, M.|Heiri, O.|King, L.|Kishe, M.|Matthews, B.|Misra, P.|Muschick, M.|Ngoepe, N.|Seehausen, O.|Temoltzin-Loranca, Y.|Tinner, W.|van Leeuwen, J.F.N.|Vannière, B.|Vogel, H.|Wienhues, G.","Pollen","LV4 pollen",1,"Temoltzin-Loranca et al. (2023)","Calendar years BP","True",NA,"rbacon",16700,-50,NA,"Temotzin-Loranca, Y.",15,20036,"Temoltzin-Loranca, Y.",NA,NA,NA,NA,"Radiocarbon"
662,1,1,13786,1,4,9666,518,0,0,0,0,0,0,0,0,0,0,2,1,0,0,0,12,0,0,0,1,10,1,0,0,1,0,0,0,0,0,3,0,0,0,0,0,0,0,3,0,0,4,0,1,0,72,0,0,0,0,0,3,2,0,0,0,1,0,0,0,0,3,0,0,0,2,4,0,1,1,1,0,0,0,0,0,0,0,3,0,0,0,0,7,1,0,0,16,0,0,0,0,0,0,0,0,290,4,6,0,1,0,0,0,0,0,0,0,0,0,0,0,0,0,0,0,0,0,0,0,11,0,2,0,0,1,0,0,"ml","number","spores/tablet","number","NISP","NISP","NISP","NISP","NISP","NISP","NISP","NISP","NISP","NISP","NISP","NISP","NISP","NISP","NISP","NISP","NISP","NISP","NISP","NISP","NISP","NISP","NISP","NISP","NISP","NISP","NISP","NISP","NISP","NISP","NISP","NISP","NISP","NISP","NISP","NISP","NISP","NISP","NISP","NISP","NISP","NISP","NISP","NISP","NISP","NISP","NISP","NISP","NISP","NISP","NISP","NISP","NISP","NISP","NISP","NISP","NISP","NISP","NISP","NISP","NISP","NISP","NISP","NISP","NISP","NISP","NISP","NISP","NISP","NISP","NISP","NISP","NISP","NISP","NISP","NISP","NISP","NISP","NISP","NISP","NISP","NISP","NISP","NISP","NISP","NISP","NISP","NISP","NISP","NISP","NISP","NISP","NISP","NISP","NISP","NISP","NISP","NISP","NISP","NISP","NISP","NISP","NISP","NISP","NISP","NISP","NISP","NISP","NISP","NISP","NISP","NISP","NISP","NISP","NISP","NISP","NISP","NISP","NISP","NISP","NISP","NISP","NISP","NISP","NISP","NISP","NISP","NISP","volume","quantity added","concentration","counted","pollen","pollen","pollen","pollen","pollen","pollen","pollen","pollen","pollen","pollen","pollen","pollen","pollen","pollen","pollen","pollen","pollen","spore","spore","pollen","pollen","pollen","pollen","pollen","pollen","pollen","spore","pollen","pollen","pollen","pollen","pollen","pollen","pollen","pollen","pollen","pollen","pollen","pollen","pollen","pollen","pollen","pollen","pollen","spore","pollen","spore","pollen","pollen","pollen","pollen","pollen","pollen","pollen","pollen","pollen","pollen","pollen","spore","pollen","pollen","pollen","pollen","pollen","pollen","pollen","pollen","pollen","pollen","pollen","pollen","spore","pollen","pollen","pollen","pollen","pollen","pollen","spore","pollen","pollen","pollen","pollen","pollen","pollen","pollen","pollen","pollen","spore","pollen","pollen","pollen","pollen","pollen","pollen","pollen","pollen","pollen","pollen/spore","pollen","pollen","pollen","spore","spore","pollen","pollen","pollen","pollen","pollen","pollen","spore","pollen","pollen","pollen","pollen","pollen","pollen","pollen","pollen","spore","pollen","pollen","pollen","pollen","pollen","pollen","pollen","pollen","Lake Victoria (Shirati Bay) LV4",33.7961333333333,33.7961333333333,-1.04943333333333,-1.04943333333333,1135,6880000,"Tanzania",NA,NA,NA,NA,68,33135,"LVC18_S4","Lake Victoria LV4","Core","UWITEC piston corer","2018-10-01",NA,"Natural Lake",63,"30 km away from the shore in the Shirati Bay",NA,NA,NA,NA,NA,NA,NA,"2,10,12,3,16",44877,"8777,15357,20039,20044,9599","Gobet, E.|Grosjean, M.|Muschick, M.|Seehausen, O.|Tinner, W.",20,"Depth",15,"Carbon-14","Radiocarbon years BP",675,2,"BE-16266",13000,70,70,1,70,"False","Pollen concentrate","Corrected to 12300 +/- 410 radiocarbon yr BP","Temotzin-Loranca et al. 2023",2,20036,"Temoltzin-Loranca, Y.",13070,12930,15,20036,20036,"Temoltzin-Loranca, Yunuén","Temoltzin-Loranca, Y.","Temoltzin-Loranca","Yunuén","Y.","Dr.","inactive","Institute of Geography and Oeschger Center for Climate Change Research
University of Bern
Bern, Switzerland","","","","",2,"true","journal article",20441,"https://doi.org/10.1016/j.palaeo.2023.111839",2023,"Temotzin-Loranca, Y., E. Gobet, B. Vannière, J.F.N. van Leeuwen, G. Wienhues, C. Courtney-Mustaphi, M. Kishe, M. Muschick, L. King, P. Misra, N. Ngoepe, B. Matthews, H. Vogel, O. Heiri, O. Seehausen, M. Grosjean, and W. Tinner. 2023. Long-term ecological successions of vegetation around Lake Victoria (East Africa) in response to latest Pleistocene and Early Holocene climate changes. Palaeogeography, Palaeoclimatology, Palaeoecology 631:111839. [DOI: https://doi.org/10.1016/j.palaeo.2023.111839]","Long-term ecological successions of vegetation around Lake Victoria (East Africa) in response to latest Pleistocene and Early Holocene climate changes","Palaeogeography, Palaeoclimatology, Palaeoecology",631,111839,2,11,"Ngoepe","N.","20036,8777,9974,15224,20037,18278,20038,20039,20040,20041,20042,20043,10026,9224,20044,15357,9599","Temoltzin-Loranca, Y.|Gobet, E.|Vannière, B.|van Leeuwen, J.F.N.|Wienhues, G.|Courtney-Mustaphi, C.J.|Kishe, M.|Muschick, M.|King, L.|Misra, P.|Ngoepe, N.|Matthews, B.|Vogel, H.|Heiri, O.|Seehausen, O.|Grosjean, M.|Tinner, W.",15695,"18278,8777,15357,9224,20040,20038,20043,20041,20039,20042,20044,20036,9599,15224,9974,10026,20037","Morales-Molino, C.","Courtney-Mustaphi, C.J.|Gobet, E.|Grosjean, M.|Heiri, O.|King, L.|Kishe, M.|Matthews, B.|Misra, P.|Muschick, M.|Ngoepe, N.|Seehausen, O.|Temoltzin-Loranca, Y.|Tinner, W.|van Leeuwen, J.F.N.|Vannière, B.|Vogel, H.|Wienhues, G.","Pollen","LV4 pollen",1,"Temoltzin-Loranca et al. (2023)","Calendar years BP","True",NA,"rbacon",16700,-50,NA,"Temotzin-Loranca, Y.",15,20036,"Temoltzin-Loranca, Y.",NA,NA,NA,NA,"Radiocarbon"
664,1,1,13829,1,4,9666,361,0,0,0,0,0,0,0,0,0,0,0,1,0,0,0,11,0,0,0,0,12,0,0,0,0,0,0,0,0,0,3,0,0,0,0,0,0,0,0,0,0,3,0,1,0,65,0,0,0,0,0,3,0,0,0,0,0,0,0,0,0,2,0,0,0,0,1,0,0,1,0,0,0,0,0,0,0,0,0,0,0,0,0,6,0,0,0,15,0,0,0,0,0,0,0,0,263,2,10,0,0,0,0,0,0,0,0,0,0,0,0,0,0,0,0,0,0,0,0,0,12,0,1,0,0,0,0,0,"ml","number","spores/tablet","number","NISP","NISP","NISP","NISP","NISP","NISP","NISP","NISP","NISP","NISP","NISP","NISP","NISP","NISP","NISP","NISP","NISP","NISP","NISP","NISP","NISP","NISP","NISP","NISP","NISP","NISP","NISP","NISP","NISP","NISP","NISP","NISP","NISP","NISP","NISP","NISP","NISP","NISP","NISP","NISP","NISP","NISP","NISP","NISP","NISP","NISP","NISP","NISP","NISP","NISP","NISP","NISP","NISP","NISP","NISP","NISP","NISP","NISP","NISP","NISP","NISP","NISP","NISP","NISP","NISP","NISP","NISP","NISP","NISP","NISP","NISP","NISP","NISP","NISP","NISP","NISP","NISP","NISP","NISP","NISP","NISP","NISP","NISP","NISP","NISP","NISP","NISP","NISP","NISP","NISP","NISP","NISP","NISP","NISP","NISP","NISP","NISP","NISP","NISP","NISP","NISP","NISP","NISP","NISP","NISP","NISP","NISP","NISP","NISP","NISP","NISP","NISP","NISP","NISP","NISP","NISP","NISP","NISP","NISP","NISP","NISP","NISP","NISP","NISP","NISP","NISP","NISP","NISP","volume","quantity added","concentration","counted","pollen","pollen","pollen","pollen","pollen","pollen","pollen","pollen","pollen","pollen","pollen","pollen","pollen","pollen","pollen","pollen","pollen","spore","spore","pollen","pollen","pollen","pollen","pollen","pollen","pollen","spore","pollen","pollen","pollen","pollen","pollen","pollen","pollen","pollen","pollen","pollen","pollen","pollen","pollen","pollen","pollen","pollen","pollen","spore","pollen","spore","pollen","pollen","pollen","pollen","pollen","pollen","pollen","pollen","pollen","pollen","pollen","spore","pollen","pollen","pollen","pollen","pollen","pollen","pollen","pollen","pollen","pollen","pollen","pollen","spore","pollen","pollen","pollen","pollen","pollen","pollen","spore","pollen","pollen","pollen","pollen","pollen","pollen","pollen","pollen","pollen","spore","pollen","pollen","pollen","pollen","pollen","pollen","pollen","pollen","pollen","pollen/spore","pollen","pollen","pollen","spore","spore","pollen","pollen","pollen","pollen","pollen","pollen","spore","pollen","pollen","pollen","pollen","pollen","pollen","pollen","pollen","spore","pollen","pollen","pollen","pollen","pollen","pollen","pollen","pollen","Lake Victoria (Shirati Bay) LV4",33.7961333333333,33.7961333333333,-1.04943333333333,-1.04943333333333,1135,6880000,"Tanzania",NA,NA,NA,NA,68,33135,"LVC18_S4","Lake Victoria LV4","Core","UWITEC piston corer","2018-10-01",NA,"Natural Lake",63,"30 km away from the shore in the Shirati Bay",NA,NA,NA,NA,NA,NA,NA,"2,10,12,3,16",44877,"8777,15357,20039,20044,9599","Gobet, E.|Grosjean, M.|Muschick, M.|Seehausen, O.|Tinner, W.",20,"Depth",15,"Carbon-14","Radiocarbon years BP",675,2,"BE-16266",13000,70,70,1,70,"False","Pollen concentrate","Corrected to 12300 +/- 410 radiocarbon yr BP","Temotzin-Loranca et al. 2023",2,20036,"Temoltzin-Loranca, Y.",13070,12930,16,9599,9599,"Tinner, Willy","Tinner, W.","Tinner","Willy","W.","Prof. Dr.","active","Paleoecology Section
Institute of Plant Sciences and Oeschger Centre for Climate Change Research
University of Bern
Altenbergrain 21
3013 Bern
Switzerland","willy.tinner@ips.unibe.ch","+4131631492","http://www.ips.unibe.ch/research/paleo/index_eng.html","",2,"true","journal article",20441,"https://doi.org/10.1016/j.palaeo.2023.111839",2023,"Temotzin-Loranca, Y., E. Gobet, B. Vannière, J.F.N. van Leeuwen, G. Wienhues, C. Courtney-Mustaphi, M. Kishe, M. Muschick, L. King, P. Misra, N. Ngoepe, B. Matthews, H. Vogel, O. Heiri, O. Seehausen, M. Grosjean, and W. Tinner. 2023. Long-term ecological successions of vegetation around Lake Victoria (East Africa) in response to latest Pleistocene and Early Holocene climate changes. Palaeogeography, Palaeoclimatology, Palaeoecology 631:111839. [DOI: https://doi.org/10.1016/j.palaeo.2023.111839]","Long-term ecological successions of vegetation around Lake Victoria (East Africa) in response to latest Pleistocene and Early Holocene climate changes","Palaeogeography, Palaeoclimatology, Palaeoecology",631,111839,2,11,"Ngoepe","N.","20036,8777,9974,15224,20037,18278,20038,20039,20040,20041,20042,20043,10026,9224,20044,15357,9599","Temoltzin-Loranca, Y.|Gobet, E.|Vannière, B.|van Leeuwen, J.F.N.|Wienhues, G.|Courtney-Mustaphi, C.J.|Kishe, M.|Muschick, M.|King, L.|Misra, P.|Ngoepe, N.|Matthews, B.|Vogel, H.|Heiri, O.|Seehausen, O.|Grosjean, M.|Tinner, W.",15695,"18278,8777,15357,9224,20040,20038,20043,20041,20039,20042,20044,20036,9599,15224,9974,10026,20037","Morales-Molino, C.","Courtney-Mustaphi, C.J.|Gobet, E.|Grosjean, M.|Heiri, O.|King, L.|Kishe, M.|Matthews, B.|Misra, P.|Muschick, M.|Ngoepe, N.|Seehausen, O.|Temoltzin-Loranca, Y.|Tinner, W.|van Leeuwen, J.F.N.|Vannière, B.|Vogel, H.|Wienhues, G.","Pollen","LV4 pollen",1,"Temoltzin-Loranca et al. (2023)","Calendar years BP","True",NA,"rbacon",16700,-50,NA,"Temotzin-Loranca, Y.",15,20036,"Temoltzin-Loranca, Y.",NA,NA,NA,NA,"Radiocarbon"
666,1,1,13873,1,4,9666,159,0,0,0,0,0,0,0,0,0,0,1,0,0,0,0,5,0,0,0,0,6,0,0,0,0,0,0,0,0,0,2,0,0,0,0,0,0,0,1,0,0,3,1,0,0,36,0,0,0,0,0,2,0,0,0,0,0,0,0,0,0,0,0,0,0,1,0,0,0,1,0,0,0,0,0,1,0,0,1,0,0,0,0,2,0,1,0,2,0,0,0,0,0,0,0,0,117,0,3,0,0,0,0,0,0,0,0,0,0,0,0,0,1,0,0,0,0,0,0,0,4,0,0,0,0,1,0,0,"ml","number","spores/tablet","number","NISP","NISP","NISP","NISP","NISP","NISP","NISP","NISP","NISP","NISP","NISP","NISP","NISP","NISP","NISP","NISP","NISP","NISP","NISP","NISP","NISP","NISP","NISP","NISP","NISP","NISP","NISP","NISP","NISP","NISP","NISP","NISP","NISP","NISP","NISP","NISP","NISP","NISP","NISP","NISP","NISP","NISP","NISP","NISP","NISP","NISP","NISP","NISP","NISP","NISP","NISP","NISP","NISP","NISP","NISP","NISP","NISP","NISP","NISP","NISP","NISP","NISP","NISP","NISP","NISP","NISP","NISP","NISP","NISP","NISP","NISP","NISP","NISP","NISP","NISP","NISP","NISP","NISP","NISP","NISP","NISP","NISP","NISP","NISP","NISP","NISP","NISP","NISP","NISP","NISP","NISP","NISP","NISP","NISP","NISP","NISP","NISP","NISP","NISP","NISP","NISP","NISP","NISP","NISP","NISP","NISP","NISP","NISP","NISP","NISP","NISP","NISP","NISP","NISP","NISP","NISP","NISP","NISP","NISP","NISP","NISP","NISP","NISP","NISP","NISP","NISP","NISP","NISP","volume","quantity added","concentration","counted","pollen","pollen","pollen","pollen","pollen","pollen","pollen","pollen","pollen","pollen","pollen","pollen","pollen","pollen","pollen","pollen","pollen","spore","spore","pollen","pollen","pollen","pollen","pollen","pollen","pollen","spore","pollen","pollen","pollen","pollen","pollen","pollen","pollen","pollen","pollen","pollen","pollen","pollen","pollen","pollen","pollen","pollen","pollen","spore","pollen","spore","pollen","pollen","pollen","pollen","pollen","pollen","pollen","pollen","pollen","pollen","pollen","spore","pollen","pollen","pollen","pollen","pollen","pollen","pollen","pollen","pollen","pollen","pollen","pollen","spore","pollen","pollen","pollen","pollen","pollen","pollen","spore","pollen","pollen","pollen","pollen","pollen","pollen","pollen","pollen","pollen","spore","pollen","pollen","pollen","pollen","pollen","pollen","pollen","pollen","pollen","pollen/spore","pollen","pollen","pollen","spore","spore","pollen","pollen","pollen","pollen","pollen","pollen","spore","pollen","pollen","pollen","pollen","pollen","pollen","pollen","pollen","spore","pollen","pollen","pollen","pollen","pollen","pollen","pollen","pollen","Lake Victoria (Shirati Bay) LV4",33.7961333333333,33.7961333333333,-1.04943333333333,-1.04943333333333,1135,6880000,"Tanzania",NA,NA,NA,NA,68,33135,"LVC18_S4","Lake Victoria LV4","Core","UWITEC piston corer","2018-10-01",NA,"Natural Lake",63,"30 km away from the shore in the Shirati Bay",NA,NA,NA,NA,NA,NA,NA,"2,10,12,3,16",44877,"8777,15357,20039,20044,9599","Gobet, E.|Grosjean, M.|Muschick, M.|Seehausen, O.|Tinner, W.",20,"Depth",15,"Carbon-14","Radiocarbon years BP",675,2,"BE-16266",13000,70,70,1,70,"False","Pollen concentrate","Corrected to 12300 +/- 410 radiocarbon yr BP","Temotzin-Loranca et al. 2023",2,20036,"Temoltzin-Loranca, Y.",13070,12930,16,9599,9599,"Tinner, Willy","Tinner, W.","Tinner","Willy","W.","Prof. Dr.","active","Paleoecology Section
Institute of Plant Sciences and Oeschger Centre for Climate Change Research
University of Bern
Altenbergrain 21
3013 Bern
Switzerland","willy.tinner@ips.unibe.ch","+4131631492","http://www.ips.unibe.ch/research/paleo/index_eng.html","",2,"true","journal article",20441,"https://doi.org/10.1016/j.palaeo.2023.111839",2023,"Temotzin-Loranca, Y., E. Gobet, B. Vannière, J.F.N. van Leeuwen, G. Wienhues, C. Courtney-Mustaphi, M. Kishe, M. Muschick, L. King, P. Misra, N. Ngoepe, B. Matthews, H. Vogel, O. Heiri, O. Seehausen, M. Grosjean, and W. Tinner. 2023. Long-term ecological successions of vegetation around Lake Victoria (East Africa) in response to latest Pleistocene and Early Holocene climate changes. Palaeogeography, Palaeoclimatology, Palaeoecology 631:111839. [DOI: https://doi.org/10.1016/j.palaeo.2023.111839]","Long-term ecological successions of vegetation around Lake Victoria (East Africa) in response to latest Pleistocene and Early Holocene climate changes","Palaeogeography, Palaeoclimatology, Palaeoecology",631,111839,2,11,"Ngoepe","N.","20036,8777,9974,15224,20037,18278,20038,20039,20040,20041,20042,20043,10026,9224,20044,15357,9599","Temoltzin-Loranca, Y.|Gobet, E.|Vannière, B.|van Leeuwen, J.F.N.|Wienhues, G.|Courtney-Mustaphi, C.J.|Kishe, M.|Muschick, M.|King, L.|Misra, P.|Ngoepe, N.|Matthews, B.|Vogel, H.|Heiri, O.|Seehausen, O.|Grosjean, M.|Tinner, W.",15695,"18278,8777,15357,9224,20040,20038,20043,20041,20039,20042,20044,20036,9599,15224,9974,10026,20037","Morales-Molino, C.","Courtney-Mustaphi, C.J.|Gobet, E.|Grosjean, M.|Heiri, O.|King, L.|Kishe, M.|Matthews, B.|Misra, P.|Muschick, M.|Ngoepe, N.|Seehausen, O.|Temoltzin-Loranca, Y.|Tinner, W.|van Leeuwen, J.F.N.|Vannière, B.|Vogel, H.|Wienhues, G.","Pollen","LV4 pollen",1,"Temoltzin-Loranca et al. (2023)","Calendar years BP","True",NA,"rbacon",16700,-50,NA,"Temotzin-Loranca, Y.",15,20036,"Temoltzin-Loranca, Y.",NA,NA,NA,NA,"Radiocarbon"
668,1,1,13922,1,4,9666,349,0,0,0,0,0,0,0,0,0,0,1,0,0,0,0,11,0,0,0,0,14,0,0,0,0,0,0,0,0,0,3,0,0,0,0,0,0,0,2,0,0,3,1,0,0,82,0,0,0,0,0,3,0,0,0,0,0,0,0,0,0,0,0,0,0,1,0,0,0,1,0,0,0,0,0,1,0,0,2,0,0,0,0,3,0,0,0,3,0,0,0,0,0,0,0,0,261,0,5,0,0,0,0,0,0,0,0,0,0,0,0,0,0,0,0,0,0,0,0,0,9,0,0,0,0,0,0,0,"ml","number","spores/tablet","number","NISP","NISP","NISP","NISP","NISP","NISP","NISP","NISP","NISP","NISP","NISP","NISP","NISP","NISP","NISP","NISP","NISP","NISP","NISP","NISP","NISP","NISP","NISP","NISP","NISP","NISP","NISP","NISP","NISP","NISP","NISP","NISP","NISP","NISP","NISP","NISP","NISP","NISP","NISP","NISP","NISP","NISP","NISP","NISP","NISP","NISP","NISP","NISP","NISP","NISP","NISP","NISP","NISP","NISP","NISP","NISP","NISP","NISP","NISP","NISP","NISP","NISP","NISP","NISP","NISP","NISP","NISP","NISP","NISP","NISP","NISP","NISP","NISP","NISP","NISP","NISP","NISP","NISP","NISP","NISP","NISP","NISP","NISP","NISP","NISP","NISP","NISP","NISP","NISP","NISP","NISP","NISP","NISP","NISP","NISP","NISP","NISP","NISP","NISP","NISP","NISP","NISP","NISP","NISP","NISP","NISP","NISP","NISP","NISP","NISP","NISP","NISP","NISP","NISP","NISP","NISP","NISP","NISP","NISP","NISP","NISP","NISP","NISP","NISP","NISP","NISP","NISP","NISP","volume","quantity added","concentration","counted","pollen","pollen","pollen","pollen","pollen","pollen","pollen","pollen","pollen","pollen","pollen","pollen","pollen","pollen","pollen","pollen","pollen","spore","spore","pollen","pollen","pollen","pollen","pollen","pollen","pollen","spore","pollen","pollen","pollen","pollen","pollen","pollen","pollen","pollen","pollen","pollen","pollen","pollen","pollen","pollen","pollen","pollen","pollen","spore","pollen","spore","pollen","pollen","pollen","pollen","pollen","pollen","pollen","pollen","pollen","pollen","pollen","spore","pollen","pollen","pollen","pollen","pollen","pollen","pollen","pollen","pollen","pollen","pollen","pollen","spore","pollen","pollen","pollen","pollen","pollen","pollen","spore","pollen","pollen","pollen","pollen","pollen","pollen","pollen","pollen","pollen","spore","pollen","pollen","pollen","pollen","pollen","pollen","pollen","pollen","pollen","pollen/spore","pollen","pollen","pollen","spore","spore","pollen","pollen","pollen","pollen","pollen","pollen","spore","pollen","pollen","pollen","pollen","pollen","pollen","pollen","pollen","spore","pollen","pollen","pollen","pollen","pollen","pollen","pollen","pollen","Lake Victoria (Shirati Bay) LV4",33.7961333333333,33.7961333333333,-1.04943333333333,-1.04943333333333,1135,6880000,"Tanzania",NA,NA,NA,NA,68,33135,"LVC18_S4","Lake Victoria LV4","Core","UWITEC piston corer","2018-10-01",NA,"Natural Lake",63,"30 km away from the shore in the Shirati Bay",NA,NA,NA,NA,NA,NA,NA,"2,10,12,3,16",44877,"8777,15357,20039,20044,9599","Gobet, E.|Grosjean, M.|Muschick, M.|Seehausen, O.|Tinner, W.",20,"Depth",15,"Carbon-14","Radiocarbon years BP",675,2,"BE-16266",13000,70,70,1,70,"False","Pollen concentrate","Corrected to 12300 +/- 410 radiocarbon yr BP","Temotzin-Loranca et al. 2023",2,20036,"Temoltzin-Loranca, Y.",13070,12930,16,9599,9599,"Tinner, Willy","Tinner, W.","Tinner","Willy","W.","Prof. Dr.","active","Paleoecology Section
Institute of Plant Sciences and Oeschger Centre for Climate Change Research
University of Bern
Altenbergrain 21
3013 Bern
Switzerland","willy.tinner@ips.unibe.ch","+4131631492","http://www.ips.unibe.ch/research/paleo/index_eng.html","",2,"true","journal article",20441,"https://doi.org/10.1016/j.palaeo.2023.111839",2023,"Temotzin-Loranca, Y., E. Gobet, B. Vannière, J.F.N. van Leeuwen, G. Wienhues, C. Courtney-Mustaphi, M. Kishe, M. Muschick, L. King, P. Misra, N. Ngoepe, B. Matthews, H. Vogel, O. Heiri, O. Seehausen, M. Grosjean, and W. Tinner. 2023. Long-term ecological successions of vegetation around Lake Victoria (East Africa) in response to latest Pleistocene and Early Holocene climate changes. Palaeogeography, Palaeoclimatology, Palaeoecology 631:111839. [DOI: https://doi.org/10.1016/j.palaeo.2023.111839]","Long-term ecological successions of vegetation around Lake Victoria (East Africa) in response to latest Pleistocene and Early Holocene climate changes","Palaeogeography, Palaeoclimatology, Palaeoecology",631,111839,2,11,"Ngoepe","N.","20036,8777,9974,15224,20037,18278,20038,20039,20040,20041,20042,20043,10026,9224,20044,15357,9599","Temoltzin-Loranca, Y.|Gobet, E.|Vannière, B.|van Leeuwen, J.F.N.|Wienhues, G.|Courtney-Mustaphi, C.J.|Kishe, M.|Muschick, M.|King, L.|Misra, P.|Ngoepe, N.|Matthews, B.|Vogel, H.|Heiri, O.|Seehausen, O.|Grosjean, M.|Tinner, W.",15695,"18278,8777,15357,9224,20040,20038,20043,20041,20039,20042,20044,20036,9599,15224,9974,10026,20037","Morales-Molino, C.","Courtney-Mustaphi, C.J.|Gobet, E.|Grosjean, M.|Heiri, O.|King, L.|Kishe, M.|Matthews, B.|Misra, P.|Muschick, M.|Ngoepe, N.|Seehausen, O.|Temoltzin-Loranca, Y.|Tinner, W.|van Leeuwen, J.F.N.|Vannière, B.|Vogel, H.|Wienhues, G.","Pollen","LV4 pollen",1,"Temoltzin-Loranca et al. (2023)","Calendar years BP","True",NA,"rbacon",16700,-50,NA,"Temotzin-Loranca, Y.",15,20036,"Temoltzin-Loranca, Y.",NA,NA,NA,NA,"Radiocarbon"
670,1,1,13974,1,4,9666,161,0,0,1,0,0,0,0,0,0,0,1,0,0,0,0,3,0,0,0,0,6,0,0,0,0,0,0,0,0,0,0,0,0,0,0,0,0,0,4,0,2,2,0,0,0,38,0,0,0,0,0,0,0,0,0,0,0,0,0,0,0,0,0,0,0,1,0,1,0,0,0,0,0,0,0,0,0,0,0,0,0,0,0,2,0,0,0,2,0,0,1,0,0,0,0,0,121,3,3,0,0,0,0,0,0,2,0,0,0,0,0,0,0,0,0,0,0,0,0,0,8,0,0,0,0,1,0,0,"ml","number","spores/tablet","number","NISP","NISP","NISP","NISP","NISP","NISP","NISP","NISP","NISP","NISP","NISP","NISP","NISP","NISP","NISP","NISP","NISP","NISP","NISP","NISP","NISP","NISP","NISP","NISP","NISP","NISP","NISP","NISP","NISP","NISP","NISP","NISP","NISP","NISP","NISP","NISP","NISP","NISP","NISP","NISP","NISP","NISP","NISP","NISP","NISP","NISP","NISP","NISP","NISP","NISP","NISP","NISP","NISP","NISP","NISP","NISP","NISP","NISP","NISP","NISP","NISP","NISP","NISP","NISP","NISP","NISP","NISP","NISP","NISP","NISP","NISP","NISP","NISP","NISP","NISP","NISP","NISP","NISP","NISP","NISP","NISP","NISP","NISP","NISP","NISP","NISP","NISP","NISP","NISP","NISP","NISP","NISP","NISP","NISP","NISP","NISP","NISP","NISP","NISP","NISP","NISP","NISP","NISP","NISP","NISP","NISP","NISP","NISP","NISP","NISP","NISP","NISP","NISP","NISP","NISP","NISP","NISP","NISP","NISP","NISP","NISP","NISP","NISP","NISP","NISP","NISP","NISP","NISP","volume","quantity added","concentration","counted","pollen","pollen","pollen","pollen","pollen","pollen","pollen","pollen","pollen","pollen","pollen","pollen","pollen","pollen","pollen","pollen","pollen","spore","spore","pollen","pollen","pollen","pollen","pollen","pollen","pollen","spore","pollen","pollen","pollen","pollen","pollen","pollen","pollen","pollen","pollen","pollen","pollen","pollen","pollen","pollen","pollen","pollen","pollen","spore","pollen","spore","pollen","pollen","pollen","pollen","pollen","pollen","pollen","pollen","pollen","pollen","pollen","spore","pollen","pollen","pollen","pollen","pollen","pollen","pollen","pollen","pollen","pollen","pollen","pollen","spore","pollen","pollen","pollen","pollen","pollen","pollen","spore","pollen","pollen","pollen","pollen","pollen","pollen","pollen","pollen","pollen","spore","pollen","pollen","pollen","pollen","pollen","pollen","pollen","pollen","pollen","pollen/spore","pollen","pollen","pollen","spore","spore","pollen","pollen","pollen","pollen","pollen","pollen","spore","pollen","pollen","pollen","pollen","pollen","pollen","pollen","pollen","spore","pollen","pollen","pollen","pollen","pollen","pollen","pollen","pollen","Lake Victoria (Shirati Bay) LV4",33.7961333333333,33.7961333333333,-1.04943333333333,-1.04943333333333,1135,6880000,"Tanzania",NA,NA,NA,NA,68,33135,"LVC18_S4","Lake Victoria LV4","Core","UWITEC piston corer","2018-10-01",NA,"Natural Lake",63,"30 km away from the shore in the Shirati Bay",NA,NA,NA,NA,NA,NA,NA,"2,10,12,3,16",44877,"8777,15357,20039,20044,9599","Gobet, E.|Grosjean, M.|Muschick, M.|Seehausen, O.|Tinner, W.",20,"Depth",15,"Carbon-14","Radiocarbon years BP",675,2,"BE-16266",13000,70,70,1,70,"False","Pollen concentrate","Corrected to 12300 +/- 410 radiocarbon yr BP","Temotzin-Loranca et al. 2023",2,20036,"Temoltzin-Loranca, Y.",13070,12930,16,9599,9599,"Tinner, Willy","Tinner, W.","Tinner","Willy","W.","Prof. Dr.","active","Paleoecology Section
Institute of Plant Sciences and Oeschger Centre for Climate Change Research
University of Bern
Altenbergrain 21
3013 Bern
Switzerland","willy.tinner@ips.unibe.ch","+4131631492","http://www.ips.unibe.ch/research/paleo/index_eng.html","",2,"true","journal article",20441,"https://doi.org/10.1016/j.palaeo.2023.111839",2023,"Temotzin-Loranca, Y., E. Gobet, B. Vannière, J.F.N. van Leeuwen, G. Wienhues, C. Courtney-Mustaphi, M. Kishe, M. Muschick, L. King, P. Misra, N. Ngoepe, B. Matthews, H. Vogel, O. Heiri, O. Seehausen, M. Grosjean, and W. Tinner. 2023. Long-term ecological successions of vegetation around Lake Victoria (East Africa) in response to latest Pleistocene and Early Holocene climate changes. Palaeogeography, Palaeoclimatology, Palaeoecology 631:111839. [DOI: https://doi.org/10.1016/j.palaeo.2023.111839]","Long-term ecological successions of vegetation around Lake Victoria (East Africa) in response to latest Pleistocene and Early Holocene climate changes","Palaeogeography, Palaeoclimatology, Palaeoecology",631,111839,2,7,"Matthews","B.","20036,8777,9974,15224,20037,18278,20038,20039,20040,20041,20042,20043,10026,9224,20044,15357,9599","Temoltzin-Loranca, Y.|Gobet, E.|Vannière, B.|van Leeuwen, J.F.N.|Wienhues, G.|Courtney-Mustaphi, C.J.|Kishe, M.|Muschick, M.|King, L.|Misra, P.|Ngoepe, N.|Matthews, B.|Vogel, H.|Heiri, O.|Seehausen, O.|Grosjean, M.|Tinner, W.",15695,"18278,8777,15357,9224,20040,20038,20043,20041,20039,20042,20044,20036,9599,15224,9974,10026,20037","Morales-Molino, C.","Courtney-Mustaphi, C.J.|Gobet, E.|Grosjean, M.|Heiri, O.|King, L.|Kishe, M.|Matthews, B.|Misra, P.|Muschick, M.|Ngoepe, N.|Seehausen, O.|Temoltzin-Loranca, Y.|Tinner, W.|van Leeuwen, J.F.N.|Vannière, B.|Vogel, H.|Wienhues, G.","Pollen","LV4 pollen",1,"Temoltzin-Loranca et al. (2023)","Calendar years BP","True",NA,"rbacon",16700,-50,NA,"Temotzin-Loranca, Y.",15,20036,"Temoltzin-Loranca, Y.",NA,NA,NA,NA,"Radiocarbon"
672,1,1,14024,1,4,9666,336,0,0,2,0,0,0,0,0,0,0,2,0,0,0,0,4,0,0,0,0,12,0,0,0,0,0,0,0,0,0,0,0,0,0,0,0,0,0,0,0,4,4,1,0,0,70,0,0,0,0,0,0,0,0,0,0,0,0,0,0,0,0,0,0,0,2,0,0,2,2,0,0,0,0,0,1,0,0,0,0,0,0,0,4,0,0,0,4,0,0,2,0,0,0,0,0,249,6,10,0,0,0,0,0,0,0,0,0,0,0,0,0,0,0,0,0,0,0,0,0,16,0,0,0,0,2,0,0,"ml","number","spores/tablet","number","NISP","NISP","NISP","NISP","NISP","NISP","NISP","NISP","NISP","NISP","NISP","NISP","NISP","NISP","NISP","NISP","NISP","NISP","NISP","NISP","NISP","NISP","NISP","NISP","NISP","NISP","NISP","NISP","NISP","NISP","NISP","NISP","NISP","NISP","NISP","NISP","NISP","NISP","NISP","NISP","NISP","NISP","NISP","NISP","NISP","NISP","NISP","NISP","NISP","NISP","NISP","NISP","NISP","NISP","NISP","NISP","NISP","NISP","NISP","NISP","NISP","NISP","NISP","NISP","NISP","NISP","NISP","NISP","NISP","NISP","NISP","NISP","NISP","NISP","NISP","NISP","NISP","NISP","NISP","NISP","NISP","NISP","NISP","NISP","NISP","NISP","NISP","NISP","NISP","NISP","NISP","NISP","NISP","NISP","NISP","NISP","NISP","NISP","NISP","NISP","NISP","NISP","NISP","NISP","NISP","NISP","NISP","NISP","NISP","NISP","NISP","NISP","NISP","NISP","NISP","NISP","NISP","NISP","NISP","NISP","NISP","NISP","NISP","NISP","NISP","NISP","NISP","NISP","volume","quantity added","concentration","counted","pollen","pollen","pollen","pollen","pollen","pollen","pollen","pollen","pollen","pollen","pollen","pollen","pollen","pollen","pollen","pollen","pollen","spore","spore","pollen","pollen","pollen","pollen","pollen","pollen","pollen","spore","pollen","pollen","pollen","pollen","pollen","pollen","pollen","pollen","pollen","pollen","pollen","pollen","pollen","pollen","pollen","pollen","pollen","spore","pollen","spore","pollen","pollen","pollen","pollen","pollen","pollen","pollen","pollen","pollen","pollen","pollen","spore","pollen","pollen","pollen","pollen","pollen","pollen","pollen","pollen","pollen","pollen","pollen","pollen","spore","pollen","pollen","pollen","pollen","pollen","pollen","spore","pollen","pollen","pollen","pollen","pollen","pollen","pollen","pollen","pollen","spore","pollen","pollen","pollen","pollen","pollen","pollen","pollen","pollen","pollen","pollen/spore","pollen","pollen","pollen","spore","spore","pollen","pollen","pollen","pollen","pollen","pollen","spore","pollen","pollen","pollen","pollen","pollen","pollen","pollen","pollen","spore","pollen","pollen","pollen","pollen","pollen","pollen","pollen","pollen","Lake Victoria (Shirati Bay) LV4",33.7961333333333,33.7961333333333,-1.04943333333333,-1.04943333333333,1135,6880000,"Tanzania",NA,NA,NA,NA,68,33135,"LVC18_S4","Lake Victoria LV4","Core","UWITEC piston corer","2018-10-01",NA,"Natural Lake",63,"30 km away from the shore in the Shirati Bay",NA,NA,NA,NA,NA,NA,NA,"2,10,12,3,16",44877,"8777,15357,20039,20044,9599","Gobet, E.|Grosjean, M.|Muschick, M.|Seehausen, O.|Tinner, W.",20,"Depth",15,"Carbon-14","Radiocarbon years BP",675,2,"BE-16266",13000,70,70,1,70,"False","Pollen concentrate","Corrected to 12300 +/- 410 radiocarbon yr BP","Temotzin-Loranca et al. 2023",2,20036,"Temoltzin-Loranca, Y.",13070,12930,16,9599,9599,"Tinner, Willy","Tinner, W.","Tinner","Willy","W.","Prof. Dr.","active","Paleoecology Section
Institute of Plant Sciences and Oeschger Centre for Climate Change Research
University of Bern
Altenbergrain 21
3013 Bern
Switzerland","willy.tinner@ips.unibe.ch","+4131631492","http://www.ips.unibe.ch/research/paleo/index_eng.html","",2,"true","journal article",20441,"https://doi.org/10.1016/j.palaeo.2023.111839",2023,"Temotzin-Loranca, Y., E. Gobet, B. Vannière, J.F.N. van Leeuwen, G. Wienhues, C. Courtney-Mustaphi, M. Kishe, M. Muschick, L. King, P. Misra, N. Ngoepe, B. Matthews, H. Vogel, O. Heiri, O. Seehausen, M. Grosjean, and W. Tinner. 2023. Long-term ecological successions of vegetation around Lake Victoria (East Africa) in response to latest Pleistocene and Early Holocene climate changes. Palaeogeography, Palaeoclimatology, Palaeoecology 631:111839. [DOI: https://doi.org/10.1016/j.palaeo.2023.111839]","Long-term ecological successions of vegetation around Lake Victoria (East Africa) in response to latest Pleistocene and Early Holocene climate changes","Palaeogeography, Palaeoclimatology, Palaeoecology",631,111839,2,7,"Matthews","B.","20036,8777,9974,15224,20037,18278,20038,20039,20040,20041,20042,20043,10026,9224,20044,15357,9599","Temoltzin-Loranca, Y.|Gobet, E.|Vannière, B.|van Leeuwen, J.F.N.|Wienhues, G.|Courtney-Mustaphi, C.J.|Kishe, M.|Muschick, M.|King, L.|Misra, P.|Ngoepe, N.|Matthews, B.|Vogel, H.|Heiri, O.|Seehausen, O.|Grosjean, M.|Tinner, W.",15695,"18278,8777,15357,9224,20040,20038,20043,20041,20039,20042,20044,20036,9599,15224,9974,10026,20037","Morales-Molino, C.","Courtney-Mustaphi, C.J.|Gobet, E.|Grosjean, M.|Heiri, O.|King, L.|Kishe, M.|Matthews, B.|Misra, P.|Muschick, M.|Ngoepe, N.|Seehausen, O.|Temoltzin-Loranca, Y.|Tinner, W.|van Leeuwen, J.F.N.|Vannière, B.|Vogel, H.|Wienhues, G.","Pollen","LV4 pollen",1,"Temoltzin-Loranca et al. (2023)","Calendar years BP","True",NA,"rbacon",16700,-50,NA,"Temotzin-Loranca, Y.",15,20036,"Temoltzin-Loranca, Y.",NA,NA,NA,NA,"Radiocarbon"
674,1,1,14072,1,4,9666,376,0,0,0,0,0,0,0,0,0,0,0,0,0,0,0,8,0,0,0,0,9,0,0,0,1,0,0,0,0,1,0,0,0,0,0,0,0,0,0,0,0,6,2,0,0,82,0,0,0,0,0,2,0,0,1,0,0,0,0,0,0,1,0,0,0,1,0,0,0,3,0,0,0,0,0,0,0,0,0,2,0,0,0,1,0,1,0,8,0,0,0,0,0,0,0,0,235,3,7,0,0,0,0,0,0,2,0,0,0,1,0,0,0,0,0,0,0,0,0,0,12,0,0,0,0,1,0,0,"ml","number","spores/tablet","number","NISP","NISP","NISP","NISP","NISP","NISP","NISP","NISP","NISP","NISP","NISP","NISP","NISP","NISP","NISP","NISP","NISP","NISP","NISP","NISP","NISP","NISP","NISP","NISP","NISP","NISP","NISP","NISP","NISP","NISP","NISP","NISP","NISP","NISP","NISP","NISP","NISP","NISP","NISP","NISP","NISP","NISP","NISP","NISP","NISP","NISP","NISP","NISP","NISP","NISP","NISP","NISP","NISP","NISP","NISP","NISP","NISP","NISP","NISP","NISP","NISP","NISP","NISP","NISP","NISP","NISP","NISP","NISP","NISP","NISP","NISP","NISP","NISP","NISP","NISP","NISP","NISP","NISP","NISP","NISP","NISP","NISP","NISP","NISP","NISP","NISP","NISP","NISP","NISP","NISP","NISP","NISP","NISP","NISP","NISP","NISP","NISP","NISP","NISP","NISP","NISP","NISP","NISP","NISP","NISP","NISP","NISP","NISP","NISP","NISP","NISP","NISP","NISP","NISP","NISP","NISP","NISP","NISP","NISP","NISP","NISP","NISP","NISP","NISP","NISP","NISP","NISP","NISP","volume","quantity added","concentration","counted","pollen","pollen","pollen","pollen","pollen","pollen","pollen","pollen","pollen","pollen","pollen","pollen","pollen","pollen","pollen","pollen","pollen","spore","spore","pollen","pollen","pollen","pollen","pollen","pollen","pollen","spore","pollen","pollen","pollen","pollen","pollen","pollen","pollen","pollen","pollen","pollen","pollen","pollen","pollen","pollen","pollen","pollen","pollen","spore","pollen","spore","pollen","pollen","pollen","pollen","pollen","pollen","pollen","pollen","pollen","pollen","pollen","spore","pollen","pollen","pollen","pollen","pollen","pollen","pollen","pollen","pollen","pollen","pollen","pollen","spore","pollen","pollen","pollen","pollen","pollen","pollen","spore","pollen","pollen","pollen","pollen","pollen","pollen","pollen","pollen","pollen","spore","pollen","pollen","pollen","pollen","pollen","pollen","pollen","pollen","pollen","pollen/spore","pollen","pollen","pollen","spore","spore","pollen","pollen","pollen","pollen","pollen","pollen","spore","pollen","pollen","pollen","pollen","pollen","pollen","pollen","pollen","spore","pollen","pollen","pollen","pollen","pollen","pollen","pollen","pollen","Lake Victoria (Shirati Bay) LV4",33.7961333333333,33.7961333333333,-1.04943333333333,-1.04943333333333,1135,6880000,"Tanzania",NA,NA,NA,NA,68,33135,"LVC18_S4","Lake Victoria LV4","Core","UWITEC piston corer","2018-10-01",NA,"Natural Lake",63,"30 km away from the shore in the Shirati Bay",NA,NA,NA,NA,NA,NA,NA,"2,10,12,3,16",44877,"8777,15357,20039,20044,9599","Gobet, E.|Grosjean, M.|Muschick, M.|Seehausen, O.|Tinner, W.",21,"Depth",15,"Carbon-14","Radiocarbon years BP",685,2,"BE-15554",12300,170,170,1,170,"False","Charcoal","","Temotzin-Loranca et al. 2023",2,20036,"Temoltzin-Loranca, Y.",12470,12130,16,9599,9599,"Tinner, Willy","Tinner, W.","Tinner","Willy","W.","Prof. Dr.","active","Paleoecology Section
Institute of Plant Sciences and Oeschger Centre for Climate Change Research
University of Bern
Altenbergrain 21
3013 Bern
Switzerland","willy.tinner@ips.unibe.ch","+4131631492","http://www.ips.unibe.ch/research/paleo/index_eng.html","",2,"true","journal article",20441,"https://doi.org/10.1016/j.palaeo.2023.111839",2023,"Temotzin-Loranca, Y., E. Gobet, B. Vannière, J.F.N. van Leeuwen, G. Wienhues, C. Courtney-Mustaphi, M. Kishe, M. Muschick, L. King, P. Misra, N. Ngoepe, B. Matthews, H. Vogel, O. Heiri, O. Seehausen, M. Grosjean, and W. Tinner. 2023. Long-term ecological successions of vegetation around Lake Victoria (East Africa) in response to latest Pleistocene and Early Holocene climate changes. Palaeogeography, Palaeoclimatology, Palaeoecology 631:111839. [DOI: https://doi.org/10.1016/j.palaeo.2023.111839]","Long-term ecological successions of vegetation around Lake Victoria (East Africa) in response to latest Pleistocene and Early Holocene climate changes","Palaeogeography, Palaeoclimatology, Palaeoecology",631,111839,2,7,"Matthews","B.","20036,8777,9974,15224,20037,18278,20038,20039,20040,20041,20042,20043,10026,9224,20044,15357,9599","Temoltzin-Loranca, Y.|Gobet, E.|Vannière, B.|van Leeuwen, J.F.N.|Wienhues, G.|Courtney-Mustaphi, C.J.|Kishe, M.|Muschick, M.|King, L.|Misra, P.|Ngoepe, N.|Matthews, B.|Vogel, H.|Heiri, O.|Seehausen, O.|Grosjean, M.|Tinner, W.",15695,"18278,8777,15357,9224,20040,20038,20043,20041,20039,20042,20044,20036,9599,15224,9974,10026,20037","Morales-Molino, C.","Courtney-Mustaphi, C.J.|Gobet, E.|Grosjean, M.|Heiri, O.|King, L.|Kishe, M.|Matthews, B.|Misra, P.|Muschick, M.|Ngoepe, N.|Seehausen, O.|Temoltzin-Loranca, Y.|Tinner, W.|van Leeuwen, J.F.N.|Vannière, B.|Vogel, H.|Wienhues, G.","Pollen","LV4 pollen",1,"Temoltzin-Loranca et al. (2023)","Calendar years BP","True",NA,"rbacon",16700,-50,NA,"Temotzin-Loranca, Y.",15,20036,"Temoltzin-Loranca, Y.",NA,NA,NA,NA,"Radiocarbon"
676,1,1,14121,1,4,9666,346,0,0,0,0,0,0,0,0,0,0,0,0,0,0,0,9,0,0,0,0,10,0,0,0,0,0,0,0,0,0,0,0,0,0,0,0,0,0,0,0,0,6,2,0,0,88,0,0,0,0,0,2,0,0,0,0,0,0,0,0,0,0,0,0,0,1,0,0,0,3,0,0,0,0,0,0,0,0,0,2,0,0,0,1,0,1,0,1,0,0,0,0,0,0,0,0,255,3,5,0,0,0,0,0,0,0,0,0,0,0,0,0,0,0,0,0,0,0,0,0,15,0,0,0,0,1,0,0,"ml","number","spores/tablet","number","NISP","NISP","NISP","NISP","NISP","NISP","NISP","NISP","NISP","NISP","NISP","NISP","NISP","NISP","NISP","NISP","NISP","NISP","NISP","NISP","NISP","NISP","NISP","NISP","NISP","NISP","NISP","NISP","NISP","NISP","NISP","NISP","NISP","NISP","NISP","NISP","NISP","NISP","NISP","NISP","NISP","NISP","NISP","NISP","NISP","NISP","NISP","NISP","NISP","NISP","NISP","NISP","NISP","NISP","NISP","NISP","NISP","NISP","NISP","NISP","NISP","NISP","NISP","NISP","NISP","NISP","NISP","NISP","NISP","NISP","NISP","NISP","NISP","NISP","NISP","NISP","NISP","NISP","NISP","NISP","NISP","NISP","NISP","NISP","NISP","NISP","NISP","NISP","NISP","NISP","NISP","NISP","NISP","NISP","NISP","NISP","NISP","NISP","NISP","NISP","NISP","NISP","NISP","NISP","NISP","NISP","NISP","NISP","NISP","NISP","NISP","NISP","NISP","NISP","NISP","NISP","NISP","NISP","NISP","NISP","NISP","NISP","NISP","NISP","NISP","NISP","NISP","NISP","volume","quantity added","concentration","counted","pollen","pollen","pollen","pollen","pollen","pollen","pollen","pollen","pollen","pollen","pollen","pollen","pollen","pollen","pollen","pollen","pollen","spore","spore","pollen","pollen","pollen","pollen","pollen","pollen","pollen","spore","pollen","pollen","pollen","pollen","pollen","pollen","pollen","pollen","pollen","pollen","pollen","pollen","pollen","pollen","pollen","pollen","pollen","spore","pollen","spore","pollen","pollen","pollen","pollen","pollen","pollen","pollen","pollen","pollen","pollen","pollen","spore","pollen","pollen","pollen","pollen","pollen","pollen","pollen","pollen","pollen","pollen","pollen","pollen","spore","pollen","pollen","pollen","pollen","pollen","pollen","spore","pollen","pollen","pollen","pollen","pollen","pollen","pollen","pollen","pollen","spore","pollen","pollen","pollen","pollen","pollen","pollen","pollen","pollen","pollen","pollen/spore","pollen","pollen","pollen","spore","spore","pollen","pollen","pollen","pollen","pollen","pollen","spore","pollen","pollen","pollen","pollen","pollen","pollen","pollen","pollen","spore","pollen","pollen","pollen","pollen","pollen","pollen","pollen","pollen","Lake Victoria (Shirati Bay) LV4",33.7961333333333,33.7961333333333,-1.04943333333333,-1.04943333333333,1135,6880000,"Tanzania",NA,NA,NA,NA,68,33135,"LVC18_S4","Lake Victoria LV4","Core","UWITEC piston corer","2018-10-01",NA,"Natural Lake",63,"30 km away from the shore in the Shirati Bay",NA,NA,NA,NA,NA,NA,NA,"2,10,12,3,16",44877,"8777,15357,20039,20044,9599","Gobet, E.|Grosjean, M.|Muschick, M.|Seehausen, O.|Tinner, W.",21,"Depth",15,"Carbon-14","Radiocarbon years BP",685,2,"BE-15554",12300,170,170,1,170,"False","Charcoal","","Temotzin-Loranca et al. 2023",2,20036,"Temoltzin-Loranca, Y.",12470,12130,16,9599,9599,"Tinner, Willy","Tinner, W.","Tinner","Willy","W.","Prof. Dr.","active","Paleoecology Section
Institute of Plant Sciences and Oeschger Centre for Climate Change Research
University of Bern
Altenbergrain 21
3013 Bern
Switzerland","willy.tinner@ips.unibe.ch","+4131631492","http://www.ips.unibe.ch/research/paleo/index_eng.html","",2,"true","journal article",20441,"https://doi.org/10.1016/j.palaeo.2023.111839",2023,"Temotzin-Loranca, Y., E. Gobet, B. Vannière, J.F.N. van Leeuwen, G. Wienhues, C. Courtney-Mustaphi, M. Kishe, M. Muschick, L. King, P. Misra, N. Ngoepe, B. Matthews, H. Vogel, O. Heiri, O. Seehausen, M. Grosjean, and W. Tinner. 2023. Long-term ecological successions of vegetation around Lake Victoria (East Africa) in response to latest Pleistocene and Early Holocene climate changes. Palaeogeography, Palaeoclimatology, Palaeoecology 631:111839. [DOI: https://doi.org/10.1016/j.palaeo.2023.111839]","Long-term ecological successions of vegetation around Lake Victoria (East Africa) in response to latest Pleistocene and Early Holocene climate changes","Palaeogeography, Palaeoclimatology, Palaeoecology",631,111839,2,7,"Matthews","B.","20036,8777,9974,15224,20037,18278,20038,20039,20040,20041,20042,20043,10026,9224,20044,15357,9599","Temoltzin-Loranca, Y.|Gobet, E.|Vannière, B.|van Leeuwen, J.F.N.|Wienhues, G.|Courtney-Mustaphi, C.J.|Kishe, M.|Muschick, M.|King, L.|Misra, P.|Ngoepe, N.|Matthews, B.|Vogel, H.|Heiri, O.|Seehausen, O.|Grosjean, M.|Tinner, W.",15695,"18278,8777,15357,9224,20040,20038,20043,20041,20039,20042,20044,20036,9599,15224,9974,10026,20037","Morales-Molino, C.","Courtney-Mustaphi, C.J.|Gobet, E.|Grosjean, M.|Heiri, O.|King, L.|Kishe, M.|Matthews, B.|Misra, P.|Muschick, M.|Ngoepe, N.|Seehausen, O.|Temoltzin-Loranca, Y.|Tinner, W.|van Leeuwen, J.F.N.|Vannière, B.|Vogel, H.|Wienhues, G.","Pollen","LV4 pollen",1,"Temoltzin-Loranca et al. (2023)","Calendar years BP","True",NA,"rbacon",16700,-50,NA,"Temotzin-Loranca, Y.",15,20036,"Temoltzin-Loranca, Y.",NA,NA,NA,NA,"Radiocarbon"
678,1,1,14163,1,4,9666,300,0,1,0,1,0,1,1,0,0,0,0,0,0,1,0,5,0,0,0,0,6,0,0,0,1,1,0,0,0,0,2,1,0,1,0,0,0,0,4,0,0,6,0,0,0,60,0,0,0,0,0,2,0,0,1,0,0,0,0,0,0,1,0,0,0,2,4,0,0,1,0,0,0,0,0,1,0,0,2,0,0,0,0,3,0,1,0,12,0,0,0,0,0,0,0,0,233,0,11,0,0,0,0,0,0,1,0,0,0,0,0,0,0,0,0,0,0,0,0,0,13,0,1,0,0,1,0,0,"ml","number","spores/tablet","number","NISP","NISP","NISP","NISP","NISP","NISP","NISP","NISP","NISP","NISP","NISP","NISP","NISP","NISP","NISP","NISP","NISP","NISP","NISP","NISP","NISP","NISP","NISP","NISP","NISP","NISP","NISP","NISP","NISP","NISP","NISP","NISP","NISP","NISP","NISP","NISP","NISP","NISP","NISP","NISP","NISP","NISP","NISP","NISP","NISP","NISP","NISP","NISP","NISP","NISP","NISP","NISP","NISP","NISP","NISP","NISP","NISP","NISP","NISP","NISP","NISP","NISP","NISP","NISP","NISP","NISP","NISP","NISP","NISP","NISP","NISP","NISP","NISP","NISP","NISP","NISP","NISP","NISP","NISP","NISP","NISP","NISP","NISP","NISP","NISP","NISP","NISP","NISP","NISP","NISP","NISP","NISP","NISP","NISP","NISP","NISP","NISP","NISP","NISP","NISP","NISP","NISP","NISP","NISP","NISP","NISP","NISP","NISP","NISP","NISP","NISP","NISP","NISP","NISP","NISP","NISP","NISP","NISP","NISP","NISP","NISP","NISP","NISP","NISP","NISP","NISP","NISP","NISP","volume","quantity added","concentration","counted","pollen","pollen","pollen","pollen","pollen","pollen","pollen","pollen","pollen","pollen","pollen","pollen","pollen","pollen","pollen","pollen","pollen","spore","spore","pollen","pollen","pollen","pollen","pollen","pollen","pollen","spore","pollen","pollen","pollen","pollen","pollen","pollen","pollen","pollen","pollen","pollen","pollen","pollen","pollen","pollen","pollen","pollen","pollen","spore","pollen","spore","pollen","pollen","pollen","pollen","pollen","pollen","pollen","pollen","pollen","pollen","pollen","spore","pollen","pollen","pollen","pollen","pollen","pollen","pollen","pollen","pollen","pollen","pollen","pollen","spore","pollen","pollen","pollen","pollen","pollen","pollen","spore","pollen","pollen","pollen","pollen","pollen","pollen","pollen","pollen","pollen","spore","pollen","pollen","pollen","pollen","pollen","pollen","pollen","pollen","pollen","pollen/spore","pollen","pollen","pollen","spore","spore","pollen","pollen","pollen","pollen","pollen","pollen","spore","pollen","pollen","pollen","pollen","pollen","pollen","pollen","pollen","spore","pollen","pollen","pollen","pollen","pollen","pollen","pollen","pollen","Lake Victoria (Shirati Bay) LV4",33.7961333333333,33.7961333333333,-1.04943333333333,-1.04943333333333,1135,6880000,"Tanzania",NA,NA,NA,NA,68,33135,"LVC18_S4","Lake Victoria LV4","Core","UWITEC piston corer","2018-10-01",NA,"Natural Lake",63,"30 km away from the shore in the Shirati Bay",NA,NA,NA,NA,NA,NA,NA,"2,10,12,3,16",44877,"8777,15357,20039,20044,9599","Gobet, E.|Grosjean, M.|Muschick, M.|Seehausen, O.|Tinner, W.",21,"Depth",15,"Carbon-14","Radiocarbon years BP",685,2,"BE-15554",12300,170,170,1,170,"False","Charcoal","","Temotzin-Loranca et al. 2023",2,20036,"Temoltzin-Loranca, Y.",12470,12130,16,9599,9599,"Tinner, Willy","Tinner, W.","Tinner","Willy","W.","Prof. Dr.","active","Paleoecology Section
Institute of Plant Sciences and Oeschger Centre for Climate Change Research
University of Bern
Altenbergrain 21
3013 Bern
Switzerland","willy.tinner@ips.unibe.ch","+4131631492","http://www.ips.unibe.ch/research/paleo/index_eng.html","",2,"true","journal article",20441,"https://doi.org/10.1016/j.palaeo.2023.111839",2023,"Temotzin-Loranca, Y., E. Gobet, B. Vannière, J.F.N. van Leeuwen, G. Wienhues, C. Courtney-Mustaphi, M. Kishe, M. Muschick, L. King, P. Misra, N. Ngoepe, B. Matthews, H. Vogel, O. Heiri, O. Seehausen, M. Grosjean, and W. Tinner. 2023. Long-term ecological successions of vegetation around Lake Victoria (East Africa) in response to latest Pleistocene and Early Holocene climate changes. Palaeogeography, Palaeoclimatology, Palaeoecology 631:111839. [DOI: https://doi.org/10.1016/j.palaeo.2023.111839]","Long-term ecological successions of vegetation around Lake Victoria (East Africa) in response to latest Pleistocene and Early Holocene climate changes","Palaeogeography, Palaeoclimatology, Palaeoecology",631,111839,2,7,"Matthews","B.","20036,8777,9974,15224,20037,18278,20038,20039,20040,20041,20042,20043,10026,9224,20044,15357,9599","Temoltzin-Loranca, Y.|Gobet, E.|Vannière, B.|van Leeuwen, J.F.N.|Wienhues, G.|Courtney-Mustaphi, C.J.|Kishe, M.|Muschick, M.|King, L.|Misra, P.|Ngoepe, N.|Matthews, B.|Vogel, H.|Heiri, O.|Seehausen, O.|Grosjean, M.|Tinner, W.",15695,"18278,8777,15357,9224,20040,20038,20043,20041,20039,20042,20044,20036,9599,15224,9974,10026,20037","Morales-Molino, C.","Courtney-Mustaphi, C.J.|Gobet, E.|Grosjean, M.|Heiri, O.|King, L.|Kishe, M.|Matthews, B.|Misra, P.|Muschick, M.|Ngoepe, N.|Seehausen, O.|Temoltzin-Loranca, Y.|Tinner, W.|van Leeuwen, J.F.N.|Vannière, B.|Vogel, H.|Wienhues, G.","Pollen","LV4 pollen",1,"Temoltzin-Loranca et al. (2023)","Calendar years BP","True",NA,"rbacon",16700,-50,NA,"Temotzin-Loranca, Y.",15,20036,"Temoltzin-Loranca, Y.",NA,NA,NA,NA,"Radiocarbon"
680,1,1,14205,1,4,9666,362,0,0,0,0,0,0,0,0,0,0,0,0,0,0,0,6,0,0,0,0,7,0,0,0,0,0,0,0,0,0,2,0,0,0,0,0,0,0,5,0,0,6,0,0,0,67,0,0,0,0,0,2,0,0,0,0,0,0,0,0,0,0,0,0,0,2,5,0,0,0,0,0,0,0,0,0,0,0,2,0,0,0,0,2,0,0,0,14,0,0,0,0,0,0,0,0,270,0,17,0,0,0,0,0,0,0,0,0,0,0,0,0,0,0,0,0,0,0,0,0,16,0,0,0,0,0,0,0,"ml","number","spores/tablet","number","NISP","NISP","NISP","NISP","NISP","NISP","NISP","NISP","NISP","NISP","NISP","NISP","NISP","NISP","NISP","NISP","NISP","NISP","NISP","NISP","NISP","NISP","NISP","NISP","NISP","NISP","NISP","NISP","NISP","NISP","NISP","NISP","NISP","NISP","NISP","NISP","NISP","NISP","NISP","NISP","NISP","NISP","NISP","NISP","NISP","NISP","NISP","NISP","NISP","NISP","NISP","NISP","NISP","NISP","NISP","NISP","NISP","NISP","NISP","NISP","NISP","NISP","NISP","NISP","NISP","NISP","NISP","NISP","NISP","NISP","NISP","NISP","NISP","NISP","NISP","NISP","NISP","NISP","NISP","NISP","NISP","NISP","NISP","NISP","NISP","NISP","NISP","NISP","NISP","NISP","NISP","NISP","NISP","NISP","NISP","NISP","NISP","NISP","NISP","NISP","NISP","NISP","NISP","NISP","NISP","NISP","NISP","NISP","NISP","NISP","NISP","NISP","NISP","NISP","NISP","NISP","NISP","NISP","NISP","NISP","NISP","NISP","NISP","NISP","NISP","NISP","NISP","NISP","volume","quantity added","concentration","counted","pollen","pollen","pollen","pollen","pollen","pollen","pollen","pollen","pollen","pollen","pollen","pollen","pollen","pollen","pollen","pollen","pollen","spore","spore","pollen","pollen","pollen","pollen","pollen","pollen","pollen","spore","pollen","pollen","pollen","pollen","pollen","pollen","pollen","pollen","pollen","pollen","pollen","pollen","pollen","pollen","pollen","pollen","pollen","spore","pollen","spore","pollen","pollen","pollen","pollen","pollen","pollen","pollen","pollen","pollen","pollen","pollen","spore","pollen","pollen","pollen","pollen","pollen","pollen","pollen","pollen","pollen","pollen","pollen","pollen","spore","pollen","pollen","pollen","pollen","pollen","pollen","spore","pollen","pollen","pollen","pollen","pollen","pollen","pollen","pollen","pollen","spore","pollen","pollen","pollen","pollen","pollen","pollen","pollen","pollen","pollen","pollen/spore","pollen","pollen","pollen","spore","spore","pollen","pollen","pollen","pollen","pollen","pollen","spore","pollen","pollen","pollen","pollen","pollen","pollen","pollen","pollen","spore","pollen","pollen","pollen","pollen","pollen","pollen","pollen","pollen","Lake Victoria (Shirati Bay) LV4",33.7961333333333,33.7961333333333,-1.04943333333333,-1.04943333333333,1135,6880000,"Tanzania",NA,NA,NA,NA,68,33135,"LVC18_S4","Lake Victoria LV4","Core","UWITEC piston corer","2018-10-01",NA,"Natural Lake",63,"30 km away from the shore in the Shirati Bay",NA,NA,NA,NA,NA,NA,NA,"2,10,12,3,16",44877,"8777,15357,20039,20044,9599","Gobet, E.|Grosjean, M.|Muschick, M.|Seehausen, O.|Tinner, W.",21,"Depth",15,"Carbon-14","Radiocarbon years BP",685,2,"BE-15554",12300,170,170,1,170,"False","Charcoal","","Temotzin-Loranca et al. 2023",2,20036,"Temoltzin-Loranca, Y.",12470,12130,16,9599,9599,"Tinner, Willy","Tinner, W.","Tinner","Willy","W.","Prof. Dr.","active","Paleoecology Section
Institute of Plant Sciences and Oeschger Centre for Climate Change Research
University of Bern
Altenbergrain 21
3013 Bern
Switzerland","willy.tinner@ips.unibe.ch","+4131631492","http://www.ips.unibe.ch/research/paleo/index_eng.html","",2,"true","journal article",20441,"https://doi.org/10.1016/j.palaeo.2023.111839",2023,"Temotzin-Loranca, Y., E. Gobet, B. Vannière, J.F.N. van Leeuwen, G. Wienhues, C. Courtney-Mustaphi, M. Kishe, M. Muschick, L. King, P. Misra, N. Ngoepe, B. Matthews, H. Vogel, O. Heiri, O. Seehausen, M. Grosjean, and W. Tinner. 2023. Long-term ecological successions of vegetation around Lake Victoria (East Africa) in response to latest Pleistocene and Early Holocene climate changes. Palaeogeography, Palaeoclimatology, Palaeoecology 631:111839. [DOI: https://doi.org/10.1016/j.palaeo.2023.111839]","Long-term ecological successions of vegetation around Lake Victoria (East Africa) in response to latest Pleistocene and Early Holocene climate changes","Palaeogeography, Palaeoclimatology, Palaeoecology",631,111839,2,7,"Matthews","B.","20036,8777,9974,15224,20037,18278,20038,20039,20040,20041,20042,20043,10026,9224,20044,15357,9599","Temoltzin-Loranca, Y.|Gobet, E.|Vannière, B.|van Leeuwen, J.F.N.|Wienhues, G.|Courtney-Mustaphi, C.J.|Kishe, M.|Muschick, M.|King, L.|Misra, P.|Ngoepe, N.|Matthews, B.|Vogel, H.|Heiri, O.|Seehausen, O.|Grosjean, M.|Tinner, W.",15695,"18278,8777,15357,9224,20040,20038,20043,20041,20039,20042,20044,20036,9599,15224,9974,10026,20037","Morales-Molino, C.","Courtney-Mustaphi, C.J.|Gobet, E.|Grosjean, M.|Heiri, O.|King, L.|Kishe, M.|Matthews, B.|Misra, P.|Muschick, M.|Ngoepe, N.|Seehausen, O.|Temoltzin-Loranca, Y.|Tinner, W.|van Leeuwen, J.F.N.|Vannière, B.|Vogel, H.|Wienhues, G.","Pollen","LV4 pollen",1,"Temoltzin-Loranca et al. (2023)","Calendar years BP","True",NA,"rbacon",16700,-50,NA,"Temotzin-Loranca, Y.",15,20036,"Temoltzin-Loranca, Y.",NA,NA,NA,NA,"Radiocarbon"
682,1,1,14244,1,4,9666,438,0,0,0,1,0,11,1,0,1,0,2,1,0,0,0,2,1,0,0,0,12,2,0,1,0,1,0,1,0,0,1,0,0,0,0,0,0,0,0,0,0,2,1,0,0,78,0,0,0,0,0,0,0,0,0,0,0,0,0,1,1,2,1,0,0,2,4,0,1,0,2,1,0,0,0,0,0,0,2,0,0,0,0,1,0,0,1,10,0,0,2,0,0,0,0,0,337,2,13,0,0,0,0,0,0,1,0,0,0,0,0,0,0,0,0,0,0,0,0,0,17,0,0,0,0,0,2,0,"ml","number","spores/tablet","number","NISP","NISP","NISP","NISP","NISP","NISP","NISP","NISP","NISP","NISP","NISP","NISP","NISP","NISP","NISP","NISP","NISP","NISP","NISP","NISP","NISP","NISP","NISP","NISP","NISP","NISP","NISP","NISP","NISP","NISP","NISP","NISP","NISP","NISP","NISP","NISP","NISP","NISP","NISP","NISP","NISP","NISP","NISP","NISP","NISP","NISP","NISP","NISP","NISP","NISP","NISP","NISP","NISP","NISP","NISP","NISP","NISP","NISP","NISP","NISP","NISP","NISP","NISP","NISP","NISP","NISP","NISP","NISP","NISP","NISP","NISP","NISP","NISP","NISP","NISP","NISP","NISP","NISP","NISP","NISP","NISP","NISP","NISP","NISP","NISP","NISP","NISP","NISP","NISP","NISP","NISP","NISP","NISP","NISP","NISP","NISP","NISP","NISP","NISP","NISP","NISP","NISP","NISP","NISP","NISP","NISP","NISP","NISP","NISP","NISP","NISP","NISP","NISP","NISP","NISP","NISP","NISP","NISP","NISP","NISP","NISP","NISP","NISP","NISP","NISP","NISP","NISP","NISP","volume","quantity added","concentration","counted","pollen","pollen","pollen","pollen","pollen","pollen","pollen","pollen","pollen","pollen","pollen","pollen","pollen","pollen","pollen","pollen","pollen","spore","spore","pollen","pollen","pollen","pollen","pollen","pollen","pollen","spore","pollen","pollen","pollen","pollen","pollen","pollen","pollen","pollen","pollen","pollen","pollen","pollen","pollen","pollen","pollen","pollen","pollen","spore","pollen","spore","pollen","pollen","pollen","pollen","pollen","pollen","pollen","pollen","pollen","pollen","pollen","spore","pollen","pollen","pollen","pollen","pollen","pollen","pollen","pollen","pollen","pollen","pollen","pollen","spore","pollen","pollen","pollen","pollen","pollen","pollen","spore","pollen","pollen","pollen","pollen","pollen","pollen","pollen","pollen","pollen","spore","pollen","pollen","pollen","pollen","pollen","pollen","pollen","pollen","pollen","pollen/spore","pollen","pollen","pollen","spore","spore","pollen","pollen","pollen","pollen","pollen","pollen","spore","pollen","pollen","pollen","pollen","pollen","pollen","pollen","pollen","spore","pollen","pollen","pollen","pollen","pollen","pollen","pollen","pollen","Lake Victoria (Shirati Bay) LV4",33.7961333333333,33.7961333333333,-1.04943333333333,-1.04943333333333,1135,6880000,"Tanzania",NA,NA,NA,NA,68,33135,"LVC18_S4","Lake Victoria LV4","Core","UWITEC piston corer","2018-10-01",NA,"Natural Lake",63,"30 km away from the shore in the Shirati Bay",NA,NA,NA,NA,NA,NA,NA,"2,10,12,3,16",44877,"8777,15357,20039,20044,9599","Gobet, E.|Grosjean, M.|Muschick, M.|Seehausen, O.|Tinner, W.",21,"Depth",15,"Carbon-14","Radiocarbon years BP",685,2,"BE-15554",12300,170,170,1,170,"False","Charcoal","","Temotzin-Loranca et al. 2023",2,20036,"Temoltzin-Loranca, Y.",12470,12130,17,15224,15224,"van Leeuwen, Jacqueline","van Leeuwen, J.F.N.","van Leeuwen","Jacqueline","J.F.N.","Mrs.","retired","Systematisch-GeobotanischesInstitut
Altenbergrain 21
CH-3013 Bern
SWITZERLAND","vanleeuwen@ips.unibe.ch","41 31 654925","","41 31 422059",2,"true","journal article",20441,"https://doi.org/10.1016/j.palaeo.2023.111839",2023,"Temotzin-Loranca, Y., E. Gobet, B. Vannière, J.F.N. van Leeuwen, G. Wienhues, C. Courtney-Mustaphi, M. Kishe, M. Muschick, L. King, P. Misra, N. Ngoepe, B. Matthews, H. Vogel, O. Heiri, O. Seehausen, M. Grosjean, and W. Tinner. 2023. Long-term ecological successions of vegetation around Lake Victoria (East Africa) in response to latest Pleistocene and Early Holocene climate changes. Palaeogeography, Palaeoclimatology, Palaeoecology 631:111839. [DOI: https://doi.org/10.1016/j.palaeo.2023.111839]","Long-term ecological successions of vegetation around Lake Victoria (East Africa) in response to latest Pleistocene and Early Holocene climate changes","Palaeogeography, Palaeoclimatology, Palaeoecology",631,111839,2,19,"Vogel","H.","20036,8777,9974,15224,20037,18278,20038,20039,20040,20041,20042,20043,10026,9224,20044,15357,9599","Temoltzin-Loranca, Y.|Gobet, E.|Vannière, B.|van Leeuwen, J.F.N.|Wienhues, G.|Courtney-Mustaphi, C.J.|Kishe, M.|Muschick, M.|King, L.|Misra, P.|Ngoepe, N.|Matthews, B.|Vogel, H.|Heiri, O.|Seehausen, O.|Grosjean, M.|Tinner, W.",15695,"18278,8777,15357,9224,20040,20038,20043,20041,20039,20042,20044,20036,9599,15224,9974,10026,20037","Morales-Molino, C.","Courtney-Mustaphi, C.J.|Gobet, E.|Grosjean, M.|Heiri, O.|King, L.|Kishe, M.|Matthews, B.|Misra, P.|Muschick, M.|Ngoepe, N.|Seehausen, O.|Temoltzin-Loranca, Y.|Tinner, W.|van Leeuwen, J.F.N.|Vannière, B.|Vogel, H.|Wienhues, G.","Pollen","LV4 pollen",1,"Temoltzin-Loranca et al. (2023)","Calendar years BP","True",NA,"rbacon",16700,-50,NA,"Temotzin-Loranca, Y.",15,20036,"Temoltzin-Loranca, Y.",NA,NA,NA,NA,"Radiocarbon"
683,1,1,14244,1,4,9666,438,0,0,0,1,0,0,1,0,1,0,2,1,0,0,0,2,1,0,0,0,12,2,0,1,0,1,0,1,0,0,1,0,0,0,0,0,0,0,0,0,0,2,1,0,0,78,0,0,0,0,0,0,0,0,0,0,0,0,0,1,1,2,1,0,0,2,4,0,1,0,2,1,0,0,0,0,0,0,2,0,0,0,0,1,0,0,1,10,0,0,2,0,0,0,0,0,337,2,13,0,0,0,0,0,0,1,0,0,0,0,0,0,0,0,0,0,0,0,0,0,17,0,0,0,0,0,2,0,"ml","number","spores/tablet","number","NISP","NISP","NISP","NISP","NISP","NISP","NISP","NISP","NISP","NISP","NISP","NISP","NISP","NISP","NISP","NISP","NISP","NISP","NISP","NISP","NISP","NISP","NISP","NISP","NISP","NISP","NISP","NISP","NISP","NISP","NISP","NISP","NISP","NISP","NISP","NISP","NISP","NISP","NISP","NISP","NISP","NISP","NISP","NISP","NISP","NISP","NISP","NISP","NISP","NISP","NISP","NISP","NISP","NISP","NISP","NISP","NISP","NISP","NISP","NISP","NISP","NISP","NISP","NISP","NISP","NISP","NISP","NISP","NISP","NISP","NISP","NISP","NISP","NISP","NISP","NISP","NISP","NISP","NISP","NISP","NISP","NISP","NISP","NISP","NISP","NISP","NISP","NISP","NISP","NISP","NISP","NISP","NISP","NISP","NISP","NISP","NISP","NISP","NISP","NISP","NISP","NISP","NISP","NISP","NISP","NISP","NISP","NISP","NISP","NISP","NISP","NISP","NISP","NISP","NISP","NISP","NISP","NISP","NISP","NISP","NISP","NISP","NISP","NISP","NISP","NISP","NISP","NISP","volume","quantity added","concentration","counted","pollen","pollen","pollen","pollen","pollen","pollen","pollen","pollen","pollen","pollen","pollen","pollen","pollen","pollen","pollen","pollen","pollen","spore","spore","pollen","pollen","pollen","pollen","pollen","pollen","pollen","spore","pollen","pollen","pollen","pollen","pollen","pollen","pollen","pollen","pollen","pollen","pollen","pollen","pollen","pollen","pollen","pollen","pollen","spore","pollen","spore","pollen","pollen","pollen","pollen","pollen","pollen","pollen","pollen","pollen","pollen","pollen","spore","pollen","pollen","pollen","pollen","pollen","pollen","pollen","pollen","pollen","pollen","pollen","pollen","spore","pollen","pollen","pollen","pollen","pollen","pollen","spore","pollen","pollen","pollen","pollen","pollen","pollen","pollen","pollen","pollen","spore","pollen","pollen","pollen","pollen","pollen","pollen","pollen","pollen","pollen","pollen/spore","pollen","pollen","pollen","spore","spore","pollen","pollen","pollen","pollen","pollen","pollen","spore","pollen","pollen","pollen","pollen","pollen","pollen","pollen","pollen","spore","pollen","pollen","pollen","pollen","pollen","pollen","pollen","pollen","Lake Victoria (Shirati Bay) LV4",33.7961333333333,33.7961333333333,-1.04943333333333,-1.04943333333333,1135,6880000,"Tanzania",NA,NA,NA,NA,68,33135,"LVC18_S4","Lake Victoria LV4","Core","UWITEC piston corer","2018-10-01",NA,"Natural Lake",63,"30 km away from the shore in the Shirati Bay",NA,NA,NA,NA,NA,NA,NA,"2,10,12,3,16",44877,"8777,15357,20039,20044,9599","Gobet, E.|Grosjean, M.|Muschick, M.|Seehausen, O.|Tinner, W.",21,"Depth",15,"Carbon-14","Radiocarbon years BP",685,2,"BE-15554",12300,170,170,1,170,"False","Charcoal","","Temotzin-Loranca et al. 2023",2,20036,"Temoltzin-Loranca, Y.",12470,12130,17,15224,15224,"van Leeuwen, Jacqueline","van Leeuwen, J.F.N.","van Leeuwen","Jacqueline","J.F.N.","Mrs.","retired","Systematisch-GeobotanischesInstitut
Altenbergrain 21
CH-3013 Bern
SWITZERLAND","vanleeuwen@ips.unibe.ch","41 31 654925","","41 31 422059",2,"true","journal article",20441,"https://doi.org/10.1016/j.palaeo.2023.111839",2023,"Temotzin-Loranca, Y., E. Gobet, B. Vannière, J.F.N. van Leeuwen, G. Wienhues, C. Courtney-Mustaphi, M. Kishe, M. Muschick, L. King, P. Misra, N. Ngoepe, B. Matthews, H. Vogel, O. Heiri, O. Seehausen, M. Grosjean, and W. Tinner. 2023. Long-term ecological successions of vegetation around Lake Victoria (East Africa) in response to latest Pleistocene and Early Holocene climate changes. Palaeogeography, Palaeoclimatology, Palaeoecology 631:111839. [DOI: https://doi.org/10.1016/j.palaeo.2023.111839]","Long-term ecological successions of vegetation around Lake Victoria (East Africa) in response to latest Pleistocene and Early Holocene climate changes","Palaeogeography, Palaeoclimatology, Palaeoecology",631,111839,2,19,"Vogel","H.","20036,8777,9974,15224,20037,18278,20038,20039,20040,20041,20042,20043,10026,9224,20044,15357,9599","Temoltzin-Loranca, Y.|Gobet, E.|Vannière, B.|van Leeuwen, J.F.N.|Wienhues, G.|Courtney-Mustaphi, C.J.|Kishe, M.|Muschick, M.|King, L.|Misra, P.|Ngoepe, N.|Matthews, B.|Vogel, H.|Heiri, O.|Seehausen, O.|Grosjean, M.|Tinner, W.",15695,"18278,8777,15357,9224,20040,20038,20043,20041,20039,20042,20044,20036,9599,15224,9974,10026,20037","Morales-Molino, C.","Courtney-Mustaphi, C.J.|Gobet, E.|Grosjean, M.|Heiri, O.|King, L.|Kishe, M.|Matthews, B.|Misra, P.|Muschick, M.|Ngoepe, N.|Seehausen, O.|Temoltzin-Loranca, Y.|Tinner, W.|van Leeuwen, J.F.N.|Vannière, B.|Vogel, H.|Wienhues, G.","Pollen","LV4 pollen",1,"Temoltzin-Loranca et al. (2023)","Calendar years BP","True",NA,"rbacon",16700,-50,NA,"Temotzin-Loranca, Y.",15,20036,"Temoltzin-Loranca, Y.",NA,NA,NA,NA,"Radiocarbon"
684,1,1,14280,1,4,9666,331,0,0,0,2,0,0,0,0,0,0,0,1,0,0,0,2,0,0,0,0,10,0,0,0,0,0,0,0,0,0,0,0,0,0,0,0,0,0,0,0,0,2,0,0,0,61,0,0,0,0,0,1,0,0,0,0,0,0,0,0,0,0,0,0,0,1,3,0,0,0,0,0,0,0,0,0,0,0,2,0,0,0,0,2,0,0,1,8,0,0,1,0,0,0,0,0,265,0,11,0,0,0,0,0,0,0,0,0,0,0,0,0,1,0,0,0,0,0,0,0,27,0,0,0,0,0,0,0,"ml","number","spores/tablet","number","NISP","NISP","NISP","NISP","NISP","NISP","NISP","NISP","NISP","NISP","NISP","NISP","NISP","NISP","NISP","NISP","NISP","NISP","NISP","NISP","NISP","NISP","NISP","NISP","NISP","NISP","NISP","NISP","NISP","NISP","NISP","NISP","NISP","NISP","NISP","NISP","NISP","NISP","NISP","NISP","NISP","NISP","NISP","NISP","NISP","NISP","NISP","NISP","NISP","NISP","NISP","NISP","NISP","NISP","NISP","NISP","NISP","NISP","NISP","NISP","NISP","NISP","NISP","NISP","NISP","NISP","NISP","NISP","NISP","NISP","NISP","NISP","NISP","NISP","NISP","NISP","NISP","NISP","NISP","NISP","NISP","NISP","NISP","NISP","NISP","NISP","NISP","NISP","NISP","NISP","NISP","NISP","NISP","NISP","NISP","NISP","NISP","NISP","NISP","NISP","NISP","NISP","NISP","NISP","NISP","NISP","NISP","NISP","NISP","NISP","NISP","NISP","NISP","NISP","NISP","NISP","NISP","NISP","NISP","NISP","NISP","NISP","NISP","NISP","NISP","NISP","NISP","NISP","volume","quantity added","concentration","counted","pollen","pollen","pollen","pollen","pollen","pollen","pollen","pollen","pollen","pollen","pollen","pollen","pollen","pollen","pollen","pollen","pollen","spore","spore","pollen","pollen","pollen","pollen","pollen","pollen","pollen","spore","pollen","pollen","pollen","pollen","pollen","pollen","pollen","pollen","pollen","pollen","pollen","pollen","pollen","pollen","pollen","pollen","pollen","spore","pollen","spore","pollen","pollen","pollen","pollen","pollen","pollen","pollen","pollen","pollen","pollen","pollen","spore","pollen","pollen","pollen","pollen","pollen","pollen","pollen","pollen","pollen","pollen","pollen","pollen","spore","pollen","pollen","pollen","pollen","pollen","pollen","spore","pollen","pollen","pollen","pollen","pollen","pollen","pollen","pollen","pollen","spore","pollen","pollen","pollen","pollen","pollen","pollen","pollen","pollen","pollen","pollen/spore","pollen","pollen","pollen","spore","spore","pollen","pollen","pollen","pollen","pollen","pollen","spore","pollen","pollen","pollen","pollen","pollen","pollen","pollen","pollen","spore","pollen","pollen","pollen","pollen","pollen","pollen","pollen","pollen","Lake Victoria (Shirati Bay) LV4",33.7961333333333,33.7961333333333,-1.04943333333333,-1.04943333333333,1135,6880000,"Tanzania",NA,NA,NA,NA,68,33135,"LVC18_S4","Lake Victoria LV4","Core","UWITEC piston corer","2018-10-01",NA,"Natural Lake",63,"30 km away from the shore in the Shirati Bay",NA,NA,NA,NA,NA,NA,NA,"2,10,12,3,16",44877,"8777,15357,20039,20044,9599","Gobet, E.|Grosjean, M.|Muschick, M.|Seehausen, O.|Tinner, W.",21,"Depth",15,"Carbon-14","Radiocarbon years BP",685,2,"BE-15554",12300,170,170,1,170,"False","Charcoal","","Temotzin-Loranca et al. 2023",2,20036,"Temoltzin-Loranca, Y.",12470,12130,17,15224,15224,"van Leeuwen, Jacqueline","van Leeuwen, J.F.N.","van Leeuwen","Jacqueline","J.F.N.","Mrs.","retired","Systematisch-GeobotanischesInstitut
Altenbergrain 21
CH-3013 Bern
SWITZERLAND","vanleeuwen@ips.unibe.ch","41 31 654925","","41 31 422059",2,"true","journal article",20441,"https://doi.org/10.1016/j.palaeo.2023.111839",2023,"Temotzin-Loranca, Y., E. Gobet, B. Vannière, J.F.N. van Leeuwen, G. Wienhues, C. Courtney-Mustaphi, M. Kishe, M. Muschick, L. King, P. Misra, N. Ngoepe, B. Matthews, H. Vogel, O. Heiri, O. Seehausen, M. Grosjean, and W. Tinner. 2023. Long-term ecological successions of vegetation around Lake Victoria (East Africa) in response to latest Pleistocene and Early Holocene climate changes. Palaeogeography, Palaeoclimatology, Palaeoecology 631:111839. [DOI: https://doi.org/10.1016/j.palaeo.2023.111839]","Long-term ecological successions of vegetation around Lake Victoria (East Africa) in response to latest Pleistocene and Early Holocene climate changes","Palaeogeography, Palaeoclimatology, Palaeoecology",631,111839,2,19,"Vogel","H.","20036,8777,9974,15224,20037,18278,20038,20039,20040,20041,20042,20043,10026,9224,20044,15357,9599","Temoltzin-Loranca, Y.|Gobet, E.|Vannière, B.|van Leeuwen, J.F.N.|Wienhues, G.|Courtney-Mustaphi, C.J.|Kishe, M.|Muschick, M.|King, L.|Misra, P.|Ngoepe, N.|Matthews, B.|Vogel, H.|Heiri, O.|Seehausen, O.|Grosjean, M.|Tinner, W.",15695,"18278,8777,15357,9224,20040,20038,20043,20041,20039,20042,20044,20036,9599,15224,9974,10026,20037","Morales-Molino, C.","Courtney-Mustaphi, C.J.|Gobet, E.|Grosjean, M.|Heiri, O.|King, L.|Kishe, M.|Matthews, B.|Misra, P.|Muschick, M.|Ngoepe, N.|Seehausen, O.|Temoltzin-Loranca, Y.|Tinner, W.|van Leeuwen, J.F.N.|Vannière, B.|Vogel, H.|Wienhues, G.","Pollen","LV4 pollen",1,"Temoltzin-Loranca et al. (2023)","Calendar years BP","True",NA,"rbacon",16700,-50,NA,"Temotzin-Loranca, Y.",15,20036,"Temoltzin-Loranca, Y.",NA,NA,NA,NA,"Radiocarbon"
686,1,1,14320,1,4,9666,255,0,0,0,1,0,0,0,0,0,1,1,0,0,1,0,4,0,0,0,1,5,0,0,0,0,0,0,0,0,0,2,0,0,1,2,0,0,0,2,0,0,1,0,0,0,59,0,0,0,0,0,1,0,0,0,0,0,0,0,0,0,0,0,0,0,0,2,0,0,1,0,0,0,0,0,0,0,0,1,1,0,0,0,2,0,0,0,6,0,0,1,0,0,0,0,0,205,0,4,2,1,0,0,0,1,1,0,0,0,0,0,0,0,0,0,0,0,0,0,0,22,0,0,0,0,0,1,0,"ml","number","spores/tablet","number","NISP","NISP","NISP","NISP","NISP","NISP","NISP","NISP","NISP","NISP","NISP","NISP","NISP","NISP","NISP","NISP","NISP","NISP","NISP","NISP","NISP","NISP","NISP","NISP","NISP","NISP","NISP","NISP","NISP","NISP","NISP","NISP","NISP","NISP","NISP","NISP","NISP","NISP","NISP","NISP","NISP","NISP","NISP","NISP","NISP","NISP","NISP","NISP","NISP","NISP","NISP","NISP","NISP","NISP","NISP","NISP","NISP","NISP","NISP","NISP","NISP","NISP","NISP","NISP","NISP","NISP","NISP","NISP","NISP","NISP","NISP","NISP","NISP","NISP","NISP","NISP","NISP","NISP","NISP","NISP","NISP","NISP","NISP","NISP","NISP","NISP","NISP","NISP","NISP","NISP","NISP","NISP","NISP","NISP","NISP","NISP","NISP","NISP","NISP","NISP","NISP","NISP","NISP","NISP","NISP","NISP","NISP","NISP","NISP","NISP","NISP","NISP","NISP","NISP","NISP","NISP","NISP","NISP","NISP","NISP","NISP","NISP","NISP","NISP","NISP","NISP","NISP","NISP","volume","quantity added","concentration","counted","pollen","pollen","pollen","pollen","pollen","pollen","pollen","pollen","pollen","pollen","pollen","pollen","pollen","pollen","pollen","pollen","pollen","spore","spore","pollen","pollen","pollen","pollen","pollen","pollen","pollen","spore","pollen","pollen","pollen","pollen","pollen","pollen","pollen","pollen","pollen","pollen","pollen","pollen","pollen","pollen","pollen","pollen","pollen","spore","pollen","spore","pollen","pollen","pollen","pollen","pollen","pollen","pollen","pollen","pollen","pollen","pollen","spore","pollen","pollen","pollen","pollen","pollen","pollen","pollen","pollen","pollen","pollen","pollen","pollen","spore","pollen","pollen","pollen","pollen","pollen","pollen","spore","pollen","pollen","pollen","pollen","pollen","pollen","pollen","pollen","pollen","spore","pollen","pollen","pollen","pollen","pollen","pollen","pollen","pollen","pollen","pollen/spore","pollen","pollen","pollen","spore","spore","pollen","pollen","pollen","pollen","pollen","pollen","spore","pollen","pollen","pollen","pollen","pollen","pollen","pollen","pollen","spore","pollen","pollen","pollen","pollen","pollen","pollen","pollen","pollen","Lake Victoria (Shirati Bay) LV4",33.7961333333333,33.7961333333333,-1.04943333333333,-1.04943333333333,1135,6880000,"Tanzania",NA,NA,NA,NA,68,33135,"LVC18_S4","Lake Victoria LV4","Core","UWITEC piston corer","2018-10-01",NA,"Natural Lake",63,"30 km away from the shore in the Shirati Bay",NA,NA,NA,NA,NA,NA,NA,"2,10,12,3,16",44877,"8777,15357,20039,20044,9599","Gobet, E.|Grosjean, M.|Muschick, M.|Seehausen, O.|Tinner, W.",22,"Depth",15,"Carbon-14","Radiocarbon years BP",705,2,"BE-15555",12000,210,210,1,210,"False","Charcoal","","Temotzin-Loranca et al. 2023",2,20036,"Temoltzin-Loranca, Y.",12210,11790,17,15224,15224,"van Leeuwen, Jacqueline","van Leeuwen, J.F.N.","van Leeuwen","Jacqueline","J.F.N.","Mrs.","retired","Systematisch-GeobotanischesInstitut
Altenbergrain 21
CH-3013 Bern
SWITZERLAND","vanleeuwen@ips.unibe.ch","41 31 654925","","41 31 422059",2,"true","journal article",20441,"https://doi.org/10.1016/j.palaeo.2023.111839",2023,"Temotzin-Loranca, Y., E. Gobet, B. Vannière, J.F.N. van Leeuwen, G. Wienhues, C. Courtney-Mustaphi, M. Kishe, M. Muschick, L. King, P. Misra, N. Ngoepe, B. Matthews, H. Vogel, O. Heiri, O. Seehausen, M. Grosjean, and W. Tinner. 2023. Long-term ecological successions of vegetation around Lake Victoria (East Africa) in response to latest Pleistocene and Early Holocene climate changes. Palaeogeography, Palaeoclimatology, Palaeoecology 631:111839. [DOI: https://doi.org/10.1016/j.palaeo.2023.111839]","Long-term ecological successions of vegetation around Lake Victoria (East Africa) in response to latest Pleistocene and Early Holocene climate changes","Palaeogeography, Palaeoclimatology, Palaeoecology",631,111839,2,19,"Vogel","H.","20036,8777,9974,15224,20037,18278,20038,20039,20040,20041,20042,20043,10026,9224,20044,15357,9599","Temoltzin-Loranca, Y.|Gobet, E.|Vannière, B.|van Leeuwen, J.F.N.|Wienhues, G.|Courtney-Mustaphi, C.J.|Kishe, M.|Muschick, M.|King, L.|Misra, P.|Ngoepe, N.|Matthews, B.|Vogel, H.|Heiri, O.|Seehausen, O.|Grosjean, M.|Tinner, W.",15695,"18278,8777,15357,9224,20040,20038,20043,20041,20039,20042,20044,20036,9599,15224,9974,10026,20037","Morales-Molino, C.","Courtney-Mustaphi, C.J.|Gobet, E.|Grosjean, M.|Heiri, O.|King, L.|Kishe, M.|Matthews, B.|Misra, P.|Muschick, M.|Ngoepe, N.|Seehausen, O.|Temoltzin-Loranca, Y.|Tinner, W.|van Leeuwen, J.F.N.|Vannière, B.|Vogel, H.|Wienhues, G.","Pollen","LV4 pollen",1,"Temoltzin-Loranca et al. (2023)","Calendar years BP","True",NA,"rbacon",16700,-50,NA,"Temotzin-Loranca, Y.",15,20036,"Temoltzin-Loranca, Y.",NA,NA,NA,NA,"Radiocarbon"
688,1,1,14359,1,4,9666,346,0,0,0,1,0,0,0,0,0,0,1,0,0,1,0,6,0,0,0,0,7,0,0,0,0,0,0,0,0,0,3,0,0,1,0,0,0,0,3,0,0,1,0,0,0,65,0,0,0,0,0,1,0,0,0,0,0,0,0,0,0,0,0,0,0,0,3,0,0,1,0,0,0,0,0,0,0,0,1,1,0,0,0,3,0,0,0,8,0,0,1,0,0,0,0,0,271,0,9,0,1,0,0,0,0,1,0,0,0,0,0,0,0,0,0,0,0,0,0,0,28,0,0,0,0,0,0,0,"ml","number","spores/tablet","number","NISP","NISP","NISP","NISP","NISP","NISP","NISP","NISP","NISP","NISP","NISP","NISP","NISP","NISP","NISP","NISP","NISP","NISP","NISP","NISP","NISP","NISP","NISP","NISP","NISP","NISP","NISP","NISP","NISP","NISP","NISP","NISP","NISP","NISP","NISP","NISP","NISP","NISP","NISP","NISP","NISP","NISP","NISP","NISP","NISP","NISP","NISP","NISP","NISP","NISP","NISP","NISP","NISP","NISP","NISP","NISP","NISP","NISP","NISP","NISP","NISP","NISP","NISP","NISP","NISP","NISP","NISP","NISP","NISP","NISP","NISP","NISP","NISP","NISP","NISP","NISP","NISP","NISP","NISP","NISP","NISP","NISP","NISP","NISP","NISP","NISP","NISP","NISP","NISP","NISP","NISP","NISP","NISP","NISP","NISP","NISP","NISP","NISP","NISP","NISP","NISP","NISP","NISP","NISP","NISP","NISP","NISP","NISP","NISP","NISP","NISP","NISP","NISP","NISP","NISP","NISP","NISP","NISP","NISP","NISP","NISP","NISP","NISP","NISP","NISP","NISP","NISP","NISP","volume","quantity added","concentration","counted","pollen","pollen","pollen","pollen","pollen","pollen","pollen","pollen","pollen","pollen","pollen","pollen","pollen","pollen","pollen","pollen","pollen","spore","spore","pollen","pollen","pollen","pollen","pollen","pollen","pollen","spore","pollen","pollen","pollen","pollen","pollen","pollen","pollen","pollen","pollen","pollen","pollen","pollen","pollen","pollen","pollen","pollen","pollen","spore","pollen","spore","pollen","pollen","pollen","pollen","pollen","pollen","pollen","pollen","pollen","pollen","pollen","spore","pollen","pollen","pollen","pollen","pollen","pollen","pollen","pollen","pollen","pollen","pollen","pollen","spore","pollen","pollen","pollen","pollen","pollen","pollen","spore","pollen","pollen","pollen","pollen","pollen","pollen","pollen","pollen","pollen","spore","pollen","pollen","pollen","pollen","pollen","pollen","pollen","pollen","pollen","pollen/spore","pollen","pollen","pollen","spore","spore","pollen","pollen","pollen","pollen","pollen","pollen","spore","pollen","pollen","pollen","pollen","pollen","pollen","pollen","pollen","spore","pollen","pollen","pollen","pollen","pollen","pollen","pollen","pollen","Lake Victoria (Shirati Bay) LV4",33.7961333333333,33.7961333333333,-1.04943333333333,-1.04943333333333,1135,6880000,"Tanzania",NA,NA,NA,NA,68,33135,"LVC18_S4","Lake Victoria LV4","Core","UWITEC piston corer","2018-10-01",NA,"Natural Lake",63,"30 km away from the shore in the Shirati Bay",NA,NA,NA,NA,NA,NA,NA,"2,10,12,3,16",44877,"8777,15357,20039,20044,9599","Gobet, E.|Grosjean, M.|Muschick, M.|Seehausen, O.|Tinner, W.",22,"Depth",15,"Carbon-14","Radiocarbon years BP",705,2,"BE-15555",12000,210,210,1,210,"False","Charcoal","","Temotzin-Loranca et al. 2023",2,20036,"Temoltzin-Loranca, Y.",12210,11790,17,15224,15224,"van Leeuwen, Jacqueline","van Leeuwen, J.F.N.","van Leeuwen","Jacqueline","J.F.N.","Mrs.","retired","Systematisch-GeobotanischesInstitut
Altenbergrain 21
CH-3013 Bern
SWITZERLAND","vanleeuwen@ips.unibe.ch","41 31 654925","","41 31 422059",2,"true","journal article",20441,"https://doi.org/10.1016/j.palaeo.2023.111839",2023,"Temotzin-Loranca, Y., E. Gobet, B. Vannière, J.F.N. van Leeuwen, G. Wienhues, C. Courtney-Mustaphi, M. Kishe, M. Muschick, L. King, P. Misra, N. Ngoepe, B. Matthews, H. Vogel, O. Heiri, O. Seehausen, M. Grosjean, and W. Tinner. 2023. Long-term ecological successions of vegetation around Lake Victoria (East Africa) in response to latest Pleistocene and Early Holocene climate changes. Palaeogeography, Palaeoclimatology, Palaeoecology 631:111839. [DOI: https://doi.org/10.1016/j.palaeo.2023.111839]","Long-term ecological successions of vegetation around Lake Victoria (East Africa) in response to latest Pleistocene and Early Holocene climate changes","Palaeogeography, Palaeoclimatology, Palaeoecology",631,111839,2,19,"Vogel","H.","20036,8777,9974,15224,20037,18278,20038,20039,20040,20041,20042,20043,10026,9224,20044,15357,9599","Temoltzin-Loranca, Y.|Gobet, E.|Vannière, B.|van Leeuwen, J.F.N.|Wienhues, G.|Courtney-Mustaphi, C.J.|Kishe, M.|Muschick, M.|King, L.|Misra, P.|Ngoepe, N.|Matthews, B.|Vogel, H.|Heiri, O.|Seehausen, O.|Grosjean, M.|Tinner, W.",15695,"18278,8777,15357,9224,20040,20038,20043,20041,20039,20042,20044,20036,9599,15224,9974,10026,20037","Morales-Molino, C.","Courtney-Mustaphi, C.J.|Gobet, E.|Grosjean, M.|Heiri, O.|King, L.|Kishe, M.|Matthews, B.|Misra, P.|Muschick, M.|Ngoepe, N.|Seehausen, O.|Temoltzin-Loranca, Y.|Tinner, W.|van Leeuwen, J.F.N.|Vannière, B.|Vogel, H.|Wienhues, G.","Pollen","LV4 pollen",1,"Temoltzin-Loranca et al. (2023)","Calendar years BP","True",NA,"rbacon",16700,-50,NA,"Temotzin-Loranca, Y.",15,20036,"Temoltzin-Loranca, Y.",NA,NA,NA,NA,"Radiocarbon"
690,1,1,14400,1,4,9666,284,0,1,0,0,0,1,1,0,0,0,1,1,0,0,0,5,0,1,0,1,4,0,0,0,0,0,0,0,0,0,0,0,0,0,0,0,0,0,3,0,0,1,0,0,0,74,0,0,0,0,0,1,0,0,1,0,0,0,0,0,0,1,0,0,0,0,1,0,0,1,0,0,0,0,0,0,0,0,2,0,0,0,0,1,1,0,0,5,0,0,0,0,0,0,0,0,267,2,6,0,0,0,0,0,0,3,0,1,0,0,1,0,2,0,0,0,0,0,0,0,25,0,0,0,0,0,0,0,"ml","number","spores/tablet","number","NISP","NISP","NISP","NISP","NISP","NISP","NISP","NISP","NISP","NISP","NISP","NISP","NISP","NISP","NISP","NISP","NISP","NISP","NISP","NISP","NISP","NISP","NISP","NISP","NISP","NISP","NISP","NISP","NISP","NISP","NISP","NISP","NISP","NISP","NISP","NISP","NISP","NISP","NISP","NISP","NISP","NISP","NISP","NISP","NISP","NISP","NISP","NISP","NISP","NISP","NISP","NISP","NISP","NISP","NISP","NISP","NISP","NISP","NISP","NISP","NISP","NISP","NISP","NISP","NISP","NISP","NISP","NISP","NISP","NISP","NISP","NISP","NISP","NISP","NISP","NISP","NISP","NISP","NISP","NISP","NISP","NISP","NISP","NISP","NISP","NISP","NISP","NISP","NISP","NISP","NISP","NISP","NISP","NISP","NISP","NISP","NISP","NISP","NISP","NISP","NISP","NISP","NISP","NISP","NISP","NISP","NISP","NISP","NISP","NISP","NISP","NISP","NISP","NISP","NISP","NISP","NISP","NISP","NISP","NISP","NISP","NISP","NISP","NISP","NISP","NISP","NISP","NISP","volume","quantity added","concentration","counted","pollen","pollen","pollen","pollen","pollen","pollen","pollen","pollen","pollen","pollen","pollen","pollen","pollen","pollen","pollen","pollen","pollen","spore","spore","pollen","pollen","pollen","pollen","pollen","pollen","pollen","spore","pollen","pollen","pollen","pollen","pollen","pollen","pollen","pollen","pollen","pollen","pollen","pollen","pollen","pollen","pollen","pollen","pollen","spore","pollen","spore","pollen","pollen","pollen","pollen","pollen","pollen","pollen","pollen","pollen","pollen","pollen","spore","pollen","pollen","pollen","pollen","pollen","pollen","pollen","pollen","pollen","pollen","pollen","pollen","spore","pollen","pollen","pollen","pollen","pollen","pollen","spore","pollen","pollen","pollen","pollen","pollen","pollen","pollen","pollen","pollen","spore","pollen","pollen","pollen","pollen","pollen","pollen","pollen","pollen","pollen","pollen/spore","pollen","pollen","pollen","spore","spore","pollen","pollen","pollen","pollen","pollen","pollen","spore","pollen","pollen","pollen","pollen","pollen","pollen","pollen","pollen","spore","pollen","pollen","pollen","pollen","pollen","pollen","pollen","pollen","Lake Victoria (Shirati Bay) LV4",33.7961333333333,33.7961333333333,-1.04943333333333,-1.04943333333333,1135,6880000,"Tanzania",NA,NA,NA,NA,68,33135,"LVC18_S4","Lake Victoria LV4","Core","UWITEC piston corer","2018-10-01",NA,"Natural Lake",63,"30 km away from the shore in the Shirati Bay",NA,NA,NA,NA,NA,NA,NA,"2,10,12,3,16",44877,"8777,15357,20039,20044,9599","Gobet, E.|Grosjean, M.|Muschick, M.|Seehausen, O.|Tinner, W.",22,"Depth",15,"Carbon-14","Radiocarbon years BP",705,2,"BE-15555",12000,210,210,1,210,"False","Charcoal","","Temotzin-Loranca et al. 2023",2,20036,"Temoltzin-Loranca, Y.",12210,11790,17,15224,15224,"van Leeuwen, Jacqueline","van Leeuwen, J.F.N.","van Leeuwen","Jacqueline","J.F.N.","Mrs.","retired","Systematisch-GeobotanischesInstitut
Altenbergrain 21
CH-3013 Bern
SWITZERLAND","vanleeuwen@ips.unibe.ch","41 31 654925","","41 31 422059",2,"true","journal article",20441,"https://doi.org/10.1016/j.palaeo.2023.111839",2023,"Temotzin-Loranca, Y., E. Gobet, B. Vannière, J.F.N. van Leeuwen, G. Wienhues, C. Courtney-Mustaphi, M. Kishe, M. Muschick, L. King, P. Misra, N. Ngoepe, B. Matthews, H. Vogel, O. Heiri, O. Seehausen, M. Grosjean, and W. Tinner. 2023. Long-term ecological successions of vegetation around Lake Victoria (East Africa) in response to latest Pleistocene and Early Holocene climate changes. Palaeogeography, Palaeoclimatology, Palaeoecology 631:111839. [DOI: https://doi.org/10.1016/j.palaeo.2023.111839]","Long-term ecological successions of vegetation around Lake Victoria (East Africa) in response to latest Pleistocene and Early Holocene climate changes","Palaeogeography, Palaeoclimatology, Palaeoecology",631,111839,2,19,"Vogel","H.","20036,8777,9974,15224,20037,18278,20038,20039,20040,20041,20042,20043,10026,9224,20044,15357,9599","Temoltzin-Loranca, Y.|Gobet, E.|Vannière, B.|van Leeuwen, J.F.N.|Wienhues, G.|Courtney-Mustaphi, C.J.|Kishe, M.|Muschick, M.|King, L.|Misra, P.|Ngoepe, N.|Matthews, B.|Vogel, H.|Heiri, O.|Seehausen, O.|Grosjean, M.|Tinner, W.",15695,"18278,8777,15357,9224,20040,20038,20043,20041,20039,20042,20044,20036,9599,15224,9974,10026,20037","Morales-Molino, C.","Courtney-Mustaphi, C.J.|Gobet, E.|Grosjean, M.|Heiri, O.|King, L.|Kishe, M.|Matthews, B.|Misra, P.|Muschick, M.|Ngoepe, N.|Seehausen, O.|Temoltzin-Loranca, Y.|Tinner, W.|van Leeuwen, J.F.N.|Vannière, B.|Vogel, H.|Wienhues, G.","Pollen","LV4 pollen",1,"Temoltzin-Loranca et al. (2023)","Calendar years BP","True",NA,"rbacon",16700,-50,NA,"Temotzin-Loranca, Y.",15,20036,"Temoltzin-Loranca, Y.",NA,NA,NA,NA,"Radiocarbon"
692,1,1,14439,1,4,9666,351,0,0,0,0,0,0,0,0,0,0,1,1,0,0,0,5,0,0,0,1,4,0,0,0,0,0,0,0,0,0,0,0,0,0,0,0,0,0,3,0,0,1,0,0,0,79,0,0,0,0,0,1,0,0,1,0,0,0,0,0,0,1,0,0,0,0,1,0,0,1,0,0,0,0,0,0,0,0,2,0,0,0,0,1,1,0,0,5,0,0,0,0,0,0,0,0,283,2,0,0,0,0,0,0,0,3,0,0,0,0,0,0,0,0,0,0,0,0,0,0,27,0,0,0,0,0,0,0,"ml","number","spores/tablet","number","NISP","NISP","NISP","NISP","NISP","NISP","NISP","NISP","NISP","NISP","NISP","NISP","NISP","NISP","NISP","NISP","NISP","NISP","NISP","NISP","NISP","NISP","NISP","NISP","NISP","NISP","NISP","NISP","NISP","NISP","NISP","NISP","NISP","NISP","NISP","NISP","NISP","NISP","NISP","NISP","NISP","NISP","NISP","NISP","NISP","NISP","NISP","NISP","NISP","NISP","NISP","NISP","NISP","NISP","NISP","NISP","NISP","NISP","NISP","NISP","NISP","NISP","NISP","NISP","NISP","NISP","NISP","NISP","NISP","NISP","NISP","NISP","NISP","NISP","NISP","NISP","NISP","NISP","NISP","NISP","NISP","NISP","NISP","NISP","NISP","NISP","NISP","NISP","NISP","NISP","NISP","NISP","NISP","NISP","NISP","NISP","NISP","NISP","NISP","NISP","NISP","NISP","NISP","NISP","NISP","NISP","NISP","NISP","NISP","NISP","NISP","NISP","NISP","NISP","NISP","NISP","NISP","NISP","NISP","NISP","NISP","NISP","NISP","NISP","NISP","NISP","NISP","NISP","volume","quantity added","concentration","counted","pollen","pollen","pollen","pollen","pollen","pollen","pollen","pollen","pollen","pollen","pollen","pollen","pollen","pollen","pollen","pollen","pollen","spore","spore","pollen","pollen","pollen","pollen","pollen","pollen","pollen","spore","pollen","pollen","pollen","pollen","pollen","pollen","pollen","pollen","pollen","pollen","pollen","pollen","pollen","pollen","pollen","pollen","pollen","spore","pollen","spore","pollen","pollen","pollen","pollen","pollen","pollen","pollen","pollen","pollen","pollen","pollen","spore","pollen","pollen","pollen","pollen","pollen","pollen","pollen","pollen","pollen","pollen","pollen","pollen","spore","pollen","pollen","pollen","pollen","pollen","pollen","spore","pollen","pollen","pollen","pollen","pollen","pollen","pollen","pollen","pollen","spore","pollen","pollen","pollen","pollen","pollen","pollen","pollen","pollen","pollen","pollen/spore","pollen","pollen","pollen","spore","spore","pollen","pollen","pollen","pollen","pollen","pollen","spore","pollen","pollen","pollen","pollen","pollen","pollen","pollen","pollen","spore","pollen","pollen","pollen","pollen","pollen","pollen","pollen","pollen","Lake Victoria (Shirati Bay) LV4",33.7961333333333,33.7961333333333,-1.04943333333333,-1.04943333333333,1135,6880000,"Tanzania",NA,NA,NA,NA,68,33135,"LVC18_S4","Lake Victoria LV4","Core","UWITEC piston corer","2018-10-01",NA,"Natural Lake",63,"30 km away from the shore in the Shirati Bay",NA,NA,NA,NA,NA,NA,NA,"2,10,12,3,16",44877,"8777,15357,20039,20044,9599","Gobet, E.|Grosjean, M.|Muschick, M.|Seehausen, O.|Tinner, W.",22,"Depth",15,"Carbon-14","Radiocarbon years BP",705,2,"BE-15555",12000,210,210,1,210,"False","Charcoal","","Temotzin-Loranca et al. 2023",2,20036,"Temoltzin-Loranca, Y.",12210,11790,17,15224,15224,"van Leeuwen, Jacqueline","van Leeuwen, J.F.N.","van Leeuwen","Jacqueline","J.F.N.","Mrs.","retired","Systematisch-GeobotanischesInstitut
Altenbergrain 21
CH-3013 Bern
SWITZERLAND","vanleeuwen@ips.unibe.ch","41 31 654925","","41 31 422059",2,"true","journal article",20441,"https://doi.org/10.1016/j.palaeo.2023.111839",2023,"Temotzin-Loranca, Y., E. Gobet, B. Vannière, J.F.N. van Leeuwen, G. Wienhues, C. Courtney-Mustaphi, M. Kishe, M. Muschick, L. King, P. Misra, N. Ngoepe, B. Matthews, H. Vogel, O. Heiri, O. Seehausen, M. Grosjean, and W. Tinner. 2023. Long-term ecological successions of vegetation around Lake Victoria (East Africa) in response to latest Pleistocene and Early Holocene climate changes. Palaeogeography, Palaeoclimatology, Palaeoecology 631:111839. [DOI: https://doi.org/10.1016/j.palaeo.2023.111839]","Long-term ecological successions of vegetation around Lake Victoria (East Africa) in response to latest Pleistocene and Early Holocene climate changes","Palaeogeography, Palaeoclimatology, Palaeoecology",631,111839,2,4,"Heiri","O.","20036,8777,9974,15224,20037,18278,20038,20039,20040,20041,20042,20043,10026,9224,20044,15357,9599","Temoltzin-Loranca, Y.|Gobet, E.|Vannière, B.|van Leeuwen, J.F.N.|Wienhues, G.|Courtney-Mustaphi, C.J.|Kishe, M.|Muschick, M.|King, L.|Misra, P.|Ngoepe, N.|Matthews, B.|Vogel, H.|Heiri, O.|Seehausen, O.|Grosjean, M.|Tinner, W.",15695,"18278,8777,15357,9224,20040,20038,20043,20041,20039,20042,20044,20036,9599,15224,9974,10026,20037","Morales-Molino, C.","Courtney-Mustaphi, C.J.|Gobet, E.|Grosjean, M.|Heiri, O.|King, L.|Kishe, M.|Matthews, B.|Misra, P.|Muschick, M.|Ngoepe, N.|Seehausen, O.|Temoltzin-Loranca, Y.|Tinner, W.|van Leeuwen, J.F.N.|Vannière, B.|Vogel, H.|Wienhues, G.","Pollen","LV4 pollen",1,"Temoltzin-Loranca et al. (2023)","Calendar years BP","True",NA,"rbacon",16700,-50,NA,"Temotzin-Loranca, Y.",15,20036,"Temoltzin-Loranca, Y.",NA,NA,NA,NA,"Radiocarbon"
694,1,1,14480,1,4,9666,256,0,0,0,0,0,0,1,0,0,0,0,0,0,0,0,2,0,0,0,0,9,1,0,0,0,0,0,1,0,0,1,0,0,0,0,0,0,0,1,0,0,1,0,0,0,59,0,0,0,0,0,3,0,0,0,0,0,0,0,0,0,1,0,0,0,2,0,0,0,1,1,0,1,0,0,0,0,0,5,0,0,0,0,1,0,0,0,12,0,0,0,0,0,0,0,0,210,1,5,0,0,0,0,0,1,2,0,0,0,0,0,0,1,0,0,0,0,0,0,0,13,0,0,0,0,2,0,0,"ml","number","spores/tablet","number","NISP","NISP","NISP","NISP","NISP","NISP","NISP","NISP","NISP","NISP","NISP","NISP","NISP","NISP","NISP","NISP","NISP","NISP","NISP","NISP","NISP","NISP","NISP","NISP","NISP","NISP","NISP","NISP","NISP","NISP","NISP","NISP","NISP","NISP","NISP","NISP","NISP","NISP","NISP","NISP","NISP","NISP","NISP","NISP","NISP","NISP","NISP","NISP","NISP","NISP","NISP","NISP","NISP","NISP","NISP","NISP","NISP","NISP","NISP","NISP","NISP","NISP","NISP","NISP","NISP","NISP","NISP","NISP","NISP","NISP","NISP","NISP","NISP","NISP","NISP","NISP","NISP","NISP","NISP","NISP","NISP","NISP","NISP","NISP","NISP","NISP","NISP","NISP","NISP","NISP","NISP","NISP","NISP","NISP","NISP","NISP","NISP","NISP","NISP","NISP","NISP","NISP","NISP","NISP","NISP","NISP","NISP","NISP","NISP","NISP","NISP","NISP","NISP","NISP","NISP","NISP","NISP","NISP","NISP","NISP","NISP","NISP","NISP","NISP","NISP","NISP","NISP","NISP","volume","quantity added","concentration","counted","pollen","pollen","pollen","pollen","pollen","pollen","pollen","pollen","pollen","pollen","pollen","pollen","pollen","pollen","pollen","pollen","pollen","spore","spore","pollen","pollen","pollen","pollen","pollen","pollen","pollen","spore","pollen","pollen","pollen","pollen","pollen","pollen","pollen","pollen","pollen","pollen","pollen","pollen","pollen","pollen","pollen","pollen","pollen","spore","pollen","spore","pollen","pollen","pollen","pollen","pollen","pollen","pollen","pollen","pollen","pollen","pollen","spore","pollen","pollen","pollen","pollen","pollen","pollen","pollen","pollen","pollen","pollen","pollen","pollen","spore","pollen","pollen","pollen","pollen","pollen","pollen","spore","pollen","pollen","pollen","pollen","pollen","pollen","pollen","pollen","pollen","spore","pollen","pollen","pollen","pollen","pollen","pollen","pollen","pollen","pollen","pollen/spore","pollen","pollen","pollen","spore","spore","pollen","pollen","pollen","pollen","pollen","pollen","spore","pollen","pollen","pollen","pollen","pollen","pollen","pollen","pollen","spore","pollen","pollen","pollen","pollen","pollen","pollen","pollen","pollen","Lake Victoria (Shirati Bay) LV4",33.7961333333333,33.7961333333333,-1.04943333333333,-1.04943333333333,1135,6880000,"Tanzania",NA,NA,NA,NA,68,33135,"LVC18_S4","Lake Victoria LV4","Core","UWITEC piston corer","2018-10-01",NA,"Natural Lake",63,"30 km away from the shore in the Shirati Bay",NA,NA,NA,NA,NA,NA,NA,"2,10,12,3,16",44877,"8777,15357,20039,20044,9599","Gobet, E.|Grosjean, M.|Muschick, M.|Seehausen, O.|Tinner, W.",22,"Depth",15,"Carbon-14","Radiocarbon years BP",705,2,"BE-15555",12000,210,210,1,210,"False","Charcoal","","Temotzin-Loranca et al. 2023",2,20036,"Temoltzin-Loranca, Y.",12210,11790,17,15224,15224,"van Leeuwen, Jacqueline","van Leeuwen, J.F.N.","van Leeuwen","Jacqueline","J.F.N.","Mrs.","retired","Systematisch-GeobotanischesInstitut
Altenbergrain 21
CH-3013 Bern
SWITZERLAND","vanleeuwen@ips.unibe.ch","41 31 654925","","41 31 422059",2,"true","journal article",20441,"https://doi.org/10.1016/j.palaeo.2023.111839",2023,"Temotzin-Loranca, Y., E. Gobet, B. Vannière, J.F.N. van Leeuwen, G. Wienhues, C. Courtney-Mustaphi, M. Kishe, M. Muschick, L. King, P. Misra, N. Ngoepe, B. Matthews, H. Vogel, O. Heiri, O. Seehausen, M. Grosjean, and W. Tinner. 2023. Long-term ecological successions of vegetation around Lake Victoria (East Africa) in response to latest Pleistocene and Early Holocene climate changes. Palaeogeography, Palaeoclimatology, Palaeoecology 631:111839. [DOI: https://doi.org/10.1016/j.palaeo.2023.111839]","Long-term ecological successions of vegetation around Lake Victoria (East Africa) in response to latest Pleistocene and Early Holocene climate changes","Palaeogeography, Palaeoclimatology, Palaeoecology",631,111839,2,4,"Heiri","O.","20036,8777,9974,15224,20037,18278,20038,20039,20040,20041,20042,20043,10026,9224,20044,15357,9599","Temoltzin-Loranca, Y.|Gobet, E.|Vannière, B.|van Leeuwen, J.F.N.|Wienhues, G.|Courtney-Mustaphi, C.J.|Kishe, M.|Muschick, M.|King, L.|Misra, P.|Ngoepe, N.|Matthews, B.|Vogel, H.|Heiri, O.|Seehausen, O.|Grosjean, M.|Tinner, W.",15695,"18278,8777,15357,9224,20040,20038,20043,20041,20039,20042,20044,20036,9599,15224,9974,10026,20037","Morales-Molino, C.","Courtney-Mustaphi, C.J.|Gobet, E.|Grosjean, M.|Heiri, O.|King, L.|Kishe, M.|Matthews, B.|Misra, P.|Muschick, M.|Ngoepe, N.|Seehausen, O.|Temoltzin-Loranca, Y.|Tinner, W.|van Leeuwen, J.F.N.|Vannière, B.|Vogel, H.|Wienhues, G.","Pollen","LV4 pollen",1,"Temoltzin-Loranca et al. (2023)","Calendar years BP","True",NA,"rbacon",16700,-50,NA,"Temotzin-Loranca, Y.",15,20036,"Temoltzin-Loranca, Y.",NA,NA,NA,NA,"Radiocarbon"
696,1,1,14516,1,4,9666,417,1,0,0,1,0,1,0,0,1,1,2,0,0,1,0,13,0,1,0,0,8,1,0,0,0,1,0,1,0,0,0,0,0,0,0,0,0,0,6,0,0,2,0,0,0,99,0,0,0,0,0,1,0,0,0,0,0,0,0,1,0,1,0,0,0,2,5,1,0,1,0,0,1,0,0,0,0,0,2,0,0,0,1,3,0,0,0,18,0,0,0,0,1,0,0,0,303,1,10,0,1,0,0,0,0,1,0,1,0,0,0,0,0,0,0,0,0,0,0,0,17,1,0,0,0,0,1,0,"ml","number","spores/tablet","number","NISP","NISP","NISP","NISP","NISP","NISP","NISP","NISP","NISP","NISP","NISP","NISP","NISP","NISP","NISP","NISP","NISP","NISP","NISP","NISP","NISP","NISP","NISP","NISP","NISP","NISP","NISP","NISP","NISP","NISP","NISP","NISP","NISP","NISP","NISP","NISP","NISP","NISP","NISP","NISP","NISP","NISP","NISP","NISP","NISP","NISP","NISP","NISP","NISP","NISP","NISP","NISP","NISP","NISP","NISP","NISP","NISP","NISP","NISP","NISP","NISP","NISP","NISP","NISP","NISP","NISP","NISP","NISP","NISP","NISP","NISP","NISP","NISP","NISP","NISP","NISP","NISP","NISP","NISP","NISP","NISP","NISP","NISP","NISP","NISP","NISP","NISP","NISP","NISP","NISP","NISP","NISP","NISP","NISP","NISP","NISP","NISP","NISP","NISP","NISP","NISP","NISP","NISP","NISP","NISP","NISP","NISP","NISP","NISP","NISP","NISP","NISP","NISP","NISP","NISP","NISP","NISP","NISP","NISP","NISP","NISP","NISP","NISP","NISP","NISP","NISP","NISP","NISP","volume","quantity added","concentration","counted","pollen","pollen","pollen","pollen","pollen","pollen","pollen","pollen","pollen","pollen","pollen","pollen","pollen","pollen","pollen","pollen","pollen","spore","spore","pollen","pollen","pollen","pollen","pollen","pollen","pollen","spore","pollen","pollen","pollen","pollen","pollen","pollen","pollen","pollen","pollen","pollen","pollen","pollen","pollen","pollen","pollen","pollen","pollen","spore","pollen","spore","pollen","pollen","pollen","pollen","pollen","pollen","pollen","pollen","pollen","pollen","pollen","spore","pollen","pollen","pollen","pollen","pollen","pollen","pollen","pollen","pollen","pollen","pollen","pollen","spore","pollen","pollen","pollen","pollen","pollen","pollen","spore","pollen","pollen","pollen","pollen","pollen","pollen","pollen","pollen","pollen","spore","pollen","pollen","pollen","pollen","pollen","pollen","pollen","pollen","pollen","pollen/spore","pollen","pollen","pollen","spore","spore","pollen","pollen","pollen","pollen","pollen","pollen","spore","pollen","pollen","pollen","pollen","pollen","pollen","pollen","pollen","spore","pollen","pollen","pollen","pollen","pollen","pollen","pollen","pollen","Lake Victoria (Shirati Bay) LV4",33.7961333333333,33.7961333333333,-1.04943333333333,-1.04943333333333,1135,6880000,"Tanzania",NA,NA,NA,NA,68,33135,"LVC18_S4","Lake Victoria LV4","Core","UWITEC piston corer","2018-10-01",NA,"Natural Lake",63,"30 km away from the shore in the Shirati Bay",NA,NA,NA,NA,NA,NA,NA,"2,10,12,3,16",44877,"8777,15357,20039,20044,9599","Gobet, E.|Grosjean, M.|Muschick, M.|Seehausen, O.|Tinner, W.",22,"Depth",15,"Carbon-14","Radiocarbon years BP",705,2,"BE-15555",12000,210,210,1,210,"False","Charcoal","","Temotzin-Loranca et al. 2023",2,20036,"Temoltzin-Loranca, Y.",12210,11790,17,15224,15224,"van Leeuwen, Jacqueline","van Leeuwen, J.F.N.","van Leeuwen","Jacqueline","J.F.N.","Mrs.","retired","Systematisch-GeobotanischesInstitut
Altenbergrain 21
CH-3013 Bern
SWITZERLAND","vanleeuwen@ips.unibe.ch","41 31 654925","","41 31 422059",2,"true","journal article",20441,"https://doi.org/10.1016/j.palaeo.2023.111839",2023,"Temotzin-Loranca, Y., E. Gobet, B. Vannière, J.F.N. van Leeuwen, G. Wienhues, C. Courtney-Mustaphi, M. Kishe, M. Muschick, L. King, P. Misra, N. Ngoepe, B. Matthews, H. Vogel, O. Heiri, O. Seehausen, M. Grosjean, and W. Tinner. 2023. Long-term ecological successions of vegetation around Lake Victoria (East Africa) in response to latest Pleistocene and Early Holocene climate changes. Palaeogeography, Palaeoclimatology, Palaeoecology 631:111839. [DOI: https://doi.org/10.1016/j.palaeo.2023.111839]","Long-term ecological successions of vegetation around Lake Victoria (East Africa) in response to latest Pleistocene and Early Holocene climate changes","Palaeogeography, Palaeoclimatology, Palaeoecology",631,111839,2,4,"Heiri","O.","20036,8777,9974,15224,20037,18278,20038,20039,20040,20041,20042,20043,10026,9224,20044,15357,9599","Temoltzin-Loranca, Y.|Gobet, E.|Vannière, B.|van Leeuwen, J.F.N.|Wienhues, G.|Courtney-Mustaphi, C.J.|Kishe, M.|Muschick, M.|King, L.|Misra, P.|Ngoepe, N.|Matthews, B.|Vogel, H.|Heiri, O.|Seehausen, O.|Grosjean, M.|Tinner, W.",15695,"18278,8777,15357,9224,20040,20038,20043,20041,20039,20042,20044,20036,9599,15224,9974,10026,20037","Morales-Molino, C.","Courtney-Mustaphi, C.J.|Gobet, E.|Grosjean, M.|Heiri, O.|King, L.|Kishe, M.|Matthews, B.|Misra, P.|Muschick, M.|Ngoepe, N.|Seehausen, O.|Temoltzin-Loranca, Y.|Tinner, W.|van Leeuwen, J.F.N.|Vannière, B.|Vogel, H.|Wienhues, G.","Pollen","LV4 pollen",1,"Temoltzin-Loranca et al. (2023)","Calendar years BP","True",NA,"rbacon",16700,-50,NA,"Temotzin-Loranca, Y.",15,20036,"Temoltzin-Loranca, Y.",NA,NA,NA,NA,"Radiocarbon"
698,1,1,14551,1,4,9666,75,0,0,0,0,0,1,0,0,0,0,0,0,0,0,0,3,0,0,0,0,1,0,0,0,0,0,0,0,0,0,2,1,0,0,0,0,0,0,0,0,0,0,0,0,0,25,0,0,0,0,0,0,0,0,0,0,0,0,0,1,0,0,0,0,0,0,2,0,0,2,0,0,1,0,0,0,0,0,2,0,0,0,0,1,0,0,0,4,0,0,0,0,0,0,0,0,100,1,0,0,0,0,0,0,0,0,0,0,0,0,0,0,0,0,0,0,0,0,0,0,6,0,0,0,0,0,0,0,"ml","number","spores/tablet","number","NISP","NISP","NISP","NISP","NISP","NISP","NISP","NISP","NISP","NISP","NISP","NISP","NISP","NISP","NISP","NISP","NISP","NISP","NISP","NISP","NISP","NISP","NISP","NISP","NISP","NISP","NISP","NISP","NISP","NISP","NISP","NISP","NISP","NISP","NISP","NISP","NISP","NISP","NISP","NISP","NISP","NISP","NISP","NISP","NISP","NISP","NISP","NISP","NISP","NISP","NISP","NISP","NISP","NISP","NISP","NISP","NISP","NISP","NISP","NISP","NISP","NISP","NISP","NISP","NISP","NISP","NISP","NISP","NISP","NISP","NISP","NISP","NISP","NISP","NISP","NISP","NISP","NISP","NISP","NISP","NISP","NISP","NISP","NISP","NISP","NISP","NISP","NISP","NISP","NISP","NISP","NISP","NISP","NISP","NISP","NISP","NISP","NISP","NISP","NISP","NISP","NISP","NISP","NISP","NISP","NISP","NISP","NISP","NISP","NISP","NISP","NISP","NISP","NISP","NISP","NISP","NISP","NISP","NISP","NISP","NISP","NISP","NISP","NISP","NISP","NISP","NISP","NISP","volume","quantity added","concentration","counted","pollen","pollen","pollen","pollen","pollen","pollen","pollen","pollen","pollen","pollen","pollen","pollen","pollen","pollen","pollen","pollen","pollen","spore","spore","pollen","pollen","pollen","pollen","pollen","pollen","pollen","spore","pollen","pollen","pollen","pollen","pollen","pollen","pollen","pollen","pollen","pollen","pollen","pollen","pollen","pollen","pollen","pollen","pollen","spore","pollen","spore","pollen","pollen","pollen","pollen","pollen","pollen","pollen","pollen","pollen","pollen","pollen","spore","pollen","pollen","pollen","pollen","pollen","pollen","pollen","pollen","pollen","pollen","pollen","pollen","spore","pollen","pollen","pollen","pollen","pollen","pollen","spore","pollen","pollen","pollen","pollen","pollen","pollen","pollen","pollen","pollen","spore","pollen","pollen","pollen","pollen","pollen","pollen","pollen","pollen","pollen","pollen/spore","pollen","pollen","pollen","spore","spore","pollen","pollen","pollen","pollen","pollen","pollen","spore","pollen","pollen","pollen","pollen","pollen","pollen","pollen","pollen","spore","pollen","pollen","pollen","pollen","pollen","pollen","pollen","pollen","Lake Victoria (Shirati Bay) LV4",33.7961333333333,33.7961333333333,-1.04943333333333,-1.04943333333333,1135,6880000,"Tanzania",NA,NA,NA,NA,68,33135,"LVC18_S4","Lake Victoria LV4","Core","UWITEC piston corer","2018-10-01",NA,"Natural Lake",63,"30 km away from the shore in the Shirati Bay",NA,NA,NA,NA,NA,NA,NA,"2,10,12,3,16",44877,"8777,15357,20039,20044,9599","Gobet, E.|Grosjean, M.|Muschick, M.|Seehausen, O.|Tinner, W.",22,"Depth",15,"Carbon-14","Radiocarbon years BP",705,2,"BE-15555",12000,210,210,1,210,"False","Charcoal","","Temotzin-Loranca et al. 2023",2,20036,"Temoltzin-Loranca, Y.",12210,11790,18,9974,9974,"Vannière, Boris","Vannière, B.","Vannière","Boris","B.","Dr.","active","UMR 6249 Laboratoire Chrono-Environnement
Université de Franche-Comté
route de Gray
25030, Besançon
France","boris.vanniere@univ-fcomte.fr","","","",2,"true","journal article",20441,"https://doi.org/10.1016/j.palaeo.2023.111839",2023,"Temotzin-Loranca, Y., E. Gobet, B. Vannière, J.F.N. van Leeuwen, G. Wienhues, C. Courtney-Mustaphi, M. Kishe, M. Muschick, L. King, P. Misra, N. Ngoepe, B. Matthews, H. Vogel, O. Heiri, O. Seehausen, M. Grosjean, and W. Tinner. 2023. Long-term ecological successions of vegetation around Lake Victoria (East Africa) in response to latest Pleistocene and Early Holocene climate changes. Palaeogeography, Palaeoclimatology, Palaeoecology 631:111839. [DOI: https://doi.org/10.1016/j.palaeo.2023.111839]","Long-term ecological successions of vegetation around Lake Victoria (East Africa) in response to latest Pleistocene and Early Holocene climate changes","Palaeogeography, Palaeoclimatology, Palaeoecology",631,111839,2,4,"Heiri","O.","20036,8777,9974,15224,20037,18278,20038,20039,20040,20041,20042,20043,10026,9224,20044,15357,9599","Temoltzin-Loranca, Y.|Gobet, E.|Vannière, B.|van Leeuwen, J.F.N.|Wienhues, G.|Courtney-Mustaphi, C.J.|Kishe, M.|Muschick, M.|King, L.|Misra, P.|Ngoepe, N.|Matthews, B.|Vogel, H.|Heiri, O.|Seehausen, O.|Grosjean, M.|Tinner, W.",15695,"18278,8777,15357,9224,20040,20038,20043,20041,20039,20042,20044,20036,9599,15224,9974,10026,20037","Morales-Molino, C.","Courtney-Mustaphi, C.J.|Gobet, E.|Grosjean, M.|Heiri, O.|King, L.|Kishe, M.|Matthews, B.|Misra, P.|Muschick, M.|Ngoepe, N.|Seehausen, O.|Temoltzin-Loranca, Y.|Tinner, W.|van Leeuwen, J.F.N.|Vannière, B.|Vogel, H.|Wienhues, G.","Pollen","LV4 pollen",1,"Temoltzin-Loranca et al. (2023)","Calendar years BP","True",NA,"rbacon",16700,-50,NA,"Temotzin-Loranca, Y.",15,20036,"Temoltzin-Loranca, Y.",NA,NA,NA,NA,"Radiocarbon"
700,1,1,14584,1,4,9666,305,0,0,0,0,0,0,0,0,0,0,3,0,0,0,0,11,0,0,0,0,5,0,0,0,0,0,0,0,0,0,2,0,0,0,0,0,0,0,0,0,0,2,0,0,0,67,0,0,0,0,0,0,0,0,0,0,0,0,0,3,0,0,0,0,0,0,2,2,0,5,0,0,3,0,0,0,0,0,5,0,0,0,0,2,3,0,0,7,0,0,0,0,0,0,0,0,257,2,0,0,0,0,0,0,0,0,0,0,0,0,0,0,0,0,0,0,0,0,0,0,21,0,0,0,0,0,0,0,"ml","number","spores/tablet","number","NISP","NISP","NISP","NISP","NISP","NISP","NISP","NISP","NISP","NISP","NISP","NISP","NISP","NISP","NISP","NISP","NISP","NISP","NISP","NISP","NISP","NISP","NISP","NISP","NISP","NISP","NISP","NISP","NISP","NISP","NISP","NISP","NISP","NISP","NISP","NISP","NISP","NISP","NISP","NISP","NISP","NISP","NISP","NISP","NISP","NISP","NISP","NISP","NISP","NISP","NISP","NISP","NISP","NISP","NISP","NISP","NISP","NISP","NISP","NISP","NISP","NISP","NISP","NISP","NISP","NISP","NISP","NISP","NISP","NISP","NISP","NISP","NISP","NISP","NISP","NISP","NISP","NISP","NISP","NISP","NISP","NISP","NISP","NISP","NISP","NISP","NISP","NISP","NISP","NISP","NISP","NISP","NISP","NISP","NISP","NISP","NISP","NISP","NISP","NISP","NISP","NISP","NISP","NISP","NISP","NISP","NISP","NISP","NISP","NISP","NISP","NISP","NISP","NISP","NISP","NISP","NISP","NISP","NISP","NISP","NISP","NISP","NISP","NISP","NISP","NISP","NISP","NISP","volume","quantity added","concentration","counted","pollen","pollen","pollen","pollen","pollen","pollen","pollen","pollen","pollen","pollen","pollen","pollen","pollen","pollen","pollen","pollen","pollen","spore","spore","pollen","pollen","pollen","pollen","pollen","pollen","pollen","spore","pollen","pollen","pollen","pollen","pollen","pollen","pollen","pollen","pollen","pollen","pollen","pollen","pollen","pollen","pollen","pollen","pollen","spore","pollen","spore","pollen","pollen","pollen","pollen","pollen","pollen","pollen","pollen","pollen","pollen","pollen","spore","pollen","pollen","pollen","pollen","pollen","pollen","pollen","pollen","pollen","pollen","pollen","pollen","spore","pollen","pollen","pollen","pollen","pollen","pollen","spore","pollen","pollen","pollen","pollen","pollen","pollen","pollen","pollen","pollen","spore","pollen","pollen","pollen","pollen","pollen","pollen","pollen","pollen","pollen","pollen/spore","pollen","pollen","pollen","spore","spore","pollen","pollen","pollen","pollen","pollen","pollen","spore","pollen","pollen","pollen","pollen","pollen","pollen","pollen","pollen","spore","pollen","pollen","pollen","pollen","pollen","pollen","pollen","pollen","Lake Victoria (Shirati Bay) LV4",33.7961333333333,33.7961333333333,-1.04943333333333,-1.04943333333333,1135,6880000,"Tanzania",NA,NA,NA,NA,68,33135,"LVC18_S4","Lake Victoria LV4","Core","UWITEC piston corer","2018-10-01",NA,"Natural Lake",63,"30 km away from the shore in the Shirati Bay",NA,NA,NA,NA,NA,NA,NA,"2,10,12,3,16",44877,"8777,15357,20039,20044,9599","Gobet, E.|Grosjean, M.|Muschick, M.|Seehausen, O.|Tinner, W.",23,"Depth",15,"Carbon-14","Radiocarbon years BP",763,2,"BE-15556",13700,170,170,1,170,"False","Charcoal","","Temotzin-Loranca et al. 2023",2,20036,"Temoltzin-Loranca, Y.",13870,13530,18,9974,9974,"Vannière, Boris","Vannière, B.","Vannière","Boris","B.","Dr.","active","UMR 6249 Laboratoire Chrono-Environnement
Université de Franche-Comté
route de Gray
25030, Besançon
France","boris.vanniere@univ-fcomte.fr","","","",2,"true","journal article",20441,"https://doi.org/10.1016/j.palaeo.2023.111839",2023,"Temotzin-Loranca, Y., E. Gobet, B. Vannière, J.F.N. van Leeuwen, G. Wienhues, C. Courtney-Mustaphi, M. Kishe, M. Muschick, L. King, P. Misra, N. Ngoepe, B. Matthews, H. Vogel, O. Heiri, O. Seehausen, M. Grosjean, and W. Tinner. 2023. Long-term ecological successions of vegetation around Lake Victoria (East Africa) in response to latest Pleistocene and Early Holocene climate changes. Palaeogeography, Palaeoclimatology, Palaeoecology 631:111839. [DOI: https://doi.org/10.1016/j.palaeo.2023.111839]","Long-term ecological successions of vegetation around Lake Victoria (East Africa) in response to latest Pleistocene and Early Holocene climate changes","Palaeogeography, Palaeoclimatology, Palaeoecology",631,111839,2,4,"Heiri","O.","20036,8777,9974,15224,20037,18278,20038,20039,20040,20041,20042,20043,10026,9224,20044,15357,9599","Temoltzin-Loranca, Y.|Gobet, E.|Vannière, B.|van Leeuwen, J.F.N.|Wienhues, G.|Courtney-Mustaphi, C.J.|Kishe, M.|Muschick, M.|King, L.|Misra, P.|Ngoepe, N.|Matthews, B.|Vogel, H.|Heiri, O.|Seehausen, O.|Grosjean, M.|Tinner, W.",15695,"18278,8777,15357,9224,20040,20038,20043,20041,20039,20042,20044,20036,9599,15224,9974,10026,20037","Morales-Molino, C.","Courtney-Mustaphi, C.J.|Gobet, E.|Grosjean, M.|Heiri, O.|King, L.|Kishe, M.|Matthews, B.|Misra, P.|Muschick, M.|Ngoepe, N.|Seehausen, O.|Temoltzin-Loranca, Y.|Tinner, W.|van Leeuwen, J.F.N.|Vannière, B.|Vogel, H.|Wienhues, G.","Pollen","LV4 pollen",1,"Temoltzin-Loranca et al. (2023)","Calendar years BP","True",NA,"rbacon",16700,-50,NA,"Temotzin-Loranca, Y.",15,20036,"Temoltzin-Loranca, Y.",NA,NA,NA,NA,"Radiocarbon"
702,1,1,14647,1,4,9666,103,0,0,0,0,0,0,0,0,0,0,0,0,0,0,0,5,0,0,0,0,3,0,0,0,0,1,0,0,0,0,2,0,0,0,0,0,0,0,0,0,0,0,0,0,0,13,0,0,1,0,0,0,0,0,0,0,0,0,0,0,0,0,0,0,0,0,2,0,0,1,0,0,0,0,0,0,0,0,0,0,0,0,0,1,0,0,1,3,0,0,0,0,0,0,0,6,88,0,2,0,0,0,0,0,0,0,0,0,0,0,0,0,0,0,0,0,4,0,0,0,6,0,0,0,0,0,0,0,"ml","number","spores/tablet","number","NISP","NISP","NISP","NISP","NISP","NISP","NISP","NISP","NISP","NISP","NISP","NISP","NISP","NISP","NISP","NISP","NISP","NISP","NISP","NISP","NISP","NISP","NISP","NISP","NISP","NISP","NISP","NISP","NISP","NISP","NISP","NISP","NISP","NISP","NISP","NISP","NISP","NISP","NISP","NISP","NISP","NISP","NISP","NISP","NISP","NISP","NISP","NISP","NISP","NISP","NISP","NISP","NISP","NISP","NISP","NISP","NISP","NISP","NISP","NISP","NISP","NISP","NISP","NISP","NISP","NISP","NISP","NISP","NISP","NISP","NISP","NISP","NISP","NISP","NISP","NISP","NISP","NISP","NISP","NISP","NISP","NISP","NISP","NISP","NISP","NISP","NISP","NISP","NISP","NISP","NISP","NISP","NISP","NISP","NISP","NISP","NISP","NISP","NISP","NISP","NISP","NISP","NISP","NISP","NISP","NISP","NISP","NISP","NISP","NISP","NISP","NISP","NISP","NISP","NISP","NISP","NISP","NISP","NISP","NISP","NISP","NISP","NISP","NISP","NISP","NISP","NISP","NISP","volume","quantity added","concentration","counted","pollen","pollen","pollen","pollen","pollen","pollen","pollen","pollen","pollen","pollen","pollen","pollen","pollen","pollen","pollen","pollen","pollen","spore","spore","pollen","pollen","pollen","pollen","pollen","pollen","pollen","spore","pollen","pollen","pollen","pollen","pollen","pollen","pollen","pollen","pollen","pollen","pollen","pollen","pollen","pollen","pollen","pollen","pollen","spore","pollen","spore","pollen","pollen","pollen","pollen","pollen","pollen","pollen","pollen","pollen","pollen","pollen","spore","pollen","pollen","pollen","pollen","pollen","pollen","pollen","pollen","pollen","pollen","pollen","pollen","spore","pollen","pollen","pollen","pollen","pollen","pollen","spore","pollen","pollen","pollen","pollen","pollen","pollen","pollen","pollen","pollen","spore","pollen","pollen","pollen","pollen","pollen","pollen","pollen","pollen","pollen","pollen/spore","pollen","pollen","pollen","spore","spore","pollen","pollen","pollen","pollen","pollen","pollen","spore","pollen","pollen","pollen","pollen","pollen","pollen","pollen","pollen","spore","pollen","pollen","pollen","pollen","pollen","pollen","pollen","pollen","Lake Victoria (Shirati Bay) LV4",33.7961333333333,33.7961333333333,-1.04943333333333,-1.04943333333333,1135,6880000,"Tanzania",NA,NA,NA,NA,68,33135,"LVC18_S4","Lake Victoria LV4","Core","UWITEC piston corer","2018-10-01",NA,"Natural Lake",63,"30 km away from the shore in the Shirati Bay",NA,NA,NA,NA,NA,NA,NA,"2,10,12,3,16",44877,"8777,15357,20039,20044,9599","Gobet, E.|Grosjean, M.|Muschick, M.|Seehausen, O.|Tinner, W.",23,"Depth",15,"Carbon-14","Radiocarbon years BP",763,2,"BE-15556",13700,170,170,1,170,"False","Charcoal","","Temotzin-Loranca et al. 2023",2,20036,"Temoltzin-Loranca, Y.",13870,13530,18,9974,9974,"Vannière, Boris","Vannière, B.","Vannière","Boris","B.","Dr.","active","UMR 6249 Laboratoire Chrono-Environnement
Université de Franche-Comté
route de Gray
25030, Besançon
France","boris.vanniere@univ-fcomte.fr","","","",2,"true","journal article",20441,"https://doi.org/10.1016/j.palaeo.2023.111839",2023,"Temotzin-Loranca, Y., E. Gobet, B. Vannière, J.F.N. van Leeuwen, G. Wienhues, C. Courtney-Mustaphi, M. Kishe, M. Muschick, L. King, P. Misra, N. Ngoepe, B. Matthews, H. Vogel, O. Heiri, O. Seehausen, M. Grosjean, and W. Tinner. 2023. Long-term ecological successions of vegetation around Lake Victoria (East Africa) in response to latest Pleistocene and Early Holocene climate changes. Palaeogeography, Palaeoclimatology, Palaeoecology 631:111839. [DOI: https://doi.org/10.1016/j.palaeo.2023.111839]","Long-term ecological successions of vegetation around Lake Victoria (East Africa) in response to latest Pleistocene and Early Holocene climate changes","Palaeogeography, Palaeoclimatology, Palaeoecology",631,111839,2,4,"Heiri","O.","20036,8777,9974,15224,20037,18278,20038,20039,20040,20041,20042,20043,10026,9224,20044,15357,9599","Temoltzin-Loranca, Y.|Gobet, E.|Vannière, B.|van Leeuwen, J.F.N.|Wienhues, G.|Courtney-Mustaphi, C.J.|Kishe, M.|Muschick, M.|King, L.|Misra, P.|Ngoepe, N.|Matthews, B.|Vogel, H.|Heiri, O.|Seehausen, O.|Grosjean, M.|Tinner, W.",15695,"18278,8777,15357,9224,20040,20038,20043,20041,20039,20042,20044,20036,9599,15224,9974,10026,20037","Morales-Molino, C.","Courtney-Mustaphi, C.J.|Gobet, E.|Grosjean, M.|Heiri, O.|King, L.|Kishe, M.|Matthews, B.|Misra, P.|Muschick, M.|Ngoepe, N.|Seehausen, O.|Temoltzin-Loranca, Y.|Tinner, W.|van Leeuwen, J.F.N.|Vannière, B.|Vogel, H.|Wienhues, G.","Pollen","LV4 pollen",1,"Temoltzin-Loranca et al. (2023)","Calendar years BP","True",NA,"rbacon",16700,-50,NA,"Temotzin-Loranca, Y.",15,20036,"Temoltzin-Loranca, Y.",NA,NA,NA,NA,"Radiocarbon"
704,1,1,14712,1,4,9666,583,0,0,0,0,0,0,0,0,0,0,0,0,0,0,0,10,0,2,0,0,8,0,0,0,0,0,0,0,0,0,4,0,0,0,0,0,0,0,0,0,0,2,0,0,0,53,0,0,0,0,0,0,0,0,2,0,0,0,0,0,0,0,0,0,0,0,4,0,0,2,0,0,0,0,0,0,0,0,0,0,0,0,0,4,0,2,0,10,0,0,0,0,0,0,0,0,283,0,0,0,0,0,0,0,0,0,0,0,0,0,0,0,0,0,0,0,0,0,0,0,14,0,0,0,0,0,0,0,"ml","number","spores/tablet","number","NISP","NISP","NISP","NISP","NISP","NISP","NISP","NISP","NISP","NISP","NISP","NISP","NISP","NISP","NISP","NISP","NISP","NISP","NISP","NISP","NISP","NISP","NISP","NISP","NISP","NISP","NISP","NISP","NISP","NISP","NISP","NISP","NISP","NISP","NISP","NISP","NISP","NISP","NISP","NISP","NISP","NISP","NISP","NISP","NISP","NISP","NISP","NISP","NISP","NISP","NISP","NISP","NISP","NISP","NISP","NISP","NISP","NISP","NISP","NISP","NISP","NISP","NISP","NISP","NISP","NISP","NISP","NISP","NISP","NISP","NISP","NISP","NISP","NISP","NISP","NISP","NISP","NISP","NISP","NISP","NISP","NISP","NISP","NISP","NISP","NISP","NISP","NISP","NISP","NISP","NISP","NISP","NISP","NISP","NISP","NISP","NISP","NISP","NISP","NISP","NISP","NISP","NISP","NISP","NISP","NISP","NISP","NISP","NISP","NISP","NISP","NISP","NISP","NISP","NISP","NISP","NISP","NISP","NISP","NISP","NISP","NISP","NISP","NISP","NISP","NISP","NISP","NISP","volume","quantity added","concentration","counted","pollen","pollen","pollen","pollen","pollen","pollen","pollen","pollen","pollen","pollen","pollen","pollen","pollen","pollen","pollen","pollen","pollen","spore","spore","pollen","pollen","pollen","pollen","pollen","pollen","pollen","spore","pollen","pollen","pollen","pollen","pollen","pollen","pollen","pollen","pollen","pollen","pollen","pollen","pollen","pollen","pollen","pollen","pollen","spore","pollen","spore","pollen","pollen","pollen","pollen","pollen","pollen","pollen","pollen","pollen","pollen","pollen","spore","pollen","pollen","pollen","pollen","pollen","pollen","pollen","pollen","pollen","pollen","pollen","pollen","spore","pollen","pollen","pollen","pollen","pollen","pollen","spore","pollen","pollen","pollen","pollen","pollen","pollen","pollen","pollen","pollen","spore","pollen","pollen","pollen","pollen","pollen","pollen","pollen","pollen","pollen","pollen/spore","pollen","pollen","pollen","spore","spore","pollen","pollen","pollen","pollen","pollen","pollen","spore","pollen","pollen","pollen","pollen","pollen","pollen","pollen","pollen","spore","pollen","pollen","pollen","pollen","pollen","pollen","pollen","pollen","Lake Victoria (Shirati Bay) LV4",33.7961333333333,33.7961333333333,-1.04943333333333,-1.04943333333333,1135,6880000,"Tanzania",NA,NA,NA,NA,68,33135,"LVC18_S4","Lake Victoria LV4","Core","UWITEC piston corer","2018-10-01",NA,"Natural Lake",63,"30 km away from the shore in the Shirati Bay",NA,NA,NA,NA,NA,NA,NA,"2,10,12,3,16",44877,"8777,15357,20039,20044,9599","Gobet, E.|Grosjean, M.|Muschick, M.|Seehausen, O.|Tinner, W.",23,"Depth",15,"Carbon-14","Radiocarbon years BP",763,2,"BE-15556",13700,170,170,1,170,"False","Charcoal","","Temotzin-Loranca et al. 2023",2,20036,"Temoltzin-Loranca, Y.",13870,13530,18,9974,9974,"Vannière, Boris","Vannière, B.","Vannière","Boris","B.","Dr.","active","UMR 6249 Laboratoire Chrono-Environnement
Université de Franche-Comté
route de Gray
25030, Besançon
France","boris.vanniere@univ-fcomte.fr","","","",2,"true","journal article",20441,"https://doi.org/10.1016/j.palaeo.2023.111839",2023,"Temotzin-Loranca, Y., E. Gobet, B. Vannière, J.F.N. van Leeuwen, G. Wienhues, C. Courtney-Mustaphi, M. Kishe, M. Muschick, L. King, P. Misra, N. Ngoepe, B. Matthews, H. Vogel, O. Heiri, O. Seehausen, M. Grosjean, and W. Tinner. 2023. Long-term ecological successions of vegetation around Lake Victoria (East Africa) in response to latest Pleistocene and Early Holocene climate changes. Palaeogeography, Palaeoclimatology, Palaeoecology 631:111839. [DOI: https://doi.org/10.1016/j.palaeo.2023.111839]","Long-term ecological successions of vegetation around Lake Victoria (East Africa) in response to latest Pleistocene and Early Holocene climate changes","Palaeogeography, Palaeoclimatology, Palaeoecology",631,111839,2,12,"Seehausen","O.","20036,8777,9974,15224,20037,18278,20038,20039,20040,20041,20042,20043,10026,9224,20044,15357,9599","Temoltzin-Loranca, Y.|Gobet, E.|Vannière, B.|van Leeuwen, J.F.N.|Wienhues, G.|Courtney-Mustaphi, C.J.|Kishe, M.|Muschick, M.|King, L.|Misra, P.|Ngoepe, N.|Matthews, B.|Vogel, H.|Heiri, O.|Seehausen, O.|Grosjean, M.|Tinner, W.",15695,"18278,8777,15357,9224,20040,20038,20043,20041,20039,20042,20044,20036,9599,15224,9974,10026,20037","Morales-Molino, C.","Courtney-Mustaphi, C.J.|Gobet, E.|Grosjean, M.|Heiri, O.|King, L.|Kishe, M.|Matthews, B.|Misra, P.|Muschick, M.|Ngoepe, N.|Seehausen, O.|Temoltzin-Loranca, Y.|Tinner, W.|van Leeuwen, J.F.N.|Vannière, B.|Vogel, H.|Wienhues, G.","Pollen","LV4 pollen",1,"Temoltzin-Loranca et al. (2023)","Calendar years BP","True",NA,"rbacon",16700,-50,NA,"Temotzin-Loranca, Y.",15,20036,"Temoltzin-Loranca, Y.",NA,NA,NA,NA,"Radiocarbon"
706,1,1,14765,1,4,9666,630,0,0,0,0,0,0,0,0,0,0,2,0,0,1,0,9,0,0,0,0,15,0,0,0,0,0,0,0,0,1,1,0,0,0,0,0,0,0,6,0,0,3,0,1,0,57,0,0,0,0,0,2,0,2,1,0,0,0,0,0,0,0,0,0,0,0,2,0,0,3,0,0,0,0,0,0,0,0,2,0,0,0,0,0,0,0,0,3,0,0,0,0,0,0,0,0,321,0,6,0,0,0,0,0,0,1,0,0,1,0,0,0,1,6,0,0,0,0,0,0,21,0,0,0,0,0,0,0,"ml","number","spores/tablet","number","NISP","NISP","NISP","NISP","NISP","NISP","NISP","NISP","NISP","NISP","NISP","NISP","NISP","NISP","NISP","NISP","NISP","NISP","NISP","NISP","NISP","NISP","NISP","NISP","NISP","NISP","NISP","NISP","NISP","NISP","NISP","NISP","NISP","NISP","NISP","NISP","NISP","NISP","NISP","NISP","NISP","NISP","NISP","NISP","NISP","NISP","NISP","NISP","NISP","NISP","NISP","NISP","NISP","NISP","NISP","NISP","NISP","NISP","NISP","NISP","NISP","NISP","NISP","NISP","NISP","NISP","NISP","NISP","NISP","NISP","NISP","NISP","NISP","NISP","NISP","NISP","NISP","NISP","NISP","NISP","NISP","NISP","NISP","NISP","NISP","NISP","NISP","NISP","NISP","NISP","NISP","NISP","NISP","NISP","NISP","NISP","NISP","NISP","NISP","NISP","NISP","NISP","NISP","NISP","NISP","NISP","NISP","NISP","NISP","NISP","NISP","NISP","NISP","NISP","NISP","NISP","NISP","NISP","NISP","NISP","NISP","NISP","NISP","NISP","NISP","NISP","NISP","NISP","volume","quantity added","concentration","counted","pollen","pollen","pollen","pollen","pollen","pollen","pollen","pollen","pollen","pollen","pollen","pollen","pollen","pollen","pollen","pollen","pollen","spore","spore","pollen","pollen","pollen","pollen","pollen","pollen","pollen","spore","pollen","pollen","pollen","pollen","pollen","pollen","pollen","pollen","pollen","pollen","pollen","pollen","pollen","pollen","pollen","pollen","pollen","spore","pollen","spore","pollen","pollen","pollen","pollen","pollen","pollen","pollen","pollen","pollen","pollen","pollen","spore","pollen","pollen","pollen","pollen","pollen","pollen","pollen","pollen","pollen","pollen","pollen","pollen","spore","pollen","pollen","pollen","pollen","pollen","pollen","spore","pollen","pollen","pollen","pollen","pollen","pollen","pollen","pollen","pollen","spore","pollen","pollen","pollen","pollen","pollen","pollen","pollen","pollen","pollen","pollen/spore","pollen","pollen","pollen","spore","spore","pollen","pollen","pollen","pollen","pollen","pollen","spore","pollen","pollen","pollen","pollen","pollen","pollen","pollen","pollen","spore","pollen","pollen","pollen","pollen","pollen","pollen","pollen","pollen","Lake Victoria (Shirati Bay) LV4",33.7961333333333,33.7961333333333,-1.04943333333333,-1.04943333333333,1135,6880000,"Tanzania",NA,NA,NA,NA,68,33135,"LVC18_S4","Lake Victoria LV4","Core","UWITEC piston corer","2018-10-01",NA,"Natural Lake",63,"30 km away from the shore in the Shirati Bay",NA,NA,NA,NA,NA,NA,NA,"2,10,12,3,16",44877,"8777,15357,20039,20044,9599","Gobet, E.|Grosjean, M.|Muschick, M.|Seehausen, O.|Tinner, W.",23,"Depth",15,"Carbon-14","Radiocarbon years BP",763,2,"BE-15556",13700,170,170,1,170,"False","Charcoal","","Temotzin-Loranca et al. 2023",2,20036,"Temoltzin-Loranca, Y.",13870,13530,18,9974,9974,"Vannière, Boris","Vannière, B.","Vannière","Boris","B.","Dr.","active","UMR 6249 Laboratoire Chrono-Environnement
Université de Franche-Comté
route de Gray
25030, Besançon
France","boris.vanniere@univ-fcomte.fr","","","",2,"true","journal article",20441,"https://doi.org/10.1016/j.palaeo.2023.111839",2023,"Temotzin-Loranca, Y., E. Gobet, B. Vannière, J.F.N. van Leeuwen, G. Wienhues, C. Courtney-Mustaphi, M. Kishe, M. Muschick, L. King, P. Misra, N. Ngoepe, B. Matthews, H. Vogel, O. Heiri, O. Seehausen, M. Grosjean, and W. Tinner. 2023. Long-term ecological successions of vegetation around Lake Victoria (East Africa) in response to latest Pleistocene and Early Holocene climate changes. Palaeogeography, Palaeoclimatology, Palaeoecology 631:111839. [DOI: https://doi.org/10.1016/j.palaeo.2023.111839]","Long-term ecological successions of vegetation around Lake Victoria (East Africa) in response to latest Pleistocene and Early Holocene climate changes","Palaeogeography, Palaeoclimatology, Palaeoecology",631,111839,2,12,"Seehausen","O.","20036,8777,9974,15224,20037,18278,20038,20039,20040,20041,20042,20043,10026,9224,20044,15357,9599","Temoltzin-Loranca, Y.|Gobet, E.|Vannière, B.|van Leeuwen, J.F.N.|Wienhues, G.|Courtney-Mustaphi, C.J.|Kishe, M.|Muschick, M.|King, L.|Misra, P.|Ngoepe, N.|Matthews, B.|Vogel, H.|Heiri, O.|Seehausen, O.|Grosjean, M.|Tinner, W.",15695,"18278,8777,15357,9224,20040,20038,20043,20041,20039,20042,20044,20036,9599,15224,9974,10026,20037","Morales-Molino, C.","Courtney-Mustaphi, C.J.|Gobet, E.|Grosjean, M.|Heiri, O.|King, L.|Kishe, M.|Matthews, B.|Misra, P.|Muschick, M.|Ngoepe, N.|Seehausen, O.|Temoltzin-Loranca, Y.|Tinner, W.|van Leeuwen, J.F.N.|Vannière, B.|Vogel, H.|Wienhues, G.","Pollen","LV4 pollen",1,"Temoltzin-Loranca et al. (2023)","Calendar years BP","True",NA,"rbacon",16700,-50,NA,"Temotzin-Loranca, Y.",15,20036,"Temoltzin-Loranca, Y.",NA,NA,NA,NA,"Radiocarbon"
708,1,1,14815,1,4,9666,356,0,1,0,0,0,0,0,0,0,0,0,1,0,0,0,10,0,0,0,0,6,0,0,0,0,0,0,2,0,0,2,0,0,0,0,0,2,0,0,1,0,4,0,0,0,63,0,0,0,0,0,0,0,0,1,0,0,0,0,0,0,0,0,0,0,0,5,0,0,3,0,0,0,0,0,0,0,0,0,0,0,0,0,4,1,0,0,11,0,0,0,0,0,0,0,0,274,2,5,0,0,0,0,0,0,2,0,0,0,0,0,0,1,0,0,0,0,0,0,0,11,0,0,0,0,0,0,0,"ml","number","spores/tablet","number","NISP","NISP","NISP","NISP","NISP","NISP","NISP","NISP","NISP","NISP","NISP","NISP","NISP","NISP","NISP","NISP","NISP","NISP","NISP","NISP","NISP","NISP","NISP","NISP","NISP","NISP","NISP","NISP","NISP","NISP","NISP","NISP","NISP","NISP","NISP","NISP","NISP","NISP","NISP","NISP","NISP","NISP","NISP","NISP","NISP","NISP","NISP","NISP","NISP","NISP","NISP","NISP","NISP","NISP","NISP","NISP","NISP","NISP","NISP","NISP","NISP","NISP","NISP","NISP","NISP","NISP","NISP","NISP","NISP","NISP","NISP","NISP","NISP","NISP","NISP","NISP","NISP","NISP","NISP","NISP","NISP","NISP","NISP","NISP","NISP","NISP","NISP","NISP","NISP","NISP","NISP","NISP","NISP","NISP","NISP","NISP","NISP","NISP","NISP","NISP","NISP","NISP","NISP","NISP","NISP","NISP","NISP","NISP","NISP","NISP","NISP","NISP","NISP","NISP","NISP","NISP","NISP","NISP","NISP","NISP","NISP","NISP","NISP","NISP","NISP","NISP","NISP","NISP","volume","quantity added","concentration","counted","pollen","pollen","pollen","pollen","pollen","pollen","pollen","pollen","pollen","pollen","pollen","pollen","pollen","pollen","pollen","pollen","pollen","spore","spore","pollen","pollen","pollen","pollen","pollen","pollen","pollen","spore","pollen","pollen","pollen","pollen","pollen","pollen","pollen","pollen","pollen","pollen","pollen","pollen","pollen","pollen","pollen","pollen","pollen","spore","pollen","spore","pollen","pollen","pollen","pollen","pollen","pollen","pollen","pollen","pollen","pollen","pollen","spore","pollen","pollen","pollen","pollen","pollen","pollen","pollen","pollen","pollen","pollen","pollen","pollen","spore","pollen","pollen","pollen","pollen","pollen","pollen","spore","pollen","pollen","pollen","pollen","pollen","pollen","pollen","pollen","pollen","spore","pollen","pollen","pollen","pollen","pollen","pollen","pollen","pollen","pollen","pollen/spore","pollen","pollen","pollen","spore","spore","pollen","pollen","pollen","pollen","pollen","pollen","spore","pollen","pollen","pollen","pollen","pollen","pollen","pollen","pollen","spore","pollen","pollen","pollen","pollen","pollen","pollen","pollen","pollen","Lake Victoria (Shirati Bay) LV4",33.7961333333333,33.7961333333333,-1.04943333333333,-1.04943333333333,1135,6880000,"Tanzania",NA,NA,NA,NA,68,33135,"LVC18_S4","Lake Victoria LV4","Core","UWITEC piston corer","2018-10-01",NA,"Natural Lake",63,"30 km away from the shore in the Shirati Bay",NA,NA,NA,NA,NA,NA,NA,"2,10,12,3,16",44877,"8777,15357,20039,20044,9599","Gobet, E.|Grosjean, M.|Muschick, M.|Seehausen, O.|Tinner, W.",23,"Depth",15,"Carbon-14","Radiocarbon years BP",763,2,"BE-15556",13700,170,170,1,170,"False","Charcoal","","Temotzin-Loranca et al. 2023",2,20036,"Temoltzin-Loranca, Y.",13870,13530,18,9974,9974,"Vannière, Boris","Vannière, B.","Vannière","Boris","B.","Dr.","active","UMR 6249 Laboratoire Chrono-Environnement
Université de Franche-Comté
route de Gray
25030, Besançon
France","boris.vanniere@univ-fcomte.fr","","","",2,"true","journal article",20441,"https://doi.org/10.1016/j.palaeo.2023.111839",2023,"Temotzin-Loranca, Y., E. Gobet, B. Vannière, J.F.N. van Leeuwen, G. Wienhues, C. Courtney-Mustaphi, M. Kishe, M. Muschick, L. King, P. Misra, N. Ngoepe, B. Matthews, H. Vogel, O. Heiri, O. Seehausen, M. Grosjean, and W. Tinner. 2023. Long-term ecological successions of vegetation around Lake Victoria (East Africa) in response to latest Pleistocene and Early Holocene climate changes. Palaeogeography, Palaeoclimatology, Palaeoecology 631:111839. [DOI: https://doi.org/10.1016/j.palaeo.2023.111839]","Long-term ecological successions of vegetation around Lake Victoria (East Africa) in response to latest Pleistocene and Early Holocene climate changes","Palaeogeography, Palaeoclimatology, Palaeoecology",631,111839,2,12,"Seehausen","O.","20036,8777,9974,15224,20037,18278,20038,20039,20040,20041,20042,20043,10026,9224,20044,15357,9599","Temoltzin-Loranca, Y.|Gobet, E.|Vannière, B.|van Leeuwen, J.F.N.|Wienhues, G.|Courtney-Mustaphi, C.J.|Kishe, M.|Muschick, M.|King, L.|Misra, P.|Ngoepe, N.|Matthews, B.|Vogel, H.|Heiri, O.|Seehausen, O.|Grosjean, M.|Tinner, W.",15695,"18278,8777,15357,9224,20040,20038,20043,20041,20039,20042,20044,20036,9599,15224,9974,10026,20037","Morales-Molino, C.","Courtney-Mustaphi, C.J.|Gobet, E.|Grosjean, M.|Heiri, O.|King, L.|Kishe, M.|Matthews, B.|Misra, P.|Muschick, M.|Ngoepe, N.|Seehausen, O.|Temoltzin-Loranca, Y.|Tinner, W.|van Leeuwen, J.F.N.|Vannière, B.|Vogel, H.|Wienhues, G.","Pollen","LV4 pollen",1,"Temoltzin-Loranca et al. (2023)","Calendar years BP","True",NA,"rbacon",16700,-50,NA,"Temotzin-Loranca, Y.",15,20036,"Temoltzin-Loranca, Y.",NA,NA,NA,NA,"Radiocarbon"
710,1,1,14864,1,4,9666,137,0,1,0,0,0,0,0,0,0,0,0,1,0,0,0,8,0,0,0,0,5,0,0,0,0,0,0,1,0,0,2,0,0,0,0,0,1,0,0,1,0,3,0,0,0,50,0,0,0,9,0,0,0,1,1,0,0,0,0,0,0,0,0,3,0,0,4,0,0,1,0,0,0,0,0,0,0,0,0,0,0,0,0,3,1,0,0,9,0,0,0,0,0,0,0,0,223,2,4,0,0,0,0,0,0,2,0,0,0,0,0,0,1,0,0,0,0,0,0,0,9,0,0,0,0,0,0,1,"ml","number","spores/tablet","number","NISP","NISP","NISP","NISP","NISP","NISP","NISP","NISP","NISP","NISP","NISP","NISP","NISP","NISP","NISP","NISP","NISP","NISP","NISP","NISP","NISP","NISP","NISP","NISP","NISP","NISP","NISP","NISP","NISP","NISP","NISP","NISP","NISP","NISP","NISP","NISP","NISP","NISP","NISP","NISP","NISP","NISP","NISP","NISP","NISP","NISP","NISP","NISP","NISP","NISP","NISP","NISP","NISP","NISP","NISP","NISP","NISP","NISP","NISP","NISP","NISP","NISP","NISP","NISP","NISP","NISP","NISP","NISP","NISP","NISP","NISP","NISP","NISP","NISP","NISP","NISP","NISP","NISP","NISP","NISP","NISP","NISP","NISP","NISP","NISP","NISP","NISP","NISP","NISP","NISP","NISP","NISP","NISP","NISP","NISP","NISP","NISP","NISP","NISP","NISP","NISP","NISP","NISP","NISP","NISP","NISP","NISP","NISP","NISP","NISP","NISP","NISP","NISP","NISP","NISP","NISP","NISP","NISP","NISP","NISP","NISP","NISP","NISP","NISP","NISP","NISP","NISP","NISP","volume","quantity added","concentration","counted","pollen","pollen","pollen","pollen","pollen","pollen","pollen","pollen","pollen","pollen","pollen","pollen","pollen","pollen","pollen","pollen","pollen","spore","spore","pollen","pollen","pollen","pollen","pollen","pollen","pollen","spore","pollen","pollen","pollen","pollen","pollen","pollen","pollen","pollen","pollen","pollen","pollen","pollen","pollen","pollen","pollen","pollen","pollen","spore","pollen","spore","pollen","pollen","pollen","pollen","pollen","pollen","pollen","pollen","pollen","pollen","pollen","spore","pollen","pollen","pollen","pollen","pollen","pollen","pollen","pollen","pollen","pollen","pollen","pollen","spore","pollen","pollen","pollen","pollen","pollen","pollen","spore","pollen","pollen","pollen","pollen","pollen","pollen","pollen","pollen","pollen","spore","pollen","pollen","pollen","pollen","pollen","pollen","pollen","pollen","pollen","pollen/spore","pollen","pollen","pollen","spore","spore","pollen","pollen","pollen","pollen","pollen","pollen","spore","pollen","pollen","pollen","pollen","pollen","pollen","pollen","pollen","spore","pollen","pollen","pollen","pollen","pollen","pollen","pollen","pollen","Lake Victoria (Shirati Bay) LV4",33.7961333333333,33.7961333333333,-1.04943333333333,-1.04943333333333,1135,6880000,"Tanzania",NA,NA,NA,NA,68,33135,"LVC18_S4","Lake Victoria LV4","Core","UWITEC piston corer","2018-10-01",NA,"Natural Lake",63,"30 km away from the shore in the Shirati Bay",NA,NA,NA,NA,NA,NA,NA,"2,10,12,3,16",44877,"8777,15357,20039,20044,9599","Gobet, E.|Grosjean, M.|Muschick, M.|Seehausen, O.|Tinner, W.",23,"Depth",15,"Carbon-14","Radiocarbon years BP",763,2,"BE-15556",13700,170,170,1,170,"False","Charcoal","","Temotzin-Loranca et al. 2023",2,20036,"Temoltzin-Loranca, Y.",13870,13530,18,9974,9974,"Vannière, Boris","Vannière, B.","Vannière","Boris","B.","Dr.","active","UMR 6249 Laboratoire Chrono-Environnement
Université de Franche-Comté
route de Gray
25030, Besançon
France","boris.vanniere@univ-fcomte.fr","","","",2,"true","journal article",20441,"https://doi.org/10.1016/j.palaeo.2023.111839",2023,"Temotzin-Loranca, Y., E. Gobet, B. Vannière, J.F.N. van Leeuwen, G. Wienhues, C. Courtney-Mustaphi, M. Kishe, M. Muschick, L. King, P. Misra, N. Ngoepe, B. Matthews, H. Vogel, O. Heiri, O. Seehausen, M. Grosjean, and W. Tinner. 2023. Long-term ecological successions of vegetation around Lake Victoria (East Africa) in response to latest Pleistocene and Early Holocene climate changes. Palaeogeography, Palaeoclimatology, Palaeoecology 631:111839. [DOI: https://doi.org/10.1016/j.palaeo.2023.111839]","Long-term ecological successions of vegetation around Lake Victoria (East Africa) in response to latest Pleistocene and Early Holocene climate changes","Palaeogeography, Palaeoclimatology, Palaeoecology",631,111839,2,12,"Seehausen","O.","20036,8777,9974,15224,20037,18278,20038,20039,20040,20041,20042,20043,10026,9224,20044,15357,9599","Temoltzin-Loranca, Y.|Gobet, E.|Vannière, B.|van Leeuwen, J.F.N.|Wienhues, G.|Courtney-Mustaphi, C.J.|Kishe, M.|Muschick, M.|King, L.|Misra, P.|Ngoepe, N.|Matthews, B.|Vogel, H.|Heiri, O.|Seehausen, O.|Grosjean, M.|Tinner, W.",15695,"18278,8777,15357,9224,20040,20038,20043,20041,20039,20042,20044,20036,9599,15224,9974,10026,20037","Morales-Molino, C.","Courtney-Mustaphi, C.J.|Gobet, E.|Grosjean, M.|Heiri, O.|King, L.|Kishe, M.|Matthews, B.|Misra, P.|Muschick, M.|Ngoepe, N.|Seehausen, O.|Temoltzin-Loranca, Y.|Tinner, W.|van Leeuwen, J.F.N.|Vannière, B.|Vogel, H.|Wienhues, G.","Pollen","LV4 pollen",1,"Temoltzin-Loranca et al. (2023)","Calendar years BP","True",NA,"rbacon",16700,-50,NA,"Temotzin-Loranca, Y.",15,20036,"Temoltzin-Loranca, Y.",NA,NA,NA,NA,"Radiocarbon"
711,1,1,14889,1,4,9666,327,0,0,0,0,0,0,0,0,0,1,2,0,0,0,0,9,0,0,0,0,4,1,0,0,0,0,0,2,1,0,2,0,1,2,0,0,0,0,1,0,0,1,0,0,0,66,0,0,0,0,0,1,0,0,0,0,0,0,0,0,1,0,0,0,0,0,6,0,1,0,0,0,0,0,0,0,0,0,0,0,0,0,0,3,1,0,0,5,0,0,0,0,1,0,0,0,250,1,10,0,0,0,0,0,0,1,0,0,3,0,0,0,1,0,0,0,0,0,0,0,16,1,0,0,0,0,0,0,"ml","number","spores/tablet","number","NISP","NISP","NISP","NISP","NISP","NISP","NISP","NISP","NISP","NISP","NISP","NISP","NISP","NISP","NISP","NISP","NISP","NISP","NISP","NISP","NISP","NISP","NISP","NISP","NISP","NISP","NISP","NISP","NISP","NISP","NISP","NISP","NISP","NISP","NISP","NISP","NISP","NISP","NISP","NISP","NISP","NISP","NISP","NISP","NISP","NISP","NISP","NISP","NISP","NISP","NISP","NISP","NISP","NISP","NISP","NISP","NISP","NISP","NISP","NISP","NISP","NISP","NISP","NISP","NISP","NISP","NISP","NISP","NISP","NISP","NISP","NISP","NISP","NISP","NISP","NISP","NISP","NISP","NISP","NISP","NISP","NISP","NISP","NISP","NISP","NISP","NISP","NISP","NISP","NISP","NISP","NISP","NISP","NISP","NISP","NISP","NISP","NISP","NISP","NISP","NISP","NISP","NISP","NISP","NISP","NISP","NISP","NISP","NISP","NISP","NISP","NISP","NISP","NISP","NISP","NISP","NISP","NISP","NISP","NISP","NISP","NISP","NISP","NISP","NISP","NISP","NISP","NISP","volume","quantity added","concentration","counted","pollen","pollen","pollen","pollen","pollen","pollen","pollen","pollen","pollen","pollen","pollen","pollen","pollen","pollen","pollen","pollen","pollen","spore","spore","pollen","pollen","pollen","pollen","pollen","pollen","pollen","spore","pollen","pollen","pollen","pollen","pollen","pollen","pollen","pollen","pollen","pollen","pollen","pollen","pollen","pollen","pollen","pollen","pollen","spore","pollen","spore","pollen","pollen","pollen","pollen","pollen","pollen","pollen","pollen","pollen","pollen","pollen","spore","pollen","pollen","pollen","pollen","pollen","pollen","pollen","pollen","pollen","pollen","pollen","pollen","spore","pollen","pollen","pollen","pollen","pollen","pollen","spore","pollen","pollen","pollen","pollen","pollen","pollen","pollen","pollen","pollen","spore","pollen","pollen","pollen","pollen","pollen","pollen","pollen","pollen","pollen","pollen/spore","pollen","pollen","pollen","spore","spore","pollen","pollen","pollen","pollen","pollen","pollen","spore","pollen","pollen","pollen","pollen","pollen","pollen","pollen","pollen","spore","pollen","pollen","pollen","pollen","pollen","pollen","pollen","pollen","Lake Victoria (Shirati Bay) LV4",33.7961333333333,33.7961333333333,-1.04943333333333,-1.04943333333333,1135,6880000,"Tanzania",NA,NA,NA,NA,68,33135,"LVC18_S4","Lake Victoria LV4","Core","UWITEC piston corer","2018-10-01",NA,"Natural Lake",63,"30 km away from the shore in the Shirati Bay",NA,NA,NA,NA,NA,NA,NA,"2,10,12,3,16",44877,"8777,15357,20039,20044,9599","Gobet, E.|Grosjean, M.|Muschick, M.|Seehausen, O.|Tinner, W.",23,"Depth",15,"Carbon-14","Radiocarbon years BP",763,2,"BE-15556",13700,170,170,1,170,"False","Charcoal","","Temotzin-Loranca et al. 2023",2,20036,"Temoltzin-Loranca, Y.",13870,13530,18,9974,9974,"Vannière, Boris","Vannière, B.","Vannière","Boris","B.","Dr.","active","UMR 6249 Laboratoire Chrono-Environnement
Université de Franche-Comté
route de Gray
25030, Besançon
France","boris.vanniere@univ-fcomte.fr","","","",2,"true","journal article",20441,"https://doi.org/10.1016/j.palaeo.2023.111839",2023,"Temotzin-Loranca, Y., E. Gobet, B. Vannière, J.F.N. van Leeuwen, G. Wienhues, C. Courtney-Mustaphi, M. Kishe, M. Muschick, L. King, P. Misra, N. Ngoepe, B. Matthews, H. Vogel, O. Heiri, O. Seehausen, M. Grosjean, and W. Tinner. 2023. Long-term ecological successions of vegetation around Lake Victoria (East Africa) in response to latest Pleistocene and Early Holocene climate changes. Palaeogeography, Palaeoclimatology, Palaeoecology 631:111839. [DOI: https://doi.org/10.1016/j.palaeo.2023.111839]","Long-term ecological successions of vegetation around Lake Victoria (East Africa) in response to latest Pleistocene and Early Holocene climate changes","Palaeogeography, Palaeoclimatology, Palaeoecology",631,111839,2,12,"Seehausen","O.","20036,8777,9974,15224,20037,18278,20038,20039,20040,20041,20042,20043,10026,9224,20044,15357,9599","Temoltzin-Loranca, Y.|Gobet, E.|Vannière, B.|van Leeuwen, J.F.N.|Wienhues, G.|Courtney-Mustaphi, C.J.|Kishe, M.|Muschick, M.|King, L.|Misra, P.|Ngoepe, N.|Matthews, B.|Vogel, H.|Heiri, O.|Seehausen, O.|Grosjean, M.|Tinner, W.",15695,"18278,8777,15357,9224,20040,20038,20043,20041,20039,20042,20044,20036,9599,15224,9974,10026,20037","Morales-Molino, C.","Courtney-Mustaphi, C.J.|Gobet, E.|Grosjean, M.|Heiri, O.|King, L.|Kishe, M.|Matthews, B.|Misra, P.|Muschick, M.|Ngoepe, N.|Seehausen, O.|Temoltzin-Loranca, Y.|Tinner, W.|van Leeuwen, J.F.N.|Vannière, B.|Vogel, H.|Wienhues, G.","Pollen","LV4 pollen",1,"Temoltzin-Loranca et al. (2023)","Calendar years BP","True",NA,"rbacon",16700,-50,NA,"Temotzin-Loranca, Y.",15,20036,"Temoltzin-Loranca, Y.",NA,NA,NA,NA,"Radiocarbon"
712,1,1,14917,1,4,9666,168,0,1,0,0,0,0,0,0,0,0,0,1,0,0,0,10,0,0,0,0,6,0,0,0,0,0,0,2,0,0,2,0,0,0,0,0,1,0,0,1,0,4,0,0,0,59,0,0,0,0,0,0,0,0,3,0,0,0,0,0,0,0,0,4,0,0,5,0,0,1,0,0,0,0,0,0,0,0,0,0,0,0,0,4,0,0,0,11,0,0,0,0,0,0,0,0,264,3,7,0,0,0,0,0,0,2,0,0,0,0,0,0,2,0,0,0,0,0,0,0,11,0,0,0,0,0,0,0,"ml","number","spores/tablet","number","NISP","NISP","NISP","NISP","NISP","NISP","NISP","NISP","NISP","NISP","NISP","NISP","NISP","NISP","NISP","NISP","NISP","NISP","NISP","NISP","NISP","NISP","NISP","NISP","NISP","NISP","NISP","NISP","NISP","NISP","NISP","NISP","NISP","NISP","NISP","NISP","NISP","NISP","NISP","NISP","NISP","NISP","NISP","NISP","NISP","NISP","NISP","NISP","NISP","NISP","NISP","NISP","NISP","NISP","NISP","NISP","NISP","NISP","NISP","NISP","NISP","NISP","NISP","NISP","NISP","NISP","NISP","NISP","NISP","NISP","NISP","NISP","NISP","NISP","NISP","NISP","NISP","NISP","NISP","NISP","NISP","NISP","NISP","NISP","NISP","NISP","NISP","NISP","NISP","NISP","NISP","NISP","NISP","NISP","NISP","NISP","NISP","NISP","NISP","NISP","NISP","NISP","NISP","NISP","NISP","NISP","NISP","NISP","NISP","NISP","NISP","NISP","NISP","NISP","NISP","NISP","NISP","NISP","NISP","NISP","NISP","NISP","NISP","NISP","NISP","NISP","NISP","NISP","volume","quantity added","concentration","counted","pollen","pollen","pollen","pollen","pollen","pollen","pollen","pollen","pollen","pollen","pollen","pollen","pollen","pollen","pollen","pollen","pollen","spore","spore","pollen","pollen","pollen","pollen","pollen","pollen","pollen","spore","pollen","pollen","pollen","pollen","pollen","pollen","pollen","pollen","pollen","pollen","pollen","pollen","pollen","pollen","pollen","pollen","pollen","spore","pollen","spore","pollen","pollen","pollen","pollen","pollen","pollen","pollen","pollen","pollen","pollen","pollen","spore","pollen","pollen","pollen","pollen","pollen","pollen","pollen","pollen","pollen","pollen","pollen","pollen","spore","pollen","pollen","pollen","pollen","pollen","pollen","spore","pollen","pollen","pollen","pollen","pollen","pollen","pollen","pollen","pollen","spore","pollen","pollen","pollen","pollen","pollen","pollen","pollen","pollen","pollen","pollen/spore","pollen","pollen","pollen","spore","spore","pollen","pollen","pollen","pollen","pollen","pollen","spore","pollen","pollen","pollen","pollen","pollen","pollen","pollen","pollen","spore","pollen","pollen","pollen","pollen","pollen","pollen","pollen","pollen","Lake Victoria (Shirati Bay) LV4",33.7961333333333,33.7961333333333,-1.04943333333333,-1.04943333333333,1135,6880000,"Tanzania",NA,NA,NA,NA,68,33135,"LVC18_S4","Lake Victoria LV4","Core","UWITEC piston corer","2018-10-01",NA,"Natural Lake",63,"30 km away from the shore in the Shirati Bay",NA,NA,NA,NA,NA,NA,NA,"2,10,12,3,16",44877,"8777,15357,20039,20044,9599","Gobet, E.|Grosjean, M.|Muschick, M.|Seehausen, O.|Tinner, W.",24,"Depth",15,"Carbon-14","Radiocarbon years BP",773,2,"BE-15557",13700,160,160,1,160,"False","Charcoal","","Temotzin-Loranca et al. 2023",2,20036,"Temoltzin-Loranca, Y.",13860,13540,18,9974,9974,"Vannière, Boris","Vannière, B.","Vannière","Boris","B.","Dr.","active","UMR 6249 Laboratoire Chrono-Environnement
Université de Franche-Comté
route de Gray
25030, Besançon
France","boris.vanniere@univ-fcomte.fr","","","",2,"true","journal article",20441,"https://doi.org/10.1016/j.palaeo.2023.111839",2023,"Temotzin-Loranca, Y., E. Gobet, B. Vannière, J.F.N. van Leeuwen, G. Wienhues, C. Courtney-Mustaphi, M. Kishe, M. Muschick, L. King, P. Misra, N. Ngoepe, B. Matthews, H. Vogel, O. Heiri, O. Seehausen, M. Grosjean, and W. Tinner. 2023. Long-term ecological successions of vegetation around Lake Victoria (East Africa) in response to latest Pleistocene and Early Holocene climate changes. Palaeogeography, Palaeoclimatology, Palaeoecology 631:111839. [DOI: https://doi.org/10.1016/j.palaeo.2023.111839]","Long-term ecological successions of vegetation around Lake Victoria (East Africa) in response to latest Pleistocene and Early Holocene climate changes","Palaeogeography, Palaeoclimatology, Palaeoecology",631,111839,2,12,"Seehausen","O.","20036,8777,9974,15224,20037,18278,20038,20039,20040,20041,20042,20043,10026,9224,20044,15357,9599","Temoltzin-Loranca, Y.|Gobet, E.|Vannière, B.|van Leeuwen, J.F.N.|Wienhues, G.|Courtney-Mustaphi, C.J.|Kishe, M.|Muschick, M.|King, L.|Misra, P.|Ngoepe, N.|Matthews, B.|Vogel, H.|Heiri, O.|Seehausen, O.|Grosjean, M.|Tinner, W.",15695,"18278,8777,15357,9224,20040,20038,20043,20041,20039,20042,20044,20036,9599,15224,9974,10026,20037","Morales-Molino, C.","Courtney-Mustaphi, C.J.|Gobet, E.|Grosjean, M.|Heiri, O.|King, L.|Kishe, M.|Matthews, B.|Misra, P.|Muschick, M.|Ngoepe, N.|Seehausen, O.|Temoltzin-Loranca, Y.|Tinner, W.|van Leeuwen, J.F.N.|Vannière, B.|Vogel, H.|Wienhues, G.","Pollen","LV4 pollen",1,"Temoltzin-Loranca et al. (2023)","Calendar years BP","True",NA,"rbacon",16700,-50,NA,"Temotzin-Loranca, Y.",15,20036,"Temoltzin-Loranca, Y.",NA,NA,NA,NA,"Radiocarbon"
714,1,1,14965,1,4,9666,326,0,0,0,0,0,0,0,0,0,0,3,0,0,0,0,6,0,0,0,0,6,0,0,0,0,0,0,0,0,0,0,0,0,0,0,0,0,0,2,1,0,2,0,0,0,55,0,0,1,0,0,0,0,0,2,0,0,0,0,0,0,0,0,0,0,0,0,0,0,2,0,0,0,0,0,0,0,0,0,2,0,0,0,3,0,0,0,4,0,0,0,0,0,0,0,0,207,1,4,0,2,0,0,0,0,0,0,0,0,0,0,0,0,0,0,0,0,0,0,0,13,0,0,0,0,0,1,0,"ml","number","spores/tablet","number","NISP","NISP","NISP","NISP","NISP","NISP","NISP","NISP","NISP","NISP","NISP","NISP","NISP","NISP","NISP","NISP","NISP","NISP","NISP","NISP","NISP","NISP","NISP","NISP","NISP","NISP","NISP","NISP","NISP","NISP","NISP","NISP","NISP","NISP","NISP","NISP","NISP","NISP","NISP","NISP","NISP","NISP","NISP","NISP","NISP","NISP","NISP","NISP","NISP","NISP","NISP","NISP","NISP","NISP","NISP","NISP","NISP","NISP","NISP","NISP","NISP","NISP","NISP","NISP","NISP","NISP","NISP","NISP","NISP","NISP","NISP","NISP","NISP","NISP","NISP","NISP","NISP","NISP","NISP","NISP","NISP","NISP","NISP","NISP","NISP","NISP","NISP","NISP","NISP","NISP","NISP","NISP","NISP","NISP","NISP","NISP","NISP","NISP","NISP","NISP","NISP","NISP","NISP","NISP","NISP","NISP","NISP","NISP","NISP","NISP","NISP","NISP","NISP","NISP","NISP","NISP","NISP","NISP","NISP","NISP","NISP","NISP","NISP","NISP","NISP","NISP","NISP","NISP","volume","quantity added","concentration","counted","pollen","pollen","pollen","pollen","pollen","pollen","pollen","pollen","pollen","pollen","pollen","pollen","pollen","pollen","pollen","pollen","pollen","spore","spore","pollen","pollen","pollen","pollen","pollen","pollen","pollen","spore","pollen","pollen","pollen","pollen","pollen","pollen","pollen","pollen","pollen","pollen","pollen","pollen","pollen","pollen","pollen","pollen","pollen","spore","pollen","spore","pollen","pollen","pollen","pollen","pollen","pollen","pollen","pollen","pollen","pollen","pollen","spore","pollen","pollen","pollen","pollen","pollen","pollen","pollen","pollen","pollen","pollen","pollen","pollen","spore","pollen","pollen","pollen","pollen","pollen","pollen","spore","pollen","pollen","pollen","pollen","pollen","pollen","pollen","pollen","pollen","spore","pollen","pollen","pollen","pollen","pollen","pollen","pollen","pollen","pollen","pollen/spore","pollen","pollen","pollen","spore","spore","pollen","pollen","pollen","pollen","pollen","pollen","spore","pollen","pollen","pollen","pollen","pollen","pollen","pollen","pollen","spore","pollen","pollen","pollen","pollen","pollen","pollen","pollen","pollen","Lake Victoria (Shirati Bay) LV4",33.7961333333333,33.7961333333333,-1.04943333333333,-1.04943333333333,1135,6880000,"Tanzania",NA,NA,NA,NA,68,33135,"LVC18_S4","Lake Victoria LV4","Core","UWITEC piston corer","2018-10-01",NA,"Natural Lake",63,"30 km away from the shore in the Shirati Bay",NA,NA,NA,NA,NA,NA,NA,"2,10,12,3,16",44877,"8777,15357,20039,20044,9599","Gobet, E.|Grosjean, M.|Muschick, M.|Seehausen, O.|Tinner, W.",24,"Depth",15,"Carbon-14","Radiocarbon years BP",773,2,"BE-15557",13700,160,160,1,160,"False","Charcoal","","Temotzin-Loranca et al. 2023",2,20036,"Temoltzin-Loranca, Y.",13860,13540,19,10026,10026,"Vogel, Hendrik","Vogel, H.","Vogel","Hendrik","H.","Prof.","unknown","Institute of Geological Sciences
University of Bern
Baltzerstrasse 1
3012 Bern Switzerland","","","","",2,"true","journal article",20441,"https://doi.org/10.1016/j.palaeo.2023.111839",2023,"Temotzin-Loranca, Y., E. Gobet, B. Vannière, J.F.N. van Leeuwen, G. Wienhues, C. Courtney-Mustaphi, M. Kishe, M. Muschick, L. King, P. Misra, N. Ngoepe, B. Matthews, H. Vogel, O. Heiri, O. Seehausen, M. Grosjean, and W. Tinner. 2023. Long-term ecological successions of vegetation around Lake Victoria (East Africa) in response to latest Pleistocene and Early Holocene climate changes. Palaeogeography, Palaeoclimatology, Palaeoecology 631:111839. [DOI: https://doi.org/10.1016/j.palaeo.2023.111839]","Long-term ecological successions of vegetation around Lake Victoria (East Africa) in response to latest Pleistocene and Early Holocene climate changes","Palaeogeography, Palaeoclimatology, Palaeoecology",631,111839,2,3,"Grosjean","M.","20036,8777,9974,15224,20037,18278,20038,20039,20040,20041,20042,20043,10026,9224,20044,15357,9599","Temoltzin-Loranca, Y.|Gobet, E.|Vannière, B.|van Leeuwen, J.F.N.|Wienhues, G.|Courtney-Mustaphi, C.J.|Kishe, M.|Muschick, M.|King, L.|Misra, P.|Ngoepe, N.|Matthews, B.|Vogel, H.|Heiri, O.|Seehausen, O.|Grosjean, M.|Tinner, W.",15695,"18278,8777,15357,9224,20040,20038,20043,20041,20039,20042,20044,20036,9599,15224,9974,10026,20037","Morales-Molino, C.","Courtney-Mustaphi, C.J.|Gobet, E.|Grosjean, M.|Heiri, O.|King, L.|Kishe, M.|Matthews, B.|Misra, P.|Muschick, M.|Ngoepe, N.|Seehausen, O.|Temoltzin-Loranca, Y.|Tinner, W.|van Leeuwen, J.F.N.|Vannière, B.|Vogel, H.|Wienhues, G.","Pollen","LV4 pollen",1,"Temoltzin-Loranca et al. (2023)","Calendar years BP","True",NA,"rbacon",16700,-50,NA,"Temotzin-Loranca, Y.",15,20036,"Temoltzin-Loranca, Y.",NA,NA,NA,NA,"Radiocarbon"
716,1,1,15015,1,4,9666,430,0,1,0,2,0,0,0,1,1,0,2,0,0,0,0,13,0,0,0,0,11,9,0,0,0,0,0,0,0,0,3,0,0,1,1,0,0,0,3,0,1,0,0,0,0,59,0,1,0,0,0,0,0,0,0,0,0,0,0,1,0,0,0,0,0,3,8,0,0,0,0,0,0,0,0,0,0,0,3,1,0,0,1,6,1,0,0,5,0,0,0,0,1,0,0,0,262,3,12,0,0,0,0,0,0,1,0,0,0,0,0,0,0,0,0,0,0,0,0,0,18,0,0,0,1,0,0,0,"ml","number","spores/tablet","number","NISP","NISP","NISP","NISP","NISP","NISP","NISP","NISP","NISP","NISP","NISP","NISP","NISP","NISP","NISP","NISP","NISP","NISP","NISP","NISP","NISP","NISP","NISP","NISP","NISP","NISP","NISP","NISP","NISP","NISP","NISP","NISP","NISP","NISP","NISP","NISP","NISP","NISP","NISP","NISP","NISP","NISP","NISP","NISP","NISP","NISP","NISP","NISP","NISP","NISP","NISP","NISP","NISP","NISP","NISP","NISP","NISP","NISP","NISP","NISP","NISP","NISP","NISP","NISP","NISP","NISP","NISP","NISP","NISP","NISP","NISP","NISP","NISP","NISP","NISP","NISP","NISP","NISP","NISP","NISP","NISP","NISP","NISP","NISP","NISP","NISP","NISP","NISP","NISP","NISP","NISP","NISP","NISP","NISP","NISP","NISP","NISP","NISP","NISP","NISP","NISP","NISP","NISP","NISP","NISP","NISP","NISP","NISP","NISP","NISP","NISP","NISP","NISP","NISP","NISP","NISP","NISP","NISP","NISP","NISP","NISP","NISP","NISP","NISP","NISP","NISP","NISP","NISP","volume","quantity added","concentration","counted","pollen","pollen","pollen","pollen","pollen","pollen","pollen","pollen","pollen","pollen","pollen","pollen","pollen","pollen","pollen","pollen","pollen","spore","spore","pollen","pollen","pollen","pollen","pollen","pollen","pollen","spore","pollen","pollen","pollen","pollen","pollen","pollen","pollen","pollen","pollen","pollen","pollen","pollen","pollen","pollen","pollen","pollen","pollen","spore","pollen","spore","pollen","pollen","pollen","pollen","pollen","pollen","pollen","pollen","pollen","pollen","pollen","spore","pollen","pollen","pollen","pollen","pollen","pollen","pollen","pollen","pollen","pollen","pollen","pollen","spore","pollen","pollen","pollen","pollen","pollen","pollen","spore","pollen","pollen","pollen","pollen","pollen","pollen","pollen","pollen","pollen","spore","pollen","pollen","pollen","pollen","pollen","pollen","pollen","pollen","pollen","pollen/spore","pollen","pollen","pollen","spore","spore","pollen","pollen","pollen","pollen","pollen","pollen","spore","pollen","pollen","pollen","pollen","pollen","pollen","pollen","pollen","spore","pollen","pollen","pollen","pollen","pollen","pollen","pollen","pollen","Lake Victoria (Shirati Bay) LV4",33.7961333333333,33.7961333333333,-1.04943333333333,-1.04943333333333,1135,6880000,"Tanzania",NA,NA,NA,NA,68,33135,"LVC18_S4","Lake Victoria LV4","Core","UWITEC piston corer","2018-10-01",NA,"Natural Lake",63,"30 km away from the shore in the Shirati Bay",NA,NA,NA,NA,NA,NA,NA,"2,10,12,3,16",44877,"8777,15357,20039,20044,9599","Gobet, E.|Grosjean, M.|Muschick, M.|Seehausen, O.|Tinner, W.",24,"Depth",15,"Carbon-14","Radiocarbon years BP",773,2,"BE-15557",13700,160,160,1,160,"False","Charcoal","","Temotzin-Loranca et al. 2023",2,20036,"Temoltzin-Loranca, Y.",13860,13540,19,10026,10026,"Vogel, Hendrik","Vogel, H.","Vogel","Hendrik","H.","Prof.","unknown","Institute of Geological Sciences
University of Bern
Baltzerstrasse 1
3012 Bern Switzerland","","","","",2,"true","journal article",20441,"https://doi.org/10.1016/j.palaeo.2023.111839",2023,"Temotzin-Loranca, Y., E. Gobet, B. Vannière, J.F.N. van Leeuwen, G. Wienhues, C. Courtney-Mustaphi, M. Kishe, M. Muschick, L. King, P. Misra, N. Ngoepe, B. Matthews, H. Vogel, O. Heiri, O. Seehausen, M. Grosjean, and W. Tinner. 2023. Long-term ecological successions of vegetation around Lake Victoria (East Africa) in response to latest Pleistocene and Early Holocene climate changes. Palaeogeography, Palaeoclimatology, Palaeoecology 631:111839. [DOI: https://doi.org/10.1016/j.palaeo.2023.111839]","Long-term ecological successions of vegetation around Lake Victoria (East Africa) in response to latest Pleistocene and Early Holocene climate changes","Palaeogeography, Palaeoclimatology, Palaeoecology",631,111839,2,3,"Grosjean","M.","20036,8777,9974,15224,20037,18278,20038,20039,20040,20041,20042,20043,10026,9224,20044,15357,9599","Temoltzin-Loranca, Y.|Gobet, E.|Vannière, B.|van Leeuwen, J.F.N.|Wienhues, G.|Courtney-Mustaphi, C.J.|Kishe, M.|Muschick, M.|King, L.|Misra, P.|Ngoepe, N.|Matthews, B.|Vogel, H.|Heiri, O.|Seehausen, O.|Grosjean, M.|Tinner, W.",15695,"18278,8777,15357,9224,20040,20038,20043,20041,20039,20042,20044,20036,9599,15224,9974,10026,20037","Morales-Molino, C.","Courtney-Mustaphi, C.J.|Gobet, E.|Grosjean, M.|Heiri, O.|King, L.|Kishe, M.|Matthews, B.|Misra, P.|Muschick, M.|Ngoepe, N.|Seehausen, O.|Temoltzin-Loranca, Y.|Tinner, W.|van Leeuwen, J.F.N.|Vannière, B.|Vogel, H.|Wienhues, G.","Pollen","LV4 pollen",1,"Temoltzin-Loranca et al. (2023)","Calendar years BP","True",NA,"rbacon",16700,-50,NA,"Temotzin-Loranca, Y.",15,20036,"Temoltzin-Loranca, Y.",NA,NA,NA,NA,"Radiocarbon"
717,1,1,15015,1,4,9666,430,0,1,0,2,0,0,0,1,1,0,2,0,0,0,0,13,0,0,0,0,11,9,0,0,0,0,0,0,0,0,3,0,0,1,0,0,0,0,3,0,1,0,0,0,0,59,0,1,0,0,0,0,0,0,0,0,0,0,0,1,0,0,0,0,0,3,8,0,0,0,0,0,0,0,0,0,0,0,3,1,0,0,1,6,0,0,0,5,0,0,0,0,1,0,0,0,262,3,12,0,0,0,0,0,0,1,0,0,0,1,0,0,0,0,0,0,0,0,0,0,18,0,0,0,1,0,0,0,"ml","number","spores/tablet","number","NISP","NISP","NISP","NISP","NISP","NISP","NISP","NISP","NISP","NISP","NISP","NISP","NISP","NISP","NISP","NISP","NISP","NISP","NISP","NISP","NISP","NISP","NISP","NISP","NISP","NISP","NISP","NISP","NISP","NISP","NISP","NISP","NISP","NISP","NISP","NISP","NISP","NISP","NISP","NISP","NISP","NISP","NISP","NISP","NISP","NISP","NISP","NISP","NISP","NISP","NISP","NISP","NISP","NISP","NISP","NISP","NISP","NISP","NISP","NISP","NISP","NISP","NISP","NISP","NISP","NISP","NISP","NISP","NISP","NISP","NISP","NISP","NISP","NISP","NISP","NISP","NISP","NISP","NISP","NISP","NISP","NISP","NISP","NISP","NISP","NISP","NISP","NISP","NISP","NISP","NISP","NISP","NISP","NISP","NISP","NISP","NISP","NISP","NISP","NISP","NISP","NISP","NISP","NISP","NISP","NISP","NISP","NISP","NISP","NISP","NISP","NISP","NISP","NISP","NISP","NISP","NISP","NISP","NISP","NISP","NISP","NISP","NISP","NISP","NISP","NISP","NISP","NISP","volume","quantity added","concentration","counted","pollen","pollen","pollen","pollen","pollen","pollen","pollen","pollen","pollen","pollen","pollen","pollen","pollen","pollen","pollen","pollen","pollen","spore","spore","pollen","pollen","pollen","pollen","pollen","pollen","pollen","spore","pollen","pollen","pollen","pollen","pollen","pollen","pollen","pollen","pollen","pollen","pollen","pollen","pollen","pollen","pollen","pollen","pollen","spore","pollen","spore","pollen","pollen","pollen","pollen","pollen","pollen","pollen","pollen","pollen","pollen","pollen","spore","pollen","pollen","pollen","pollen","pollen","pollen","pollen","pollen","pollen","pollen","pollen","pollen","spore","pollen","pollen","pollen","pollen","pollen","pollen","spore","pollen","pollen","pollen","pollen","pollen","pollen","pollen","pollen","pollen","spore","pollen","pollen","pollen","pollen","pollen","pollen","pollen","pollen","pollen","pollen/spore","pollen","pollen","pollen","spore","spore","pollen","pollen","pollen","pollen","pollen","pollen","spore","pollen","pollen","pollen","pollen","pollen","pollen","pollen","pollen","spore","pollen","pollen","pollen","pollen","pollen","pollen","pollen","pollen","Lake Victoria (Shirati Bay) LV4",33.7961333333333,33.7961333333333,-1.04943333333333,-1.04943333333333,1135,6880000,"Tanzania",NA,NA,NA,NA,68,33135,"LVC18_S4","Lake Victoria LV4","Core","UWITEC piston corer","2018-10-01",NA,"Natural Lake",63,"30 km away from the shore in the Shirati Bay",NA,NA,NA,NA,NA,NA,NA,"2,10,12,3,16",44877,"8777,15357,20039,20044,9599","Gobet, E.|Grosjean, M.|Muschick, M.|Seehausen, O.|Tinner, W.",24,"Depth",15,"Carbon-14","Radiocarbon years BP",773,2,"BE-15557",13700,160,160,1,160,"False","Charcoal","","Temotzin-Loranca et al. 2023",2,20036,"Temoltzin-Loranca, Y.",13860,13540,19,10026,10026,"Vogel, Hendrik","Vogel, H.","Vogel","Hendrik","H.","Prof.","unknown","Institute of Geological Sciences
University of Bern
Baltzerstrasse 1
3012 Bern Switzerland","","","","",2,"true","journal article",20441,"https://doi.org/10.1016/j.palaeo.2023.111839",2023,"Temotzin-Loranca, Y., E. Gobet, B. Vannière, J.F.N. van Leeuwen, G. Wienhues, C. Courtney-Mustaphi, M. Kishe, M. Muschick, L. King, P. Misra, N. Ngoepe, B. Matthews, H. Vogel, O. Heiri, O. Seehausen, M. Grosjean, and W. Tinner. 2023. Long-term ecological successions of vegetation around Lake Victoria (East Africa) in response to latest Pleistocene and Early Holocene climate changes. Palaeogeography, Palaeoclimatology, Palaeoecology 631:111839. [DOI: https://doi.org/10.1016/j.palaeo.2023.111839]","Long-term ecological successions of vegetation around Lake Victoria (East Africa) in response to latest Pleistocene and Early Holocene climate changes","Palaeogeography, Palaeoclimatology, Palaeoecology",631,111839,2,3,"Grosjean","M.","20036,8777,9974,15224,20037,18278,20038,20039,20040,20041,20042,20043,10026,9224,20044,15357,9599","Temoltzin-Loranca, Y.|Gobet, E.|Vannière, B.|van Leeuwen, J.F.N.|Wienhues, G.|Courtney-Mustaphi, C.J.|Kishe, M.|Muschick, M.|King, L.|Misra, P.|Ngoepe, N.|Matthews, B.|Vogel, H.|Heiri, O.|Seehausen, O.|Grosjean, M.|Tinner, W.",15695,"18278,8777,15357,9224,20040,20038,20043,20041,20039,20042,20044,20036,9599,15224,9974,10026,20037","Morales-Molino, C.","Courtney-Mustaphi, C.J.|Gobet, E.|Grosjean, M.|Heiri, O.|King, L.|Kishe, M.|Matthews, B.|Misra, P.|Muschick, M.|Ngoepe, N.|Seehausen, O.|Temoltzin-Loranca, Y.|Tinner, W.|van Leeuwen, J.F.N.|Vannière, B.|Vogel, H.|Wienhues, G.","Pollen","LV4 pollen",1,"Temoltzin-Loranca et al. (2023)","Calendar years BP","True",NA,"rbacon",16700,-50,NA,"Temotzin-Loranca, Y.",15,20036,"Temoltzin-Loranca, Y.",NA,NA,NA,NA,"Radiocarbon"
718,1,1,15069,1,4,9666,80,0,0,0,0,0,0,0,0,0,0,0,0,0,0,0,3,0,0,0,0,4,0,0,0,0,1,0,0,0,0,1,0,0,0,0,0,0,0,2,0,0,1,0,0,0,20,0,0,0,0,0,0,0,0,0,0,0,0,0,0,0,0,0,0,0,0,1,0,0,1,0,0,0,0,0,0,0,0,0,0,1,0,0,3,0,0,0,1,0,0,0,0,1,0,0,0,125,1,6,1,0,0,0,0,0,3,0,0,2,0,1,0,0,0,0,0,0,0,0,0,6,0,0,0,0,0,1,0,"ml","number","spores/tablet","number","NISP","NISP","NISP","NISP","NISP","NISP","NISP","NISP","NISP","NISP","NISP","NISP","NISP","NISP","NISP","NISP","NISP","NISP","NISP","NISP","NISP","NISP","NISP","NISP","NISP","NISP","NISP","NISP","NISP","NISP","NISP","NISP","NISP","NISP","NISP","NISP","NISP","NISP","NISP","NISP","NISP","NISP","NISP","NISP","NISP","NISP","NISP","NISP","NISP","NISP","NISP","NISP","NISP","NISP","NISP","NISP","NISP","NISP","NISP","NISP","NISP","NISP","NISP","NISP","NISP","NISP","NISP","NISP","NISP","NISP","NISP","NISP","NISP","NISP","NISP","NISP","NISP","NISP","NISP","NISP","NISP","NISP","NISP","NISP","NISP","NISP","NISP","NISP","NISP","NISP","NISP","NISP","NISP","NISP","NISP","NISP","NISP","NISP","NISP","NISP","NISP","NISP","NISP","NISP","NISP","NISP","NISP","NISP","NISP","NISP","NISP","NISP","NISP","NISP","NISP","NISP","NISP","NISP","NISP","NISP","NISP","NISP","NISP","NISP","NISP","NISP","NISP","NISP","volume","quantity added","concentration","counted","pollen","pollen","pollen","pollen","pollen","pollen","pollen","pollen","pollen","pollen","pollen","pollen","pollen","pollen","pollen","pollen","pollen","spore","spore","pollen","pollen","pollen","pollen","pollen","pollen","pollen","spore","pollen","pollen","pollen","pollen","pollen","pollen","pollen","pollen","pollen","pollen","pollen","pollen","pollen","pollen","pollen","pollen","pollen","spore","pollen","spore","pollen","pollen","pollen","pollen","pollen","pollen","pollen","pollen","pollen","pollen","pollen","spore","pollen","pollen","pollen","pollen","pollen","pollen","pollen","pollen","pollen","pollen","pollen","pollen","spore","pollen","pollen","pollen","pollen","pollen","pollen","spore","pollen","pollen","pollen","pollen","pollen","pollen","pollen","pollen","pollen","spore","pollen","pollen","pollen","pollen","pollen","pollen","pollen","pollen","pollen","pollen/spore","pollen","pollen","pollen","spore","spore","pollen","pollen","pollen","pollen","pollen","pollen","spore","pollen","pollen","pollen","pollen","pollen","pollen","pollen","pollen","spore","pollen","pollen","pollen","pollen","pollen","pollen","pollen","pollen","Lake Victoria (Shirati Bay) LV4",33.7961333333333,33.7961333333333,-1.04943333333333,-1.04943333333333,1135,6880000,"Tanzania",NA,NA,NA,NA,68,33135,"LVC18_S4","Lake Victoria LV4","Core","UWITEC piston corer","2018-10-01",NA,"Natural Lake",63,"30 km away from the shore in the Shirati Bay",NA,NA,NA,NA,NA,NA,NA,"2,10,12,3,16",44877,"8777,15357,20039,20044,9599","Gobet, E.|Grosjean, M.|Muschick, M.|Seehausen, O.|Tinner, W.",24,"Depth",15,"Carbon-14","Radiocarbon years BP",773,2,"BE-15557",13700,160,160,1,160,"False","Charcoal","","Temotzin-Loranca et al. 2023",2,20036,"Temoltzin-Loranca, Y.",13860,13540,19,10026,10026,"Vogel, Hendrik","Vogel, H.","Vogel","Hendrik","H.","Prof.","unknown","Institute of Geological Sciences
University of Bern
Baltzerstrasse 1
3012 Bern Switzerland","","","","",2,"true","journal article",20441,"https://doi.org/10.1016/j.palaeo.2023.111839",2023,"Temotzin-Loranca, Y., E. Gobet, B. Vannière, J.F.N. van Leeuwen, G. Wienhues, C. Courtney-Mustaphi, M. Kishe, M. Muschick, L. King, P. Misra, N. Ngoepe, B. Matthews, H. Vogel, O. Heiri, O. Seehausen, M. Grosjean, and W. Tinner. 2023. Long-term ecological successions of vegetation around Lake Victoria (East Africa) in response to latest Pleistocene and Early Holocene climate changes. Palaeogeography, Palaeoclimatology, Palaeoecology 631:111839. [DOI: https://doi.org/10.1016/j.palaeo.2023.111839]","Long-term ecological successions of vegetation around Lake Victoria (East Africa) in response to latest Pleistocene and Early Holocene climate changes","Palaeogeography, Palaeoclimatology, Palaeoecology",631,111839,2,3,"Grosjean","M.","20036,8777,9974,15224,20037,18278,20038,20039,20040,20041,20042,20043,10026,9224,20044,15357,9599","Temoltzin-Loranca, Y.|Gobet, E.|Vannière, B.|van Leeuwen, J.F.N.|Wienhues, G.|Courtney-Mustaphi, C.J.|Kishe, M.|Muschick, M.|King, L.|Misra, P.|Ngoepe, N.|Matthews, B.|Vogel, H.|Heiri, O.|Seehausen, O.|Grosjean, M.|Tinner, W.",15695,"18278,8777,15357,9224,20040,20038,20043,20041,20039,20042,20044,20036,9599,15224,9974,10026,20037","Morales-Molino, C.","Courtney-Mustaphi, C.J.|Gobet, E.|Grosjean, M.|Heiri, O.|King, L.|Kishe, M.|Matthews, B.|Misra, P.|Muschick, M.|Ngoepe, N.|Seehausen, O.|Temoltzin-Loranca, Y.|Tinner, W.|van Leeuwen, J.F.N.|Vannière, B.|Vogel, H.|Wienhues, G.","Pollen","LV4 pollen",1,"Temoltzin-Loranca et al. (2023)","Calendar years BP","True",NA,"rbacon",16700,-50,NA,"Temotzin-Loranca, Y.",15,20036,"Temoltzin-Loranca, Y.",NA,NA,NA,NA,"Radiocarbon"
720,1,1,15116,1,4,9666,223,0,0,0,0,0,0,0,0,0,0,0,0,0,0,0,5,0,0,0,0,13,0,0,0,0,1,0,0,0,0,1,0,0,0,1,0,0,0,7,0,0,5,1,0,0,53,0,1,0,0,0,0,0,0,0,0,0,0,0,0,0,0,0,0,0,3,5,1,0,1,1,0,0,0,0,0,0,0,1,0,1,0,1,7,0,0,0,3,0,0,0,0,2,0,0,0,287,2,9,1,0,0,0,0,0,3,0,0,2,0,1,0,0,0,0,0,0,0,0,0,5,0,0,0,0,0,1,0,"ml","number","spores/tablet","number","NISP","NISP","NISP","NISP","NISP","NISP","NISP","NISP","NISP","NISP","NISP","NISP","NISP","NISP","NISP","NISP","NISP","NISP","NISP","NISP","NISP","NISP","NISP","NISP","NISP","NISP","NISP","NISP","NISP","NISP","NISP","NISP","NISP","NISP","NISP","NISP","NISP","NISP","NISP","NISP","NISP","NISP","NISP","NISP","NISP","NISP","NISP","NISP","NISP","NISP","NISP","NISP","NISP","NISP","NISP","NISP","NISP","NISP","NISP","NISP","NISP","NISP","NISP","NISP","NISP","NISP","NISP","NISP","NISP","NISP","NISP","NISP","NISP","NISP","NISP","NISP","NISP","NISP","NISP","NISP","NISP","NISP","NISP","NISP","NISP","NISP","NISP","NISP","NISP","NISP","NISP","NISP","NISP","NISP","NISP","NISP","NISP","NISP","NISP","NISP","NISP","NISP","NISP","NISP","NISP","NISP","NISP","NISP","NISP","NISP","NISP","NISP","NISP","NISP","NISP","NISP","NISP","NISP","NISP","NISP","NISP","NISP","NISP","NISP","NISP","NISP","NISP","NISP","volume","quantity added","concentration","counted","pollen","pollen","pollen","pollen","pollen","pollen","pollen","pollen","pollen","pollen","pollen","pollen","pollen","pollen","pollen","pollen","pollen","spore","spore","pollen","pollen","pollen","pollen","pollen","pollen","pollen","spore","pollen","pollen","pollen","pollen","pollen","pollen","pollen","pollen","pollen","pollen","pollen","pollen","pollen","pollen","pollen","pollen","pollen","spore","pollen","spore","pollen","pollen","pollen","pollen","pollen","pollen","pollen","pollen","pollen","pollen","pollen","spore","pollen","pollen","pollen","pollen","pollen","pollen","pollen","pollen","pollen","pollen","pollen","pollen","spore","pollen","pollen","pollen","pollen","pollen","pollen","spore","pollen","pollen","pollen","pollen","pollen","pollen","pollen","pollen","pollen","spore","pollen","pollen","pollen","pollen","pollen","pollen","pollen","pollen","pollen","pollen/spore","pollen","pollen","pollen","spore","spore","pollen","pollen","pollen","pollen","pollen","pollen","spore","pollen","pollen","pollen","pollen","pollen","pollen","pollen","pollen","spore","pollen","pollen","pollen","pollen","pollen","pollen","pollen","pollen","Lake Victoria (Shirati Bay) LV4",33.7961333333333,33.7961333333333,-1.04943333333333,-1.04943333333333,1135,6880000,"Tanzania",NA,NA,NA,NA,68,33135,"LVC18_S4","Lake Victoria LV4","Core","UWITEC piston corer","2018-10-01",NA,"Natural Lake",63,"30 km away from the shore in the Shirati Bay",NA,NA,NA,NA,NA,NA,NA,"2,10,12,3,16",44877,"8777,15357,20039,20044,9599","Gobet, E.|Grosjean, M.|Muschick, M.|Seehausen, O.|Tinner, W.",24,"Depth",15,"Carbon-14","Radiocarbon years BP",773,2,"BE-15557",13700,160,160,1,160,"False","Charcoal","","Temotzin-Loranca et al. 2023",2,20036,"Temoltzin-Loranca, Y.",13860,13540,19,10026,10026,"Vogel, Hendrik","Vogel, H.","Vogel","Hendrik","H.","Prof.","unknown","Institute of Geological Sciences
University of Bern
Baltzerstrasse 1
3012 Bern Switzerland","","","","",2,"true","journal article",20441,"https://doi.org/10.1016/j.palaeo.2023.111839",2023,"Temotzin-Loranca, Y., E. Gobet, B. Vannière, J.F.N. van Leeuwen, G. Wienhues, C. Courtney-Mustaphi, M. Kishe, M. Muschick, L. King, P. Misra, N. Ngoepe, B. Matthews, H. Vogel, O. Heiri, O. Seehausen, M. Grosjean, and W. Tinner. 2023. Long-term ecological successions of vegetation around Lake Victoria (East Africa) in response to latest Pleistocene and Early Holocene climate changes. Palaeogeography, Palaeoclimatology, Palaeoecology 631:111839. [DOI: https://doi.org/10.1016/j.palaeo.2023.111839]","Long-term ecological successions of vegetation around Lake Victoria (East Africa) in response to latest Pleistocene and Early Holocene climate changes","Palaeogeography, Palaeoclimatology, Palaeoecology",631,111839,2,3,"Grosjean","M.","20036,8777,9974,15224,20037,18278,20038,20039,20040,20041,20042,20043,10026,9224,20044,15357,9599","Temoltzin-Loranca, Y.|Gobet, E.|Vannière, B.|van Leeuwen, J.F.N.|Wienhues, G.|Courtney-Mustaphi, C.J.|Kishe, M.|Muschick, M.|King, L.|Misra, P.|Ngoepe, N.|Matthews, B.|Vogel, H.|Heiri, O.|Seehausen, O.|Grosjean, M.|Tinner, W.",15695,"18278,8777,15357,9224,20040,20038,20043,20041,20039,20042,20044,20036,9599,15224,9974,10026,20037","Morales-Molino, C.","Courtney-Mustaphi, C.J.|Gobet, E.|Grosjean, M.|Heiri, O.|King, L.|Kishe, M.|Matthews, B.|Misra, P.|Muschick, M.|Ngoepe, N.|Seehausen, O.|Temoltzin-Loranca, Y.|Tinner, W.|van Leeuwen, J.F.N.|Vannière, B.|Vogel, H.|Wienhues, G.","Pollen","LV4 pollen",1,"Temoltzin-Loranca et al. (2023)","Calendar years BP","True",NA,"rbacon",16700,-50,NA,"Temotzin-Loranca, Y.",15,20036,"Temoltzin-Loranca, Y.",NA,NA,NA,NA,"Radiocarbon"
722,1,1,15171,1,4,9666,115,0,1,0,0,0,0,1,0,0,0,1,0,0,0,0,4,0,0,0,0,2,0,0,0,1,0,0,0,0,0,2,0,0,0,0,0,0,0,2,0,0,2,0,0,0,42,0,0,0,0,0,0,0,0,0,0,0,0,0,0,0,0,0,0,0,0,0,0,0,0,0,0,0,0,0,0,0,0,0,0,0,0,0,2,0,0,0,3,0,0,0,0,0,0,0,0,150,0,3,0,0,0,0,0,0,0,0,0,0,0,0,0,0,0,0,0,0,0,0,0,6,0,0,0,0,0,0,0,"ml","number","spores/tablet","number","NISP","NISP","NISP","NISP","NISP","NISP","NISP","NISP","NISP","NISP","NISP","NISP","NISP","NISP","NISP","NISP","NISP","NISP","NISP","NISP","NISP","NISP","NISP","NISP","NISP","NISP","NISP","NISP","NISP","NISP","NISP","NISP","NISP","NISP","NISP","NISP","NISP","NISP","NISP","NISP","NISP","NISP","NISP","NISP","NISP","NISP","NISP","NISP","NISP","NISP","NISP","NISP","NISP","NISP","NISP","NISP","NISP","NISP","NISP","NISP","NISP","NISP","NISP","NISP","NISP","NISP","NISP","NISP","NISP","NISP","NISP","NISP","NISP","NISP","NISP","NISP","NISP","NISP","NISP","NISP","NISP","NISP","NISP","NISP","NISP","NISP","NISP","NISP","NISP","NISP","NISP","NISP","NISP","NISP","NISP","NISP","NISP","NISP","NISP","NISP","NISP","NISP","NISP","NISP","NISP","NISP","NISP","NISP","NISP","NISP","NISP","NISP","NISP","NISP","NISP","NISP","NISP","NISP","NISP","NISP","NISP","NISP","NISP","NISP","NISP","NISP","NISP","NISP","volume","quantity added","concentration","counted","pollen","pollen","pollen","pollen","pollen","pollen","pollen","pollen","pollen","pollen","pollen","pollen","pollen","pollen","pollen","pollen","pollen","spore","spore","pollen","pollen","pollen","pollen","pollen","pollen","pollen","spore","pollen","pollen","pollen","pollen","pollen","pollen","pollen","pollen","pollen","pollen","pollen","pollen","pollen","pollen","pollen","pollen","pollen","spore","pollen","spore","pollen","pollen","pollen","pollen","pollen","pollen","pollen","pollen","pollen","pollen","pollen","spore","pollen","pollen","pollen","pollen","pollen","pollen","pollen","pollen","pollen","pollen","pollen","pollen","spore","pollen","pollen","pollen","pollen","pollen","pollen","spore","pollen","pollen","pollen","pollen","pollen","pollen","pollen","pollen","pollen","spore","pollen","pollen","pollen","pollen","pollen","pollen","pollen","pollen","pollen","pollen/spore","pollen","pollen","pollen","spore","spore","pollen","pollen","pollen","pollen","pollen","pollen","spore","pollen","pollen","pollen","pollen","pollen","pollen","pollen","pollen","spore","pollen","pollen","pollen","pollen","pollen","pollen","pollen","pollen","Lake Victoria (Shirati Bay) LV4",33.7961333333333,33.7961333333333,-1.04943333333333,-1.04943333333333,1135,6880000,"Tanzania",NA,NA,NA,NA,68,33135,"LVC18_S4","Lake Victoria LV4","Core","UWITEC piston corer","2018-10-01",NA,"Natural Lake",63,"30 km away from the shore in the Shirati Bay",NA,NA,NA,NA,NA,NA,NA,"2,10,12,3,16",44877,"8777,15357,20039,20044,9599","Gobet, E.|Grosjean, M.|Muschick, M.|Seehausen, O.|Tinner, W.",24,"Depth",15,"Carbon-14","Radiocarbon years BP",773,2,"BE-15557",13700,160,160,1,160,"False","Charcoal","","Temotzin-Loranca et al. 2023",2,20036,"Temoltzin-Loranca, Y.",13860,13540,19,10026,10026,"Vogel, Hendrik","Vogel, H.","Vogel","Hendrik","H.","Prof.","unknown","Institute of Geological Sciences
University of Bern
Baltzerstrasse 1
3012 Bern Switzerland","","","","",2,"true","journal article",20441,"https://doi.org/10.1016/j.palaeo.2023.111839",2023,"Temotzin-Loranca, Y., E. Gobet, B. Vannière, J.F.N. van Leeuwen, G. Wienhues, C. Courtney-Mustaphi, M. Kishe, M. Muschick, L. King, P. Misra, N. Ngoepe, B. Matthews, H. Vogel, O. Heiri, O. Seehausen, M. Grosjean, and W. Tinner. 2023. Long-term ecological successions of vegetation around Lake Victoria (East Africa) in response to latest Pleistocene and Early Holocene climate changes. Palaeogeography, Palaeoclimatology, Palaeoecology 631:111839. [DOI: https://doi.org/10.1016/j.palaeo.2023.111839]","Long-term ecological successions of vegetation around Lake Victoria (East Africa) in response to latest Pleistocene and Early Holocene climate changes","Palaeogeography, Palaeoclimatology, Palaeoecology",631,111839,2,3,"Grosjean","M.","20036,8777,9974,15224,20037,18278,20038,20039,20040,20041,20042,20043,10026,9224,20044,15357,9599","Temoltzin-Loranca, Y.|Gobet, E.|Vannière, B.|van Leeuwen, J.F.N.|Wienhues, G.|Courtney-Mustaphi, C.J.|Kishe, M.|Muschick, M.|King, L.|Misra, P.|Ngoepe, N.|Matthews, B.|Vogel, H.|Heiri, O.|Seehausen, O.|Grosjean, M.|Tinner, W.",15695,"18278,8777,15357,9224,20040,20038,20043,20041,20039,20042,20044,20036,9599,15224,9974,10026,20037","Morales-Molino, C.","Courtney-Mustaphi, C.J.|Gobet, E.|Grosjean, M.|Heiri, O.|King, L.|Kishe, M.|Matthews, B.|Misra, P.|Muschick, M.|Ngoepe, N.|Seehausen, O.|Temoltzin-Loranca, Y.|Tinner, W.|van Leeuwen, J.F.N.|Vannière, B.|Vogel, H.|Wienhues, G.","Pollen","LV4 pollen",1,"Temoltzin-Loranca et al. (2023)","Calendar years BP","True",NA,"rbacon",16700,-50,NA,"Temotzin-Loranca, Y.",15,20036,"Temoltzin-Loranca, Y.",NA,NA,NA,NA,"Radiocarbon"
724,1,1,15234,1,4,9666,227,0,2,0,0,0,0,2,0,0,0,2,0,0,0,0,8,0,0,0,0,4,0,0,0,2,0,0,0,0,0,4,0,0,0,0,0,0,0,4,0,0,4,0,0,0,81,0,0,0,0,0,0,0,0,0,0,0,0,0,0,0,0,0,0,0,2,2,0,0,0,0,0,0,0,0,0,0,0,0,0,0,0,0,4,0,0,0,6,0,0,0,0,0,0,0,0,290,0,8,0,0,0,0,0,0,0,0,0,0,0,0,0,0,0,0,0,0,0,0,0,12,0,0,0,0,0,0,0,"ml","number","spores/tablet","number","NISP","NISP","NISP","NISP","NISP","NISP","NISP","NISP","NISP","NISP","NISP","NISP","NISP","NISP","NISP","NISP","NISP","NISP","NISP","NISP","NISP","NISP","NISP","NISP","NISP","NISP","NISP","NISP","NISP","NISP","NISP","NISP","NISP","NISP","NISP","NISP","NISP","NISP","NISP","NISP","NISP","NISP","NISP","NISP","NISP","NISP","NISP","NISP","NISP","NISP","NISP","NISP","NISP","NISP","NISP","NISP","NISP","NISP","NISP","NISP","NISP","NISP","NISP","NISP","NISP","NISP","NISP","NISP","NISP","NISP","NISP","NISP","NISP","NISP","NISP","NISP","NISP","NISP","NISP","NISP","NISP","NISP","NISP","NISP","NISP","NISP","NISP","NISP","NISP","NISP","NISP","NISP","NISP","NISP","NISP","NISP","NISP","NISP","NISP","NISP","NISP","NISP","NISP","NISP","NISP","NISP","NISP","NISP","NISP","NISP","NISP","NISP","NISP","NISP","NISP","NISP","NISP","NISP","NISP","NISP","NISP","NISP","NISP","NISP","NISP","NISP","NISP","NISP","volume","quantity added","concentration","counted","pollen","pollen","pollen","pollen","pollen","pollen","pollen","pollen","pollen","pollen","pollen","pollen","pollen","pollen","pollen","pollen","pollen","spore","spore","pollen","pollen","pollen","pollen","pollen","pollen","pollen","spore","pollen","pollen","pollen","pollen","pollen","pollen","pollen","pollen","pollen","pollen","pollen","pollen","pollen","pollen","pollen","pollen","pollen","spore","pollen","spore","pollen","pollen","pollen","pollen","pollen","pollen","pollen","pollen","pollen","pollen","pollen","spore","pollen","pollen","pollen","pollen","pollen","pollen","pollen","pollen","pollen","pollen","pollen","pollen","spore","pollen","pollen","pollen","pollen","pollen","pollen","spore","pollen","pollen","pollen","pollen","pollen","pollen","pollen","pollen","pollen","spore","pollen","pollen","pollen","pollen","pollen","pollen","pollen","pollen","pollen","pollen/spore","pollen","pollen","pollen","spore","spore","pollen","pollen","pollen","pollen","pollen","pollen","spore","pollen","pollen","pollen","pollen","pollen","pollen","pollen","pollen","spore","pollen","pollen","pollen","pollen","pollen","pollen","pollen","pollen","Lake Victoria (Shirati Bay) LV4",33.7961333333333,33.7961333333333,-1.04943333333333,-1.04943333333333,1135,6880000,"Tanzania",NA,NA,NA,NA,68,33135,"LVC18_S4","Lake Victoria LV4","Core","UWITEC piston corer","2018-10-01",NA,"Natural Lake",63,"30 km away from the shore in the Shirati Bay",NA,NA,NA,NA,NA,NA,NA,"2,10,12,3,16",44877,"8777,15357,20039,20044,9599","Gobet, E.|Grosjean, M.|Muschick, M.|Seehausen, O.|Tinner, W.",25,"Depth",15,"Carbon-14","Radiocarbon years BP",773,2,"BE-16267",14100,110,110,1,110,"False","Pollen concentrate","Corrected to 13500 +/- 410 radiocarbon yr BP","Temotzin-Loranca et al. 2023",2,20036,"Temoltzin-Loranca, Y.",14210,13990,19,10026,10026,"Vogel, Hendrik","Vogel, H.","Vogel","Hendrik","H.","Prof.","unknown","Institute of Geological Sciences
University of Bern
Baltzerstrasse 1
3012 Bern Switzerland","","","","",2,"true","journal article",20441,"https://doi.org/10.1016/j.palaeo.2023.111839",2023,"Temotzin-Loranca, Y., E. Gobet, B. Vannière, J.F.N. van Leeuwen, G. Wienhues, C. Courtney-Mustaphi, M. Kishe, M. Muschick, L. King, P. Misra, N. Ngoepe, B. Matthews, H. Vogel, O. Heiri, O. Seehausen, M. Grosjean, and W. Tinner. 2023. Long-term ecological successions of vegetation around Lake Victoria (East Africa) in response to latest Pleistocene and Early Holocene climate changes. Palaeogeography, Palaeoclimatology, Palaeoecology 631:111839. [DOI: https://doi.org/10.1016/j.palaeo.2023.111839]","Long-term ecological successions of vegetation around Lake Victoria (East Africa) in response to latest Pleistocene and Early Holocene climate changes","Palaeogeography, Palaeoclimatology, Palaeoecology",631,111839,2,16,"Tinner","W.","20036,8777,9974,15224,20037,18278,20038,20039,20040,20041,20042,20043,10026,9224,20044,15357,9599","Temoltzin-Loranca, Y.|Gobet, E.|Vannière, B.|van Leeuwen, J.F.N.|Wienhues, G.|Courtney-Mustaphi, C.J.|Kishe, M.|Muschick, M.|King, L.|Misra, P.|Ngoepe, N.|Matthews, B.|Vogel, H.|Heiri, O.|Seehausen, O.|Grosjean, M.|Tinner, W.",15695,"18278,8777,15357,9224,20040,20038,20043,20041,20039,20042,20044,20036,9599,15224,9974,10026,20037","Morales-Molino, C.","Courtney-Mustaphi, C.J.|Gobet, E.|Grosjean, M.|Heiri, O.|King, L.|Kishe, M.|Matthews, B.|Misra, P.|Muschick, M.|Ngoepe, N.|Seehausen, O.|Temoltzin-Loranca, Y.|Tinner, W.|van Leeuwen, J.F.N.|Vannière, B.|Vogel, H.|Wienhues, G.","Pollen","LV4 pollen",1,"Temoltzin-Loranca et al. (2023)","Calendar years BP","True",NA,"rbacon",16700,-50,NA,"Temotzin-Loranca, Y.",15,20036,"Temoltzin-Loranca, Y.",NA,NA,NA,NA,"Radiocarbon"
726,1,1,15293,1,4,9666,521,0,2,0,1,0,1,0,0,1,0,1,0,0,0,0,8,0,0,0,0,16,0,0,0,1,0,0,0,0,1,4,0,0,0,0,0,0,0,2,0,0,0,0,0,0,77,0,0,0,0,0,3,0,0,0,0,0,0,0,0,0,1,0,0,0,0,2,0,0,1,0,0,0,0,0,0,0,0,3,0,0,0,0,4,2,0,0,5,0,0,0,0,0,0,1,0,313,0,4,1,0,0,0,0,0,3,0,1,0,0,0,1,1,1,0,1,0,0,0,0,24,1,0,0,0,0,1,0,"ml","number","spores/tablet","number","NISP","NISP","NISP","NISP","NISP","NISP","NISP","NISP","NISP","NISP","NISP","NISP","NISP","NISP","NISP","NISP","NISP","NISP","NISP","NISP","NISP","NISP","NISP","NISP","NISP","NISP","NISP","NISP","NISP","NISP","NISP","NISP","NISP","NISP","NISP","NISP","NISP","NISP","NISP","NISP","NISP","NISP","NISP","NISP","NISP","NISP","NISP","NISP","NISP","NISP","NISP","NISP","NISP","NISP","NISP","NISP","NISP","NISP","NISP","NISP","NISP","NISP","NISP","NISP","NISP","NISP","NISP","NISP","NISP","NISP","NISP","NISP","NISP","NISP","NISP","NISP","NISP","NISP","NISP","NISP","NISP","NISP","NISP","NISP","NISP","NISP","NISP","NISP","NISP","NISP","NISP","NISP","NISP","NISP","NISP","NISP","NISP","NISP","NISP","NISP","NISP","NISP","NISP","NISP","NISP","NISP","NISP","NISP","NISP","NISP","NISP","NISP","NISP","NISP","NISP","NISP","NISP","NISP","NISP","NISP","NISP","NISP","NISP","NISP","NISP","NISP","NISP","NISP","volume","quantity added","concentration","counted","pollen","pollen","pollen","pollen","pollen","pollen","pollen","pollen","pollen","pollen","pollen","pollen","pollen","pollen","pollen","pollen","pollen","spore","spore","pollen","pollen","pollen","pollen","pollen","pollen","pollen","spore","pollen","pollen","pollen","pollen","pollen","pollen","pollen","pollen","pollen","pollen","pollen","pollen","pollen","pollen","pollen","pollen","pollen","spore","pollen","spore","pollen","pollen","pollen","pollen","pollen","pollen","pollen","pollen","pollen","pollen","pollen","spore","pollen","pollen","pollen","pollen","pollen","pollen","pollen","pollen","pollen","pollen","pollen","pollen","spore","pollen","pollen","pollen","pollen","pollen","pollen","spore","pollen","pollen","pollen","pollen","pollen","pollen","pollen","pollen","pollen","spore","pollen","pollen","pollen","pollen","pollen","pollen","pollen","pollen","pollen","pollen/spore","pollen","pollen","pollen","spore","spore","pollen","pollen","pollen","pollen","pollen","pollen","spore","pollen","pollen","pollen","pollen","pollen","pollen","pollen","pollen","spore","pollen","pollen","pollen","pollen","pollen","pollen","pollen","pollen","Lake Victoria (Shirati Bay) LV4",33.7961333333333,33.7961333333333,-1.04943333333333,-1.04943333333333,1135,6880000,"Tanzania",NA,NA,NA,NA,68,33135,"LVC18_S4","Lake Victoria LV4","Core","UWITEC piston corer","2018-10-01",NA,"Natural Lake",63,"30 km away from the shore in the Shirati Bay",NA,NA,NA,NA,NA,NA,NA,"2,10,12,3,16",44877,"8777,15357,20039,20044,9599","Gobet, E.|Grosjean, M.|Muschick, M.|Seehausen, O.|Tinner, W.",25,"Depth",15,"Carbon-14","Radiocarbon years BP",773,2,"BE-16267",14100,110,110,1,110,"False","Pollen concentrate","Corrected to 13500 +/- 410 radiocarbon yr BP","Temotzin-Loranca et al. 2023",2,20036,"Temoltzin-Loranca, Y.",14210,13990,19,10026,10026,"Vogel, Hendrik","Vogel, H.","Vogel","Hendrik","H.","Prof.","unknown","Institute of Geological Sciences
University of Bern
Baltzerstrasse 1
3012 Bern Switzerland","","","","",2,"true","journal article",20441,"https://doi.org/10.1016/j.palaeo.2023.111839",2023,"Temotzin-Loranca, Y., E. Gobet, B. Vannière, J.F.N. van Leeuwen, G. Wienhues, C. Courtney-Mustaphi, M. Kishe, M. Muschick, L. King, P. Misra, N. Ngoepe, B. Matthews, H. Vogel, O. Heiri, O. Seehausen, M. Grosjean, and W. Tinner. 2023. Long-term ecological successions of vegetation around Lake Victoria (East Africa) in response to latest Pleistocene and Early Holocene climate changes. Palaeogeography, Palaeoclimatology, Palaeoecology 631:111839. [DOI: https://doi.org/10.1016/j.palaeo.2023.111839]","Long-term ecological successions of vegetation around Lake Victoria (East Africa) in response to latest Pleistocene and Early Holocene climate changes","Palaeogeography, Palaeoclimatology, Palaeoecology",631,111839,2,16,"Tinner","W.","20036,8777,9974,15224,20037,18278,20038,20039,20040,20041,20042,20043,10026,9224,20044,15357,9599","Temoltzin-Loranca, Y.|Gobet, E.|Vannière, B.|van Leeuwen, J.F.N.|Wienhues, G.|Courtney-Mustaphi, C.J.|Kishe, M.|Muschick, M.|King, L.|Misra, P.|Ngoepe, N.|Matthews, B.|Vogel, H.|Heiri, O.|Seehausen, O.|Grosjean, M.|Tinner, W.",15695,"18278,8777,15357,9224,20040,20038,20043,20041,20039,20042,20044,20036,9599,15224,9974,10026,20037","Morales-Molino, C.","Courtney-Mustaphi, C.J.|Gobet, E.|Grosjean, M.|Heiri, O.|King, L.|Kishe, M.|Matthews, B.|Misra, P.|Muschick, M.|Ngoepe, N.|Seehausen, O.|Temoltzin-Loranca, Y.|Tinner, W.|van Leeuwen, J.F.N.|Vannière, B.|Vogel, H.|Wienhues, G.","Pollen","LV4 pollen",1,"Temoltzin-Loranca et al. (2023)","Calendar years BP","True",NA,"rbacon",16700,-50,NA,"Temotzin-Loranca, Y.",15,20036,"Temoltzin-Loranca, Y.",NA,NA,NA,NA,"Radiocarbon"
728,1,1,15360,1,4,9666,465,0,2,0,1,0,1,0,0,1,0,1,2,0,0,0,7,0,0,0,0,15,1,0,0,1,0,0,0,0,1,4,0,0,0,0,0,0,0,2,0,0,0,0,0,0,70,0,0,0,0,0,3,0,0,0,0,0,0,0,0,0,2,0,0,0,0,2,0,0,1,0,0,0,0,0,0,0,0,3,0,0,0,0,4,2,0,0,5,0,0,0,0,1,0,0,0,285,0,5,1,0,0,0,0,0,3,0,0,0,0,0,0,0,0,0,0,0,0,0,0,22,0,0,0,0,0,1,0,"ml","number","spores/tablet","number","NISP","NISP","NISP","NISP","NISP","NISP","NISP","NISP","NISP","NISP","NISP","NISP","NISP","NISP","NISP","NISP","NISP","NISP","NISP","NISP","NISP","NISP","NISP","NISP","NISP","NISP","NISP","NISP","NISP","NISP","NISP","NISP","NISP","NISP","NISP","NISP","NISP","NISP","NISP","NISP","NISP","NISP","NISP","NISP","NISP","NISP","NISP","NISP","NISP","NISP","NISP","NISP","NISP","NISP","NISP","NISP","NISP","NISP","NISP","NISP","NISP","NISP","NISP","NISP","NISP","NISP","NISP","NISP","NISP","NISP","NISP","NISP","NISP","NISP","NISP","NISP","NISP","NISP","NISP","NISP","NISP","NISP","NISP","NISP","NISP","NISP","NISP","NISP","NISP","NISP","NISP","NISP","NISP","NISP","NISP","NISP","NISP","NISP","NISP","NISP","NISP","NISP","NISP","NISP","NISP","NISP","NISP","NISP","NISP","NISP","NISP","NISP","NISP","NISP","NISP","NISP","NISP","NISP","NISP","NISP","NISP","NISP","NISP","NISP","NISP","NISP","NISP","NISP","volume","quantity added","concentration","counted","pollen","pollen","pollen","pollen","pollen","pollen","pollen","pollen","pollen","pollen","pollen","pollen","pollen","pollen","pollen","pollen","pollen","spore","spore","pollen","pollen","pollen","pollen","pollen","pollen","pollen","spore","pollen","pollen","pollen","pollen","pollen","pollen","pollen","pollen","pollen","pollen","pollen","pollen","pollen","pollen","pollen","pollen","pollen","spore","pollen","spore","pollen","pollen","pollen","pollen","pollen","pollen","pollen","pollen","pollen","pollen","pollen","spore","pollen","pollen","pollen","pollen","pollen","pollen","pollen","pollen","pollen","pollen","pollen","pollen","spore","pollen","pollen","pollen","pollen","pollen","pollen","spore","pollen","pollen","pollen","pollen","pollen","pollen","pollen","pollen","pollen","spore","pollen","pollen","pollen","pollen","pollen","pollen","pollen","pollen","pollen","pollen/spore","pollen","pollen","pollen","spore","spore","pollen","pollen","pollen","pollen","pollen","pollen","spore","pollen","pollen","pollen","pollen","pollen","pollen","pollen","pollen","spore","pollen","pollen","pollen","pollen","pollen","pollen","pollen","pollen","Lake Victoria (Shirati Bay) LV4",33.7961333333333,33.7961333333333,-1.04943333333333,-1.04943333333333,1135,6880000,"Tanzania",NA,NA,NA,NA,68,33135,"LVC18_S4","Lake Victoria LV4","Core","UWITEC piston corer","2018-10-01",NA,"Natural Lake",63,"30 km away from the shore in the Shirati Bay",NA,NA,NA,NA,NA,NA,NA,"2,10,12,3,16",44877,"8777,15357,20039,20044,9599","Gobet, E.|Grosjean, M.|Muschick, M.|Seehausen, O.|Tinner, W.",25,"Depth",15,"Carbon-14","Radiocarbon years BP",773,2,"BE-16267",14100,110,110,1,110,"False","Pollen concentrate","Corrected to 13500 +/- 410 radiocarbon yr BP","Temotzin-Loranca et al. 2023",2,20036,"Temoltzin-Loranca, Y.",14210,13990,19,10026,10026,"Vogel, Hendrik","Vogel, H.","Vogel","Hendrik","H.","Prof.","unknown","Institute of Geological Sciences
University of Bern
Baltzerstrasse 1
3012 Bern Switzerland","","","","",2,"true","journal article",20441,"https://doi.org/10.1016/j.palaeo.2023.111839",2023,"Temotzin-Loranca, Y., E. Gobet, B. Vannière, J.F.N. van Leeuwen, G. Wienhues, C. Courtney-Mustaphi, M. Kishe, M. Muschick, L. King, P. Misra, N. Ngoepe, B. Matthews, H. Vogel, O. Heiri, O. Seehausen, M. Grosjean, and W. Tinner. 2023. Long-term ecological successions of vegetation around Lake Victoria (East Africa) in response to latest Pleistocene and Early Holocene climate changes. Palaeogeography, Palaeoclimatology, Palaeoecology 631:111839. [DOI: https://doi.org/10.1016/j.palaeo.2023.111839]","Long-term ecological successions of vegetation around Lake Victoria (East Africa) in response to latest Pleistocene and Early Holocene climate changes","Palaeogeography, Palaeoclimatology, Palaeoecology",631,111839,2,16,"Tinner","W.","20036,8777,9974,15224,20037,18278,20038,20039,20040,20041,20042,20043,10026,9224,20044,15357,9599","Temoltzin-Loranca, Y.|Gobet, E.|Vannière, B.|van Leeuwen, J.F.N.|Wienhues, G.|Courtney-Mustaphi, C.J.|Kishe, M.|Muschick, M.|King, L.|Misra, P.|Ngoepe, N.|Matthews, B.|Vogel, H.|Heiri, O.|Seehausen, O.|Grosjean, M.|Tinner, W.",15695,"18278,8777,15357,9224,20040,20038,20043,20041,20039,20042,20044,20036,9599,15224,9974,10026,20037","Morales-Molino, C.","Courtney-Mustaphi, C.J.|Gobet, E.|Grosjean, M.|Heiri, O.|King, L.|Kishe, M.|Matthews, B.|Misra, P.|Muschick, M.|Ngoepe, N.|Seehausen, O.|Temoltzin-Loranca, Y.|Tinner, W.|van Leeuwen, J.F.N.|Vannière, B.|Vogel, H.|Wienhues, G.","Pollen","LV4 pollen",1,"Temoltzin-Loranca et al. (2023)","Calendar years BP","True",NA,"rbacon",16700,-50,NA,"Temotzin-Loranca, Y.",15,20036,"Temoltzin-Loranca, Y.",NA,NA,NA,NA,"Radiocarbon"
730,1,1,15428,1,4,9666,193,0,0,0,0,0,0,0,0,0,0,0,1,0,0,0,4,0,0,0,0,2,1,0,0,0,0,0,0,0,0,1,0,0,0,0,0,0,0,2,0,0,7,0,0,0,34,0,0,0,0,0,0,0,0,0,0,0,0,0,0,0,0,0,0,0,0,1,0,0,0,0,0,0,0,0,0,0,0,1,2,0,0,0,3,0,0,0,1,0,0,0,0,1,0,0,1,136,1,4,0,0,0,0,0,0,2,0,0,0,0,0,0,0,0,0,0,0,0,0,0,14,1,0,0,0,0,0,0,"ml","number","spores/tablet","number","NISP","NISP","NISP","NISP","NISP","NISP","NISP","NISP","NISP","NISP","NISP","NISP","NISP","NISP","NISP","NISP","NISP","NISP","NISP","NISP","NISP","NISP","NISP","NISP","NISP","NISP","NISP","NISP","NISP","NISP","NISP","NISP","NISP","NISP","NISP","NISP","NISP","NISP","NISP","NISP","NISP","NISP","NISP","NISP","NISP","NISP","NISP","NISP","NISP","NISP","NISP","NISP","NISP","NISP","NISP","NISP","NISP","NISP","NISP","NISP","NISP","NISP","NISP","NISP","NISP","NISP","NISP","NISP","NISP","NISP","NISP","NISP","NISP","NISP","NISP","NISP","NISP","NISP","NISP","NISP","NISP","NISP","NISP","NISP","NISP","NISP","NISP","NISP","NISP","NISP","NISP","NISP","NISP","NISP","NISP","NISP","NISP","NISP","NISP","NISP","NISP","NISP","NISP","NISP","NISP","NISP","NISP","NISP","NISP","NISP","NISP","NISP","NISP","NISP","NISP","NISP","NISP","NISP","NISP","NISP","NISP","NISP","NISP","NISP","NISP","NISP","NISP","NISP","volume","quantity added","concentration","counted","pollen","pollen","pollen","pollen","pollen","pollen","pollen","pollen","pollen","pollen","pollen","pollen","pollen","pollen","pollen","pollen","pollen","spore","spore","pollen","pollen","pollen","pollen","pollen","pollen","pollen","spore","pollen","pollen","pollen","pollen","pollen","pollen","pollen","pollen","pollen","pollen","pollen","pollen","pollen","pollen","pollen","pollen","pollen","spore","pollen","spore","pollen","pollen","pollen","pollen","pollen","pollen","pollen","pollen","pollen","pollen","pollen","spore","pollen","pollen","pollen","pollen","pollen","pollen","pollen","pollen","pollen","pollen","pollen","pollen","spore","pollen","pollen","pollen","pollen","pollen","pollen","spore","pollen","pollen","pollen","pollen","pollen","pollen","pollen","pollen","pollen","spore","pollen","pollen","pollen","pollen","pollen","pollen","pollen","pollen","pollen","pollen/spore","pollen","pollen","pollen","spore","spore","pollen","pollen","pollen","pollen","pollen","pollen","spore","pollen","pollen","pollen","pollen","pollen","pollen","pollen","pollen","spore","pollen","pollen","pollen","pollen","pollen","pollen","pollen","pollen","Lake Victoria (Shirati Bay) LV4",33.7961333333333,33.7961333333333,-1.04943333333333,-1.04943333333333,1135,6880000,"Tanzania",NA,NA,NA,NA,68,33135,"LVC18_S4","Lake Victoria LV4","Core","UWITEC piston corer","2018-10-01",NA,"Natural Lake",63,"30 km away from the shore in the Shirati Bay",NA,NA,NA,NA,NA,NA,NA,"2,10,12,3,16",44877,"8777,15357,20039,20044,9599","Gobet, E.|Grosjean, M.|Muschick, M.|Seehausen, O.|Tinner, W.",25,"Depth",15,"Carbon-14","Radiocarbon years BP",773,2,"BE-16267",14100,110,110,1,110,"False","Pollen concentrate","Corrected to 13500 +/- 410 radiocarbon yr BP","Temotzin-Loranca et al. 2023",2,20036,"Temoltzin-Loranca, Y.",14210,13990,20,20037,20037,"Wienhues, Giulia","Wienhues, G.","Wienhues","Giulia","G.","Dr.","unknown","Institute of Geography and Oeschger Center for Climate Change Research
University of Bern
Bern, Switzerland","","","","",2,"true","journal article",20441,"https://doi.org/10.1016/j.palaeo.2023.111839",2023,"Temotzin-Loranca, Y., E. Gobet, B. Vannière, J.F.N. van Leeuwen, G. Wienhues, C. Courtney-Mustaphi, M. Kishe, M. Muschick, L. King, P. Misra, N. Ngoepe, B. Matthews, H. Vogel, O. Heiri, O. Seehausen, M. Grosjean, and W. Tinner. 2023. Long-term ecological successions of vegetation around Lake Victoria (East Africa) in response to latest Pleistocene and Early Holocene climate changes. Palaeogeography, Palaeoclimatology, Palaeoecology 631:111839. [DOI: https://doi.org/10.1016/j.palaeo.2023.111839]","Long-term ecological successions of vegetation around Lake Victoria (East Africa) in response to latest Pleistocene and Early Holocene climate changes","Palaeogeography, Palaeoclimatology, Palaeoecology",631,111839,2,16,"Tinner","W.","20036,8777,9974,15224,20037,18278,20038,20039,20040,20041,20042,20043,10026,9224,20044,15357,9599","Temoltzin-Loranca, Y.|Gobet, E.|Vannière, B.|van Leeuwen, J.F.N.|Wienhues, G.|Courtney-Mustaphi, C.J.|Kishe, M.|Muschick, M.|King, L.|Misra, P.|Ngoepe, N.|Matthews, B.|Vogel, H.|Heiri, O.|Seehausen, O.|Grosjean, M.|Tinner, W.",15695,"18278,8777,15357,9224,20040,20038,20043,20041,20039,20042,20044,20036,9599,15224,9974,10026,20037","Morales-Molino, C.","Courtney-Mustaphi, C.J.|Gobet, E.|Grosjean, M.|Heiri, O.|King, L.|Kishe, M.|Matthews, B.|Misra, P.|Muschick, M.|Ngoepe, N.|Seehausen, O.|Temoltzin-Loranca, Y.|Tinner, W.|van Leeuwen, J.F.N.|Vannière, B.|Vogel, H.|Wienhues, G.","Pollen","LV4 pollen",1,"Temoltzin-Loranca et al. (2023)","Calendar years BP","True",NA,"rbacon",16700,-50,NA,"Temotzin-Loranca, Y.",15,20036,"Temoltzin-Loranca, Y.",NA,NA,NA,NA,"Radiocarbon"
732,1,1,15495,1,4,9666,384,0,0,0,0,0,0,0,0,0,0,0,2,0,0,0,8,0,0,0,0,4,0,0,0,0,0,0,0,0,0,2,0,0,0,0,0,0,0,4,0,0,14,0,0,0,51,0,0,0,0,0,0,0,0,0,0,0,0,0,0,0,0,0,0,0,0,2,0,0,0,0,0,0,0,0,0,0,0,2,4,0,0,0,6,0,0,0,2,0,0,0,0,0,0,2,0,260,2,5,0,0,0,0,0,0,4,0,0,0,0,0,0,1,0,0,0,0,0,0,0,29,3,0,0,0,0,0,0,"ml","number","spores/tablet","number","NISP","NISP","NISP","NISP","NISP","NISP","NISP","NISP","NISP","NISP","NISP","NISP","NISP","NISP","NISP","NISP","NISP","NISP","NISP","NISP","NISP","NISP","NISP","NISP","NISP","NISP","NISP","NISP","NISP","NISP","NISP","NISP","NISP","NISP","NISP","NISP","NISP","NISP","NISP","NISP","NISP","NISP","NISP","NISP","NISP","NISP","NISP","NISP","NISP","NISP","NISP","NISP","NISP","NISP","NISP","NISP","NISP","NISP","NISP","NISP","NISP","NISP","NISP","NISP","NISP","NISP","NISP","NISP","NISP","NISP","NISP","NISP","NISP","NISP","NISP","NISP","NISP","NISP","NISP","NISP","NISP","NISP","NISP","NISP","NISP","NISP","NISP","NISP","NISP","NISP","NISP","NISP","NISP","NISP","NISP","NISP","NISP","NISP","NISP","NISP","NISP","NISP","NISP","NISP","NISP","NISP","NISP","NISP","NISP","NISP","NISP","NISP","NISP","NISP","NISP","NISP","NISP","NISP","NISP","NISP","NISP","NISP","NISP","NISP","NISP","NISP","NISP","NISP","volume","quantity added","concentration","counted","pollen","pollen","pollen","pollen","pollen","pollen","pollen","pollen","pollen","pollen","pollen","pollen","pollen","pollen","pollen","pollen","pollen","spore","spore","pollen","pollen","pollen","pollen","pollen","pollen","pollen","spore","pollen","pollen","pollen","pollen","pollen","pollen","pollen","pollen","pollen","pollen","pollen","pollen","pollen","pollen","pollen","pollen","pollen","spore","pollen","spore","pollen","pollen","pollen","pollen","pollen","pollen","pollen","pollen","pollen","pollen","pollen","spore","pollen","pollen","pollen","pollen","pollen","pollen","pollen","pollen","pollen","pollen","pollen","pollen","spore","pollen","pollen","pollen","pollen","pollen","pollen","spore","pollen","pollen","pollen","pollen","pollen","pollen","pollen","pollen","pollen","spore","pollen","pollen","pollen","pollen","pollen","pollen","pollen","pollen","pollen","pollen/spore","pollen","pollen","pollen","spore","spore","pollen","pollen","pollen","pollen","pollen","pollen","spore","pollen","pollen","pollen","pollen","pollen","pollen","pollen","pollen","spore","pollen","pollen","pollen","pollen","pollen","pollen","pollen","pollen","Lake Victoria (Shirati Bay) LV4",33.7961333333333,33.7961333333333,-1.04943333333333,-1.04943333333333,1135,6880000,"Tanzania",NA,NA,NA,NA,68,33135,"LVC18_S4","Lake Victoria LV4","Core","UWITEC piston corer","2018-10-01",NA,"Natural Lake",63,"30 km away from the shore in the Shirati Bay",NA,NA,NA,NA,NA,NA,NA,"2,10,12,3,16",44877,"8777,15357,20039,20044,9599","Gobet, E.|Grosjean, M.|Muschick, M.|Seehausen, O.|Tinner, W.",25,"Depth",15,"Carbon-14","Radiocarbon years BP",773,2,"BE-16267",14100,110,110,1,110,"False","Pollen concentrate","Corrected to 13500 +/- 410 radiocarbon yr BP","Temotzin-Loranca et al. 2023",2,20036,"Temoltzin-Loranca, Y.",14210,13990,20,20037,20037,"Wienhues, Giulia","Wienhues, G.","Wienhues","Giulia","G.","Dr.","unknown","Institute of Geography and Oeschger Center for Climate Change Research
University of Bern
Bern, Switzerland","","","","",2,"true","journal article",20441,"https://doi.org/10.1016/j.palaeo.2023.111839",2023,"Temotzin-Loranca, Y., E. Gobet, B. Vannière, J.F.N. van Leeuwen, G. Wienhues, C. Courtney-Mustaphi, M. Kishe, M. Muschick, L. King, P. Misra, N. Ngoepe, B. Matthews, H. Vogel, O. Heiri, O. Seehausen, M. Grosjean, and W. Tinner. 2023. Long-term ecological successions of vegetation around Lake Victoria (East Africa) in response to latest Pleistocene and Early Holocene climate changes. Palaeogeography, Palaeoclimatology, Palaeoecology 631:111839. [DOI: https://doi.org/10.1016/j.palaeo.2023.111839]","Long-term ecological successions of vegetation around Lake Victoria (East Africa) in response to latest Pleistocene and Early Holocene climate changes","Palaeogeography, Palaeoclimatology, Palaeoecology",631,111839,2,16,"Tinner","W.","20036,8777,9974,15224,20037,18278,20038,20039,20040,20041,20042,20043,10026,9224,20044,15357,9599","Temoltzin-Loranca, Y.|Gobet, E.|Vannière, B.|van Leeuwen, J.F.N.|Wienhues, G.|Courtney-Mustaphi, C.J.|Kishe, M.|Muschick, M.|King, L.|Misra, P.|Ngoepe, N.|Matthews, B.|Vogel, H.|Heiri, O.|Seehausen, O.|Grosjean, M.|Tinner, W.",15695,"18278,8777,15357,9224,20040,20038,20043,20041,20039,20042,20044,20036,9599,15224,9974,10026,20037","Morales-Molino, C.","Courtney-Mustaphi, C.J.|Gobet, E.|Grosjean, M.|Heiri, O.|King, L.|Kishe, M.|Matthews, B.|Misra, P.|Muschick, M.|Ngoepe, N.|Seehausen, O.|Temoltzin-Loranca, Y.|Tinner, W.|van Leeuwen, J.F.N.|Vannière, B.|Vogel, H.|Wienhues, G.","Pollen","LV4 pollen",1,"Temoltzin-Loranca et al. (2023)","Calendar years BP","True",NA,"rbacon",16700,-50,NA,"Temotzin-Loranca, Y.",15,20036,"Temoltzin-Loranca, Y.",NA,NA,NA,NA,"Radiocarbon"
734,1,1,15561,1,4,9666,212,0,0,0,0,0,0,0,0,0,0,0,1,0,0,0,5,0,0,0,0,4,0,0,0,0,0,0,0,0,0,1,1,0,0,0,0,0,0,0,0,0,3,0,0,0,69,0,1,0,0,0,1,0,0,0,0,0,0,0,0,0,0,0,0,0,1,1,0,0,0,1,0,0,0,0,0,0,0,2,1,0,0,0,1,0,0,0,3,1,0,0,0,0,0,0,0,205,4,4,0,0,0,0,0,0,0,0,0,0,0,0,0,1,0,0,0,0,0,0,0,14,1,0,0,0,0,0,0,"ml","number","spores/tablet","number","NISP","NISP","NISP","NISP","NISP","NISP","NISP","NISP","NISP","NISP","NISP","NISP","NISP","NISP","NISP","NISP","NISP","NISP","NISP","NISP","NISP","NISP","NISP","NISP","NISP","NISP","NISP","NISP","NISP","NISP","NISP","NISP","NISP","NISP","NISP","NISP","NISP","NISP","NISP","NISP","NISP","NISP","NISP","NISP","NISP","NISP","NISP","NISP","NISP","NISP","NISP","NISP","NISP","NISP","NISP","NISP","NISP","NISP","NISP","NISP","NISP","NISP","NISP","NISP","NISP","NISP","NISP","NISP","NISP","NISP","NISP","NISP","NISP","NISP","NISP","NISP","NISP","NISP","NISP","NISP","NISP","NISP","NISP","NISP","NISP","NISP","NISP","NISP","NISP","NISP","NISP","NISP","NISP","NISP","NISP","NISP","NISP","NISP","NISP","NISP","NISP","NISP","NISP","NISP","NISP","NISP","NISP","NISP","NISP","NISP","NISP","NISP","NISP","NISP","NISP","NISP","NISP","NISP","NISP","NISP","NISP","NISP","NISP","NISP","NISP","NISP","NISP","NISP","volume","quantity added","concentration","counted","pollen","pollen","pollen","pollen","pollen","pollen","pollen","pollen","pollen","pollen","pollen","pollen","pollen","pollen","pollen","pollen","pollen","spore","spore","pollen","pollen","pollen","pollen","pollen","pollen","pollen","spore","pollen","pollen","pollen","pollen","pollen","pollen","pollen","pollen","pollen","pollen","pollen","pollen","pollen","pollen","pollen","pollen","pollen","spore","pollen","spore","pollen","pollen","pollen","pollen","pollen","pollen","pollen","pollen","pollen","pollen","pollen","spore","pollen","pollen","pollen","pollen","pollen","pollen","pollen","pollen","pollen","pollen","pollen","pollen","spore","pollen","pollen","pollen","pollen","pollen","pollen","spore","pollen","pollen","pollen","pollen","pollen","pollen","pollen","pollen","pollen","spore","pollen","pollen","pollen","pollen","pollen","pollen","pollen","pollen","pollen","pollen/spore","pollen","pollen","pollen","spore","spore","pollen","pollen","pollen","pollen","pollen","pollen","spore","pollen","pollen","pollen","pollen","pollen","pollen","pollen","pollen","spore","pollen","pollen","pollen","pollen","pollen","pollen","pollen","pollen","Lake Victoria (Shirati Bay) LV4",33.7961333333333,33.7961333333333,-1.04943333333333,-1.04943333333333,1135,6880000,"Tanzania",NA,NA,NA,NA,68,33135,"LVC18_S4","Lake Victoria LV4","Core","UWITEC piston corer","2018-10-01",NA,"Natural Lake",63,"30 km away from the shore in the Shirati Bay",NA,NA,NA,NA,NA,NA,NA,"2,10,12,3,16",44877,"8777,15357,20039,20044,9599","Gobet, E.|Grosjean, M.|Muschick, M.|Seehausen, O.|Tinner, W.",25,"Depth",15,"Carbon-14","Radiocarbon years BP",773,2,"BE-16267",14100,110,110,1,110,"False","Pollen concentrate","Corrected to 13500 +/- 410 radiocarbon yr BP","Temotzin-Loranca et al. 2023",2,20036,"Temoltzin-Loranca, Y.",14210,13990,20,20037,20037,"Wienhues, Giulia","Wienhues, G.","Wienhues","Giulia","G.","Dr.","unknown","Institute of Geography and Oeschger Center for Climate Change Research
University of Bern
Bern, Switzerland","","","","",2,"true","journal article",20441,"https://doi.org/10.1016/j.palaeo.2023.111839",2023,"Temotzin-Loranca, Y., E. Gobet, B. Vannière, J.F.N. van Leeuwen, G. Wienhues, C. Courtney-Mustaphi, M. Kishe, M. Muschick, L. King, P. Misra, N. Ngoepe, B. Matthews, H. Vogel, O. Heiri, O. Seehausen, M. Grosjean, and W. Tinner. 2023. Long-term ecological successions of vegetation around Lake Victoria (East Africa) in response to latest Pleistocene and Early Holocene climate changes. Palaeogeography, Palaeoclimatology, Palaeoecology 631:111839. [DOI: https://doi.org/10.1016/j.palaeo.2023.111839]","Long-term ecological successions of vegetation around Lake Victoria (East Africa) in response to latest Pleistocene and Early Holocene climate changes","Palaeogeography, Palaeoclimatology, Palaeoecology",631,111839,2,16,"Tinner","W.","20036,8777,9974,15224,20037,18278,20038,20039,20040,20041,20042,20043,10026,9224,20044,15357,9599","Temoltzin-Loranca, Y.|Gobet, E.|Vannière, B.|van Leeuwen, J.F.N.|Wienhues, G.|Courtney-Mustaphi, C.J.|Kishe, M.|Muschick, M.|King, L.|Misra, P.|Ngoepe, N.|Matthews, B.|Vogel, H.|Heiri, O.|Seehausen, O.|Grosjean, M.|Tinner, W.",15695,"18278,8777,15357,9224,20040,20038,20043,20041,20039,20042,20044,20036,9599,15224,9974,10026,20037","Morales-Molino, C.","Courtney-Mustaphi, C.J.|Gobet, E.|Grosjean, M.|Heiri, O.|King, L.|Kishe, M.|Matthews, B.|Misra, P.|Muschick, M.|Ngoepe, N.|Seehausen, O.|Temoltzin-Loranca, Y.|Tinner, W.|van Leeuwen, J.F.N.|Vannière, B.|Vogel, H.|Wienhues, G.","Pollen","LV4 pollen",1,"Temoltzin-Loranca et al. (2023)","Calendar years BP","True",NA,"rbacon",16700,-50,NA,"Temotzin-Loranca, Y.",15,20036,"Temoltzin-Loranca, Y.",NA,NA,NA,NA,"Radiocarbon"
736,1,1,15626,1,4,9666,304,0,0,0,0,0,0,0,0,0,0,0,2,0,0,0,8,0,0,0,0,4,0,0,0,0,0,0,0,0,0,2,0,0,0,0,0,0,0,4,0,0,14,0,0,0,70,0,0,0,0,0,0,0,0,0,0,0,0,0,0,0,0,0,0,0,0,2,0,0,0,0,0,0,0,0,0,0,0,0,4,0,0,0,6,0,0,2,2,0,0,0,0,2,0,0,0,280,2,8,0,0,0,0,0,0,4,0,0,0,0,0,0,0,0,0,0,0,0,0,0,29,0,0,0,0,0,0,0,"ml","number","spores/tablet","number","NISP","NISP","NISP","NISP","NISP","NISP","NISP","NISP","NISP","NISP","NISP","NISP","NISP","NISP","NISP","NISP","NISP","NISP","NISP","NISP","NISP","NISP","NISP","NISP","NISP","NISP","NISP","NISP","NISP","NISP","NISP","NISP","NISP","NISP","NISP","NISP","NISP","NISP","NISP","NISP","NISP","NISP","NISP","NISP","NISP","NISP","NISP","NISP","NISP","NISP","NISP","NISP","NISP","NISP","NISP","NISP","NISP","NISP","NISP","NISP","NISP","NISP","NISP","NISP","NISP","NISP","NISP","NISP","NISP","NISP","NISP","NISP","NISP","NISP","NISP","NISP","NISP","NISP","NISP","NISP","NISP","NISP","NISP","NISP","NISP","NISP","NISP","NISP","NISP","NISP","NISP","NISP","NISP","NISP","NISP","NISP","NISP","NISP","NISP","NISP","NISP","NISP","NISP","NISP","NISP","NISP","NISP","NISP","NISP","NISP","NISP","NISP","NISP","NISP","NISP","NISP","NISP","NISP","NISP","NISP","NISP","NISP","NISP","NISP","NISP","NISP","NISP","NISP","volume","quantity added","concentration","counted","pollen","pollen","pollen","pollen","pollen","pollen","pollen","pollen","pollen","pollen","pollen","pollen","pollen","pollen","pollen","pollen","pollen","spore","spore","pollen","pollen","pollen","pollen","pollen","pollen","pollen","spore","pollen","pollen","pollen","pollen","pollen","pollen","pollen","pollen","pollen","pollen","pollen","pollen","pollen","pollen","pollen","pollen","pollen","spore","pollen","spore","pollen","pollen","pollen","pollen","pollen","pollen","pollen","pollen","pollen","pollen","pollen","spore","pollen","pollen","pollen","pollen","pollen","pollen","pollen","pollen","pollen","pollen","pollen","pollen","spore","pollen","pollen","pollen","pollen","pollen","pollen","spore","pollen","pollen","pollen","pollen","pollen","pollen","pollen","pollen","pollen","spore","pollen","pollen","pollen","pollen","pollen","pollen","pollen","pollen","pollen","pollen/spore","pollen","pollen","pollen","spore","spore","pollen","pollen","pollen","pollen","pollen","pollen","spore","pollen","pollen","pollen","pollen","pollen","pollen","pollen","pollen","spore","pollen","pollen","pollen","pollen","pollen","pollen","pollen","pollen","Lake Victoria (Shirati Bay) LV4",33.7961333333333,33.7961333333333,-1.04943333333333,-1.04943333333333,1135,6880000,"Tanzania",NA,NA,NA,NA,68,33135,"LVC18_S4","Lake Victoria LV4","Core","UWITEC piston corer","2018-10-01",NA,"Natural Lake",63,"30 km away from the shore in the Shirati Bay",NA,NA,NA,NA,NA,NA,NA,"2,10,12,3,16",44877,"8777,15357,20039,20044,9599","Gobet, E.|Grosjean, M.|Muschick, M.|Seehausen, O.|Tinner, W.",25,"Depth",15,"Carbon-14","Radiocarbon years BP",773,2,"BE-16267",14100,110,110,1,110,"False","Pollen concentrate","Corrected to 13500 +/- 410 radiocarbon yr BP","Temotzin-Loranca et al. 2023",2,20036,"Temoltzin-Loranca, Y.",14210,13990,20,20037,20037,"Wienhues, Giulia","Wienhues, G.","Wienhues","Giulia","G.","Dr.","unknown","Institute of Geography and Oeschger Center for Climate Change Research
University of Bern
Bern, Switzerland","","","","",2,"true","journal article",20441,"https://doi.org/10.1016/j.palaeo.2023.111839",2023,"Temotzin-Loranca, Y., E. Gobet, B. Vannière, J.F.N. van Leeuwen, G. Wienhues, C. Courtney-Mustaphi, M. Kishe, M. Muschick, L. King, P. Misra, N. Ngoepe, B. Matthews, H. Vogel, O. Heiri, O. Seehausen, M. Grosjean, and W. Tinner. 2023. Long-term ecological successions of vegetation around Lake Victoria (East Africa) in response to latest Pleistocene and Early Holocene climate changes. Palaeogeography, Palaeoclimatology, Palaeoecology 631:111839. [DOI: https://doi.org/10.1016/j.palaeo.2023.111839]","Long-term ecological successions of vegetation around Lake Victoria (East Africa) in response to latest Pleistocene and Early Holocene climate changes","Palaeogeography, Palaeoclimatology, Palaeoecology",631,111839,1,14,"Temoltzin-Loranca","Y.","20036,8777,9974,15224,20037,13851,18278,20038,20039,20044,15357,9599","Temoltzin-Loranca, Y.|Gobet, E.|Vannière, B.|van Leeuwen, J.F.N.|Wienhues, G.|Szidat, S.|Courtney-Mustaphi, C.J.|Kishe, M.|Muschick, M.|Seehausen, O.|Grosjean, M.|Tinner, W.",15695,"18278,8777,15357,9224,20040,20038,20043,20041,20039,20042,20044,20036,9599,15224,9974,10026,20037","Morales-Molino, C.","Courtney-Mustaphi, C.J.|Gobet, E.|Grosjean, M.|Heiri, O.|King, L.|Kishe, M.|Matthews, B.|Misra, P.|Muschick, M.|Ngoepe, N.|Seehausen, O.|Temoltzin-Loranca, Y.|Tinner, W.|van Leeuwen, J.F.N.|Vannière, B.|Vogel, H.|Wienhues, G.","Pollen","LV4 pollen",1,"Temoltzin-Loranca et al. (2023)","Calendar years BP","True",NA,"rbacon",16700,-50,NA,"Temotzin-Loranca, Y.",15,20036,"Temoltzin-Loranca, Y.",NA,NA,NA,NA,"Radiocarbon"
738,1,1,15688,1,4,9666,215,1,0,0,1,0,0,0,0,0,0,1,0,0,0,0,9,0,0,2,0,6,6,0,0,0,1,0,0,0,0,1,0,0,2,0,0,0,0,0,0,0,3,0,0,0,78,1,0,0,0,0,0,0,0,0,0,0,0,0,0,0,0,0,0,0,0,0,0,0,1,1,0,0,0,0,0,0,0,2,1,0,0,0,1,1,2,0,3,0,0,0,0,0,0,0,0,201,2,5,1,0,0,1,0,0,1,0,0,0,0,0,0,1,0,0,0,0,0,0,0,12,1,1,0,0,0,0,0,"ml","number","spores/tablet","number","NISP","NISP","NISP","NISP","NISP","NISP","NISP","NISP","NISP","NISP","NISP","NISP","NISP","NISP","NISP","NISP","NISP","NISP","NISP","NISP","NISP","NISP","NISP","NISP","NISP","NISP","NISP","NISP","NISP","NISP","NISP","NISP","NISP","NISP","NISP","NISP","NISP","NISP","NISP","NISP","NISP","NISP","NISP","NISP","NISP","NISP","NISP","NISP","NISP","NISP","NISP","NISP","NISP","NISP","NISP","NISP","NISP","NISP","NISP","NISP","NISP","NISP","NISP","NISP","NISP","NISP","NISP","NISP","NISP","NISP","NISP","NISP","NISP","NISP","NISP","NISP","NISP","NISP","NISP","NISP","NISP","NISP","NISP","NISP","NISP","NISP","NISP","NISP","NISP","NISP","NISP","NISP","NISP","NISP","NISP","NISP","NISP","NISP","NISP","NISP","NISP","NISP","NISP","NISP","NISP","NISP","NISP","NISP","NISP","NISP","NISP","NISP","NISP","NISP","NISP","NISP","NISP","NISP","NISP","NISP","NISP","NISP","NISP","NISP","NISP","NISP","NISP","NISP","volume","quantity added","concentration","counted","pollen","pollen","pollen","pollen","pollen","pollen","pollen","pollen","pollen","pollen","pollen","pollen","pollen","pollen","pollen","pollen","pollen","spore","spore","pollen","pollen","pollen","pollen","pollen","pollen","pollen","spore","pollen","pollen","pollen","pollen","pollen","pollen","pollen","pollen","pollen","pollen","pollen","pollen","pollen","pollen","pollen","pollen","pollen","spore","pollen","spore","pollen","pollen","pollen","pollen","pollen","pollen","pollen","pollen","pollen","pollen","pollen","spore","pollen","pollen","pollen","pollen","pollen","pollen","pollen","pollen","pollen","pollen","pollen","pollen","spore","pollen","pollen","pollen","pollen","pollen","pollen","spore","pollen","pollen","pollen","pollen","pollen","pollen","pollen","pollen","pollen","spore","pollen","pollen","pollen","pollen","pollen","pollen","pollen","pollen","pollen","pollen/spore","pollen","pollen","pollen","spore","spore","pollen","pollen","pollen","pollen","pollen","pollen","spore","pollen","pollen","pollen","pollen","pollen","pollen","pollen","pollen","spore","pollen","pollen","pollen","pollen","pollen","pollen","pollen","pollen","Lake Victoria (Shirati Bay) LV4",33.7961333333333,33.7961333333333,-1.04943333333333,-1.04943333333333,1135,6880000,"Tanzania",NA,NA,NA,NA,68,33135,"LVC18_S4","Lake Victoria LV4","Core","UWITEC piston corer","2018-10-01",NA,"Natural Lake",63,"30 km away from the shore in the Shirati Bay",NA,NA,NA,NA,NA,NA,NA,"2,10,12,3,16",44877,"8777,15357,20039,20044,9599","Gobet, E.|Grosjean, M.|Muschick, M.|Seehausen, O.|Tinner, W.",1,"Depth",15,"Carbon-14","Radiocarbon years BP",117,2,"BE-16248",2890,100,100,1,100,"False","Charcoal","","Temotzin-Loranca et al. 2023",2,20036,"Temoltzin-Loranca, Y.",2990,2790,20,20037,20037,"Wienhues, Giulia","Wienhues, G.","Wienhues","Giulia","G.","Dr.","unknown","Institute of Geography and Oeschger Center for Climate Change Research
University of Bern
Bern, Switzerland","","","","",2,"true","journal article",20441,"https://doi.org/10.1016/j.palaeo.2023.111839",2023,"Temotzin-Loranca, Y., E. Gobet, B. Vannière, J.F.N. van Leeuwen, G. Wienhues, C. Courtney-Mustaphi, M. Kishe, M. Muschick, L. King, P. Misra, N. Ngoepe, B. Matthews, H. Vogel, O. Heiri, O. Seehausen, M. Grosjean, and W. Tinner. 2023. Long-term ecological successions of vegetation around Lake Victoria (East Africa) in response to latest Pleistocene and Early Holocene climate changes. Palaeogeography, Palaeoclimatology, Palaeoecology 631:111839. [DOI: https://doi.org/10.1016/j.palaeo.2023.111839]","Long-term ecological successions of vegetation around Lake Victoria (East Africa) in response to latest Pleistocene and Early Holocene climate changes","Palaeogeography, Palaeoclimatology, Palaeoecology",631,111839,1,2,"Gobet","E.","20036,8777,9974,15224,20037,13851,18278,20038,20039,20044,15357,9599","Temoltzin-Loranca, Y.|Gobet, E.|Vannière, B.|van Leeuwen, J.F.N.|Wienhues, G.|Szidat, S.|Courtney-Mustaphi, C.J.|Kishe, M.|Muschick, M.|Seehausen, O.|Grosjean, M.|Tinner, W.",15695,"18278,8777,15357,9224,20040,20038,20043,20041,20039,20042,20044,20036,9599,15224,9974,10026,20037","Morales-Molino, C.","Courtney-Mustaphi, C.J.|Gobet, E.|Grosjean, M.|Heiri, O.|King, L.|Kishe, M.|Matthews, B.|Misra, P.|Muschick, M.|Ngoepe, N.|Seehausen, O.|Temoltzin-Loranca, Y.|Tinner, W.|van Leeuwen, J.F.N.|Vannière, B.|Vogel, H.|Wienhues, G.","Pollen","LV4 pollen",1,"Temoltzin-Loranca et al. (2023)","Calendar years BP","True",NA,"rbacon",16700,-50,NA,"Temotzin-Loranca, Y.",15,20036,"Temoltzin-Loranca, Y.",NA,NA,NA,NA,"Radiocarbon"
740,1,1,15748,1,4,9666,264,1,0,0,0,0,0,0,0,0,0,1,0,0,0,0,12,0,2,0,0,7,7,0,0,0,1,0,0,0,0,1,0,0,2,0,0,0,0,1,0,0,4,0,0,0,91,1,0,0,0,0,0,0,0,0,0,0,0,0,0,0,0,0,0,0,0,0,0,0,1,1,0,0,0,0,0,0,0,2,1,0,0,0,1,1,2,0,4,0,0,1,0,0,0,0,0,241,2,6,1,0,0,1,0,0,1,0,0,0,0,0,0,1,0,0,0,0,0,0,0,15,1,1,0,0,0,0,0,"ml","number","spores/tablet","number","NISP","NISP","NISP","NISP","NISP","NISP","NISP","NISP","NISP","NISP","NISP","NISP","NISP","NISP","NISP","NISP","NISP","NISP","NISP","NISP","NISP","NISP","NISP","NISP","NISP","NISP","NISP","NISP","NISP","NISP","NISP","NISP","NISP","NISP","NISP","NISP","NISP","NISP","NISP","NISP","NISP","NISP","NISP","NISP","NISP","NISP","NISP","NISP","NISP","NISP","NISP","NISP","NISP","NISP","NISP","NISP","NISP","NISP","NISP","NISP","NISP","NISP","NISP","NISP","NISP","NISP","NISP","NISP","NISP","NISP","NISP","NISP","NISP","NISP","NISP","NISP","NISP","NISP","NISP","NISP","NISP","NISP","NISP","NISP","NISP","NISP","NISP","NISP","NISP","NISP","NISP","NISP","NISP","NISP","NISP","NISP","NISP","NISP","NISP","NISP","NISP","NISP","NISP","NISP","NISP","NISP","NISP","NISP","NISP","NISP","NISP","NISP","NISP","NISP","NISP","NISP","NISP","NISP","NISP","NISP","NISP","NISP","NISP","NISP","NISP","NISP","NISP","NISP","volume","quantity added","concentration","counted","pollen","pollen","pollen","pollen","pollen","pollen","pollen","pollen","pollen","pollen","pollen","pollen","pollen","pollen","pollen","pollen","pollen","spore","spore","pollen","pollen","pollen","pollen","pollen","pollen","pollen","spore","pollen","pollen","pollen","pollen","pollen","pollen","pollen","pollen","pollen","pollen","pollen","pollen","pollen","pollen","pollen","pollen","pollen","spore","pollen","spore","pollen","pollen","pollen","pollen","pollen","pollen","pollen","pollen","pollen","pollen","pollen","spore","pollen","pollen","pollen","pollen","pollen","pollen","pollen","pollen","pollen","pollen","pollen","pollen","spore","pollen","pollen","pollen","pollen","pollen","pollen","spore","pollen","pollen","pollen","pollen","pollen","pollen","pollen","pollen","pollen","spore","pollen","pollen","pollen","pollen","pollen","pollen","pollen","pollen","pollen","pollen/spore","pollen","pollen","pollen","spore","spore","pollen","pollen","pollen","pollen","pollen","pollen","spore","pollen","pollen","pollen","pollen","pollen","pollen","pollen","pollen","spore","pollen","pollen","pollen","pollen","pollen","pollen","pollen","pollen","Lake Victoria (Shirati Bay) LV4",33.7961333333333,33.7961333333333,-1.04943333333333,-1.04943333333333,1135,6880000,"Tanzania",NA,NA,NA,NA,68,33135,"LVC18_S4","Lake Victoria LV4","Core","UWITEC piston corer","2018-10-01",NA,"Natural Lake",63,"30 km away from the shore in the Shirati Bay",NA,NA,NA,NA,NA,NA,NA,"2,10,12,3,16",44877,"8777,15357,20039,20044,9599","Gobet, E.|Grosjean, M.|Muschick, M.|Seehausen, O.|Tinner, W.",2,"Depth",15,"Carbon-14","Radiocarbon years BP",146,4,"BE-16249",3290,70,70,1,70,"False","Charcoal","Corrected to 2830 +/- 410 radiocarbon years BP","Temotzin-Loranca et al. 2023",2,20036,"Temoltzin-Loranca, Y.",3360,3220,20,20037,20037,"Wienhues, Giulia","Wienhues, G.","Wienhues","Giulia","G.","Dr.","unknown","Institute of Geography and Oeschger Center for Climate Change Research
University of Bern
Bern, Switzerland","","","","",2,"true","journal article",20441,"https://doi.org/10.1016/j.palaeo.2023.111839",2023,"Temotzin-Loranca, Y., E. Gobet, B. Vannière, J.F.N. van Leeuwen, G. Wienhues, C. Courtney-Mustaphi, M. Kishe, M. Muschick, L. King, P. Misra, N. Ngoepe, B. Matthews, H. Vogel, O. Heiri, O. Seehausen, M. Grosjean, and W. Tinner. 2023. Long-term ecological successions of vegetation around Lake Victoria (East Africa) in response to latest Pleistocene and Early Holocene climate changes. Palaeogeography, Palaeoclimatology, Palaeoecology 631:111839. [DOI: https://doi.org/10.1016/j.palaeo.2023.111839]","Long-term ecological successions of vegetation around Lake Victoria (East Africa) in response to latest Pleistocene and Early Holocene climate changes","Palaeogeography, Palaeoclimatology, Palaeoecology",631,111839,1,18,"Vannière","B.","20036,8777,9974,15224,20037,13851,18278,20038,20039,20044,15357,9599","Temoltzin-Loranca, Y.|Gobet, E.|Vannière, B.|van Leeuwen, J.F.N.|Wienhues, G.|Szidat, S.|Courtney-Mustaphi, C.J.|Kishe, M.|Muschick, M.|Seehausen, O.|Grosjean, M.|Tinner, W.",15695,"18278,8777,15357,9224,20040,20038,20043,20041,20039,20042,20044,20036,9599,15224,9974,10026,20037","Morales-Molino, C.","Courtney-Mustaphi, C.J.|Gobet, E.|Grosjean, M.|Heiri, O.|King, L.|Kishe, M.|Matthews, B.|Misra, P.|Muschick, M.|Ngoepe, N.|Seehausen, O.|Temoltzin-Loranca, Y.|Tinner, W.|van Leeuwen, J.F.N.|Vannière, B.|Vogel, H.|Wienhues, G.","Pollen","LV4 pollen",1,"Temoltzin-Loranca et al. (2023)","Calendar years BP","True",NA,"rbacon",16700,-50,NA,"Temotzin-Loranca, Y.",15,20036,"Temoltzin-Loranca, Y.",NA,NA,NA,NA,"Radiocarbon"
742,1,1,15804,1,4,9666,285,0,0,0,0,0,0,0,0,0,0,2,0,0,0,0,6,0,0,0,0,5,0,0,0,0,1,0,0,0,2,2,0,0,0,0,0,0,0,2,0,0,4,1,0,0,96,0,0,0,0,0,0,0,0,0,0,0,0,0,0,0,2,0,0,0,2,1,0,0,0,0,0,0,0,0,0,0,0,1,0,0,0,0,5,0,0,0,2,0,0,1,0,1,0,0,0,236,2,4,0,0,0,0,0,0,1,0,0,2,0,0,0,1,0,0,0,0,0,0,0,30,1,0,0,0,0,1,0,"ml","number","spores/tablet","number","NISP","NISP","NISP","NISP","NISP","NISP","NISP","NISP","NISP","NISP","NISP","NISP","NISP","NISP","NISP","NISP","NISP","NISP","NISP","NISP","NISP","NISP","NISP","NISP","NISP","NISP","NISP","NISP","NISP","NISP","NISP","NISP","NISP","NISP","NISP","NISP","NISP","NISP","NISP","NISP","NISP","NISP","NISP","NISP","NISP","NISP","NISP","NISP","NISP","NISP","NISP","NISP","NISP","NISP","NISP","NISP","NISP","NISP","NISP","NISP","NISP","NISP","NISP","NISP","NISP","NISP","NISP","NISP","NISP","NISP","NISP","NISP","NISP","NISP","NISP","NISP","NISP","NISP","NISP","NISP","NISP","NISP","NISP","NISP","NISP","NISP","NISP","NISP","NISP","NISP","NISP","NISP","NISP","NISP","NISP","NISP","NISP","NISP","NISP","NISP","NISP","NISP","NISP","NISP","NISP","NISP","NISP","NISP","NISP","NISP","NISP","NISP","NISP","NISP","NISP","NISP","NISP","NISP","NISP","NISP","NISP","NISP","NISP","NISP","NISP","NISP","NISP","NISP","volume","quantity added","concentration","counted","pollen","pollen","pollen","pollen","pollen","pollen","pollen","pollen","pollen","pollen","pollen","pollen","pollen","pollen","pollen","pollen","pollen","spore","spore","pollen","pollen","pollen","pollen","pollen","pollen","pollen","spore","pollen","pollen","pollen","pollen","pollen","pollen","pollen","pollen","pollen","pollen","pollen","pollen","pollen","pollen","pollen","pollen","pollen","spore","pollen","spore","pollen","pollen","pollen","pollen","pollen","pollen","pollen","pollen","pollen","pollen","pollen","spore","pollen","pollen","pollen","pollen","pollen","pollen","pollen","pollen","pollen","pollen","pollen","pollen","spore","pollen","pollen","pollen","pollen","pollen","pollen","spore","pollen","pollen","pollen","pollen","pollen","pollen","pollen","pollen","pollen","spore","pollen","pollen","pollen","pollen","pollen","pollen","pollen","pollen","pollen","pollen/spore","pollen","pollen","pollen","spore","spore","pollen","pollen","pollen","pollen","pollen","pollen","spore","pollen","pollen","pollen","pollen","pollen","pollen","pollen","pollen","spore","pollen","pollen","pollen","pollen","pollen","pollen","pollen","pollen","Lake Victoria (Shirati Bay) LV4",33.7961333333333,33.7961333333333,-1.04943333333333,-1.04943333333333,1135,6880000,"Tanzania",NA,NA,NA,NA,68,33135,"LVC18_S4","Lake Victoria LV4","Core","UWITEC piston corer","2018-10-01",NA,"Natural Lake",63,"30 km away from the shore in the Shirati Bay",NA,NA,NA,NA,NA,NA,NA,"2,10,12,3,16",44877,"8777,15357,20039,20044,9599","Gobet, E.|Grosjean, M.|Muschick, M.|Seehausen, O.|Tinner, W.",3,"Depth",15,"Carbon-14","Radiocarbon years BP",147,2,"BE-16262",3400,25,25,1,25,"False","Pollen concentrate","","Temotzin-Loranca et al. 2023",2,20036,"Temoltzin-Loranca, Y.",3425,3375,20,20037,20037,"Wienhues, Giulia","Wienhues, G.","Wienhues","Giulia","G.","Dr.","unknown","Institute of Geography and Oeschger Center for Climate Change Research
University of Bern
Bern, Switzerland","","","","",2,"true","journal article",20441,"https://doi.org/10.1016/j.palaeo.2023.111839",2023,"Temotzin-Loranca, Y., E. Gobet, B. Vannière, J.F.N. van Leeuwen, G. Wienhues, C. Courtney-Mustaphi, M. Kishe, M. Muschick, L. King, P. Misra, N. Ngoepe, B. Matthews, H. Vogel, O. Heiri, O. Seehausen, M. Grosjean, and W. Tinner. 2023. Long-term ecological successions of vegetation around Lake Victoria (East Africa) in response to latest Pleistocene and Early Holocene climate changes. Palaeogeography, Palaeoclimatology, Palaeoecology 631:111839. [DOI: https://doi.org/10.1016/j.palaeo.2023.111839]","Long-term ecological successions of vegetation around Lake Victoria (East Africa) in response to latest Pleistocene and Early Holocene climate changes","Palaeogeography, Palaeoclimatology, Palaeoecology",631,111839,1,17,"van Leeuwen","J.F.N.","20036,8777,9974,15224,20037,13851,18278,20038,20039,20044,15357,9599","Temoltzin-Loranca, Y.|Gobet, E.|Vannière, B.|van Leeuwen, J.F.N.|Wienhues, G.|Szidat, S.|Courtney-Mustaphi, C.J.|Kishe, M.|Muschick, M.|Seehausen, O.|Grosjean, M.|Tinner, W.",15695,"18278,8777,15357,9224,20040,20038,20043,20041,20039,20042,20044,20036,9599,15224,9974,10026,20037","Morales-Molino, C.","Courtney-Mustaphi, C.J.|Gobet, E.|Grosjean, M.|Heiri, O.|King, L.|Kishe, M.|Matthews, B.|Misra, P.|Muschick, M.|Ngoepe, N.|Seehausen, O.|Temoltzin-Loranca, Y.|Tinner, W.|van Leeuwen, J.F.N.|Vannière, B.|Vogel, H.|Wienhues, G.","Pollen","LV4 pollen",1,"Temoltzin-Loranca et al. (2023)","Calendar years BP","True",NA,"rbacon",16700,-50,NA,"Temotzin-Loranca, Y.",15,20036,"Temoltzin-Loranca, Y.",NA,NA,NA,NA,"Radiocarbon"
746,1,1,15913,1,4,9666,120,0,0,0,0,0,0,0,0,0,0,0,0,0,1,0,4,0,1,0,1,4,0,0,0,0,0,0,0,0,0,1,0,0,0,1,0,0,0,1,0,0,1,0,0,0,40,0,0,0,0,0,0,0,0,0,0,0,0,0,0,0,0,0,0,0,1,0,0,0,1,1,0,0,0,0,0,0,0,0,0,0,0,0,2,0,0,0,2,0,0,0,0,1,0,0,0,136,2,2,0,0,0,0,0,0,1,0,0,0,0,0,0,0,0,0,0,0,0,0,0,8,0,1,0,0,0,0,0,"ml","number","spores/tablet","number","NISP","NISP","NISP","NISP","NISP","NISP","NISP","NISP","NISP","NISP","NISP","NISP","NISP","NISP","NISP","NISP","NISP","NISP","NISP","NISP","NISP","NISP","NISP","NISP","NISP","NISP","NISP","NISP","NISP","NISP","NISP","NISP","NISP","NISP","NISP","NISP","NISP","NISP","NISP","NISP","NISP","NISP","NISP","NISP","NISP","NISP","NISP","NISP","NISP","NISP","NISP","NISP","NISP","NISP","NISP","NISP","NISP","NISP","NISP","NISP","NISP","NISP","NISP","NISP","NISP","NISP","NISP","NISP","NISP","NISP","NISP","NISP","NISP","NISP","NISP","NISP","NISP","NISP","NISP","NISP","NISP","NISP","NISP","NISP","NISP","NISP","NISP","NISP","NISP","NISP","NISP","NISP","NISP","NISP","NISP","NISP","NISP","NISP","NISP","NISP","NISP","NISP","NISP","NISP","NISP","NISP","NISP","NISP","NISP","NISP","NISP","NISP","NISP","NISP","NISP","NISP","NISP","NISP","NISP","NISP","NISP","NISP","NISP","NISP","NISP","NISP","NISP","NISP","volume","quantity added","concentration","counted","pollen","pollen","pollen","pollen","pollen","pollen","pollen","pollen","pollen","pollen","pollen","pollen","pollen","pollen","pollen","pollen","pollen","spore","spore","pollen","pollen","pollen","pollen","pollen","pollen","pollen","spore","pollen","pollen","pollen","pollen","pollen","pollen","pollen","pollen","pollen","pollen","pollen","pollen","pollen","pollen","pollen","pollen","pollen","spore","pollen","spore","pollen","pollen","pollen","pollen","pollen","pollen","pollen","pollen","pollen","pollen","pollen","spore","pollen","pollen","pollen","pollen","pollen","pollen","pollen","pollen","pollen","pollen","pollen","pollen","spore","pollen","pollen","pollen","pollen","pollen","pollen","spore","pollen","pollen","pollen","pollen","pollen","pollen","pollen","pollen","pollen","spore","pollen","pollen","pollen","pollen","pollen","pollen","pollen","pollen","pollen","pollen/spore","pollen","pollen","pollen","spore","spore","pollen","pollen","pollen","pollen","pollen","pollen","spore","pollen","pollen","pollen","pollen","pollen","pollen","pollen","pollen","spore","pollen","pollen","pollen","pollen","pollen","pollen","pollen","pollen","Lake Victoria (Shirati Bay) LV4",33.7961333333333,33.7961333333333,-1.04943333333333,-1.04943333333333,1135,6880000,"Tanzania",NA,NA,NA,NA,68,33135,"LVC18_S4","Lake Victoria LV4","Core","UWITEC piston corer","2018-10-01",NA,"Natural Lake",63,"30 km away from the shore in the Shirati Bay",NA,NA,NA,NA,NA,NA,NA,"2,10,12,3,16",44877,"8777,15357,20039,20044,9599","Gobet, E.|Grosjean, M.|Muschick, M.|Seehausen, O.|Tinner, W.",4,"Depth",15,"Carbon-14","Radiocarbon years BP",171,2,"BE-16250",3670,70,70,1,70,"False","Charcoal","","Temotzin-Loranca et al. 2023",2,20036,"Temoltzin-Loranca, Y.",3740,3600,20,20037,20037,"Wienhues, Giulia","Wienhues, G.","Wienhues","Giulia","G.","Dr.","unknown","Institute of Geography and Oeschger Center for Climate Change Research
University of Bern
Bern, Switzerland","","","","",2,"true","journal article",20441,"https://doi.org/10.1016/j.palaeo.2023.111839",2023,"Temotzin-Loranca, Y., E. Gobet, B. Vannière, J.F.N. van Leeuwen, G. Wienhues, C. Courtney-Mustaphi, M. Kishe, M. Muschick, L. King, P. Misra, N. Ngoepe, B. Matthews, H. Vogel, O. Heiri, O. Seehausen, M. Grosjean, and W. Tinner. 2023. Long-term ecological successions of vegetation around Lake Victoria (East Africa) in response to latest Pleistocene and Early Holocene climate changes. Palaeogeography, Palaeoclimatology, Palaeoecology 631:111839. [DOI: https://doi.org/10.1016/j.palaeo.2023.111839]","Long-term ecological successions of vegetation around Lake Victoria (East Africa) in response to latest Pleistocene and Early Holocene climate changes","Palaeogeography, Palaeoclimatology, Palaeoecology",631,111839,1,20,"Wienhues","G.","20036,8777,9974,15224,20037,13851,18278,20038,20039,20044,15357,9599","Temoltzin-Loranca, Y.|Gobet, E.|Vannière, B.|van Leeuwen, J.F.N.|Wienhues, G.|Szidat, S.|Courtney-Mustaphi, C.J.|Kishe, M.|Muschick, M.|Seehausen, O.|Grosjean, M.|Tinner, W.",15695,"18278,8777,15357,9224,20040,20038,20043,20041,20039,20042,20044,20036,9599,15224,9974,10026,20037","Morales-Molino, C.","Courtney-Mustaphi, C.J.|Gobet, E.|Grosjean, M.|Heiri, O.|King, L.|Kishe, M.|Matthews, B.|Misra, P.|Muschick, M.|Ngoepe, N.|Seehausen, O.|Temoltzin-Loranca, Y.|Tinner, W.|van Leeuwen, J.F.N.|Vannière, B.|Vogel, H.|Wienhues, G.","Pollen","LV4 pollen",1,"Temoltzin-Loranca et al. (2023)","Calendar years BP","True",NA,"rbacon",16700,-50,NA,"Temotzin-Loranca, Y.",15,20036,"Temoltzin-Loranca, Y.",NA,NA,NA,NA,"Radiocarbon"
748,1,1,15969,1,4,9666,432,0,0,0,0,0,0,0,0,0,0,0,0,0,2,0,8,0,2,0,2,8,0,0,0,0,0,0,0,0,0,4,0,0,0,2,0,0,0,2,0,0,2,0,0,0,79,0,0,0,0,0,0,0,0,0,0,0,0,0,0,0,0,0,0,0,2,0,0,0,2,3,0,0,0,0,0,0,0,0,0,0,0,0,4,0,0,0,4,0,0,0,0,2,0,0,0,268,4,9,0,0,0,0,0,0,2,0,0,0,0,0,0,0,0,0,0,0,0,1,0,16,0,2,0,0,2,0,0,"ml","number","spores/tablet","number","NISP","NISP","NISP","NISP","NISP","NISP","NISP","NISP","NISP","NISP","NISP","NISP","NISP","NISP","NISP","NISP","NISP","NISP","NISP","NISP","NISP","NISP","NISP","NISP","NISP","NISP","NISP","NISP","NISP","NISP","NISP","NISP","NISP","NISP","NISP","NISP","NISP","NISP","NISP","NISP","NISP","NISP","NISP","NISP","NISP","NISP","NISP","NISP","NISP","NISP","NISP","NISP","NISP","NISP","NISP","NISP","NISP","NISP","NISP","NISP","NISP","NISP","NISP","NISP","NISP","NISP","NISP","NISP","NISP","NISP","NISP","NISP","NISP","NISP","NISP","NISP","NISP","NISP","NISP","NISP","NISP","NISP","NISP","NISP","NISP","NISP","NISP","NISP","NISP","NISP","NISP","NISP","NISP","NISP","NISP","NISP","NISP","NISP","NISP","NISP","NISP","NISP","NISP","NISP","NISP","NISP","NISP","NISP","NISP","NISP","NISP","NISP","NISP","NISP","NISP","NISP","NISP","NISP","NISP","NISP","NISP","NISP","NISP","NISP","NISP","NISP","NISP","NISP","volume","quantity added","concentration","counted","pollen","pollen","pollen","pollen","pollen","pollen","pollen","pollen","pollen","pollen","pollen","pollen","pollen","pollen","pollen","pollen","pollen","spore","spore","pollen","pollen","pollen","pollen","pollen","pollen","pollen","spore","pollen","pollen","pollen","pollen","pollen","pollen","pollen","pollen","pollen","pollen","pollen","pollen","pollen","pollen","pollen","pollen","pollen","spore","pollen","spore","pollen","pollen","pollen","pollen","pollen","pollen","pollen","pollen","pollen","pollen","pollen","spore","pollen","pollen","pollen","pollen","pollen","pollen","pollen","pollen","pollen","pollen","pollen","pollen","spore","pollen","pollen","pollen","pollen","pollen","pollen","spore","pollen","pollen","pollen","pollen","pollen","pollen","pollen","pollen","pollen","spore","pollen","pollen","pollen","pollen","pollen","pollen","pollen","pollen","pollen","pollen/spore","pollen","pollen","pollen","spore","spore","pollen","pollen","pollen","pollen","pollen","pollen","spore","pollen","pollen","pollen","pollen","pollen","pollen","pollen","pollen","spore","pollen","pollen","pollen","pollen","pollen","pollen","pollen","pollen","Lake Victoria (Shirati Bay) LV4",33.7961333333333,33.7961333333333,-1.04943333333333,-1.04943333333333,1135,6880000,"Tanzania",NA,NA,NA,NA,68,33135,"LVC18_S4","Lake Victoria LV4","Core","UWITEC piston corer","2018-10-01",NA,"Natural Lake",63,"30 km away from the shore in the Shirati Bay",NA,NA,NA,NA,NA,NA,NA,"2,10,12,3,16",44877,"8777,15357,20039,20044,9599","Gobet, E.|Grosjean, M.|Muschick, M.|Seehausen, O.|Tinner, W.",5,"Depth",15,"Carbon-14","Radiocarbon years BP",189,2,"BE-16251",3990,90,90,1,90,"False","Charcoal","","Temotzin-Loranca et al. 2023",2,20036,"Temoltzin-Loranca, Y.",4080,3900,20,20037,20037,"Wienhues, Giulia","Wienhues, G.","Wienhues","Giulia","G.","Dr.","unknown","Institute of Geography and Oeschger Center for Climate Change Research
University of Bern
Bern, Switzerland","","","","",2,"true","journal article",20441,"https://doi.org/10.1016/j.palaeo.2023.111839",2023,"Temotzin-Loranca, Y., E. Gobet, B. Vannière, J.F.N. van Leeuwen, G. Wienhues, C. Courtney-Mustaphi, M. Kishe, M. Muschick, L. King, P. Misra, N. Ngoepe, B. Matthews, H. Vogel, O. Heiri, O. Seehausen, M. Grosjean, and W. Tinner. 2023. Long-term ecological successions of vegetation around Lake Victoria (East Africa) in response to latest Pleistocene and Early Holocene climate changes. Palaeogeography, Palaeoclimatology, Palaeoecology 631:111839. [DOI: https://doi.org/10.1016/j.palaeo.2023.111839]","Long-term ecological successions of vegetation around Lake Victoria (East Africa) in response to latest Pleistocene and Early Holocene climate changes","Palaeogeography, Palaeoclimatology, Palaeoecology",631,111839,1,13,"Szidat","S.","20036,8777,9974,15224,20037,13851,18278,20038,20039,20044,15357,9599","Temoltzin-Loranca, Y.|Gobet, E.|Vannière, B.|van Leeuwen, J.F.N.|Wienhues, G.|Szidat, S.|Courtney-Mustaphi, C.J.|Kishe, M.|Muschick, M.|Seehausen, O.|Grosjean, M.|Tinner, W.",15695,"18278,8777,15357,9224,20040,20038,20043,20041,20039,20042,20044,20036,9599,15224,9974,10026,20037","Morales-Molino, C.","Courtney-Mustaphi, C.J.|Gobet, E.|Grosjean, M.|Heiri, O.|King, L.|Kishe, M.|Matthews, B.|Misra, P.|Muschick, M.|Ngoepe, N.|Seehausen, O.|Temoltzin-Loranca, Y.|Tinner, W.|van Leeuwen, J.F.N.|Vannière, B.|Vogel, H.|Wienhues, G.","Pollen","LV4 pollen",1,"Temoltzin-Loranca et al. (2023)","Calendar years BP","True",NA,"rbacon",16700,-50,NA,"Temotzin-Loranca, Y.",15,20036,"Temoltzin-Loranca, Y.",NA,NA,NA,NA,"Radiocarbon"
750,1,1,16028,1,4,9666,450,0,0,0,1,0,1,0,0,1,0,4,0,0,1,0,6,0,0,0,0,13,2,0,0,0,0,0,0,0,0,2,0,0,2,0,0,0,0,2,1,0,2,0,0,0,85,0,0,0,0,0,1,0,0,0,0,0,0,0,0,0,0,0,0,0,0,3,1,1,0,2,0,0,0,0,0,0,0,2,1,0,0,1,3,3,1,1,2,0,0,0,0,0,0,0,0,273,1,14,0,0,0,0,0,0,0,0,0,0,0,3,0,0,0,0,0,0,0,1,0,40,0,0,0,0,1,2,0,"ml","number","spores/tablet","number","NISP","NISP","NISP","NISP","NISP","NISP","NISP","NISP","NISP","NISP","NISP","NISP","NISP","NISP","NISP","NISP","NISP","NISP","NISP","NISP","NISP","NISP","NISP","NISP","NISP","NISP","NISP","NISP","NISP","NISP","NISP","NISP","NISP","NISP","NISP","NISP","NISP","NISP","NISP","NISP","NISP","NISP","NISP","NISP","NISP","NISP","NISP","NISP","NISP","NISP","NISP","NISP","NISP","NISP","NISP","NISP","NISP","NISP","NISP","NISP","NISP","NISP","NISP","NISP","NISP","NISP","NISP","NISP","NISP","NISP","NISP","NISP","NISP","NISP","NISP","NISP","NISP","NISP","NISP","NISP","NISP","NISP","NISP","NISP","NISP","NISP","NISP","NISP","NISP","NISP","NISP","NISP","NISP","NISP","NISP","NISP","NISP","NISP","NISP","NISP","NISP","NISP","NISP","NISP","NISP","NISP","NISP","NISP","NISP","NISP","NISP","NISP","NISP","NISP","NISP","NISP","NISP","NISP","NISP","NISP","NISP","NISP","NISP","NISP","NISP","NISP","NISP","NISP","volume","quantity added","concentration","counted","pollen","pollen","pollen","pollen","pollen","pollen","pollen","pollen","pollen","pollen","pollen","pollen","pollen","pollen","pollen","pollen","pollen","spore","spore","pollen","pollen","pollen","pollen","pollen","pollen","pollen","spore","pollen","pollen","pollen","pollen","pollen","pollen","pollen","pollen","pollen","pollen","pollen","pollen","pollen","pollen","pollen","pollen","pollen","spore","pollen","spore","pollen","pollen","pollen","pollen","pollen","pollen","pollen","pollen","pollen","pollen","pollen","spore","pollen","pollen","pollen","pollen","pollen","pollen","pollen","pollen","pollen","pollen","pollen","pollen","spore","pollen","pollen","pollen","pollen","pollen","pollen","spore","pollen","pollen","pollen","pollen","pollen","pollen","pollen","pollen","pollen","spore","pollen","pollen","pollen","pollen","pollen","pollen","pollen","pollen","pollen","pollen/spore","pollen","pollen","pollen","spore","spore","pollen","pollen","pollen","pollen","pollen","pollen","spore","pollen","pollen","pollen","pollen","pollen","pollen","pollen","pollen","spore","pollen","pollen","pollen","pollen","pollen","pollen","pollen","pollen","Lake Victoria (Shirati Bay) LV4",33.7961333333333,33.7961333333333,-1.04943333333333,-1.04943333333333,1135,6880000,"Tanzania",NA,NA,NA,NA,68,33135,"LVC18_S4","Lake Victoria LV4","Core","UWITEC piston corer","2018-10-01",NA,"Natural Lake",63,"30 km away from the shore in the Shirati Bay",NA,NA,NA,NA,NA,NA,NA,"2,10,12,3,16",44877,"8777,15357,20039,20044,9599","Gobet, E.|Grosjean, M.|Muschick, M.|Seehausen, O.|Tinner, W.",6,"Depth",15,"Carbon-14","Radiocarbon years BP",210,4,"BE-16252",4190,90,90,1,90,"False","Charcoal","","Temotzin-Loranca et al. 2023",2,20036,"Temoltzin-Loranca, Y.",4280,4100,1,18278,18278,"Courtney-Mustaphi, Colin","Courtney-Mustaphi, C.J.","Courtney-Mustaphi","Colin","C.J.","Dr.","active","Department of Environmental Sciences
Geoecology
University of Basel
Basel, Switzerland","","","","",2,"true","journal article",20441,"https://doi.org/10.1016/j.palaeo.2023.111839",2023,"Temotzin-Loranca, Y., E. Gobet, B. Vannière, J.F.N. van Leeuwen, G. Wienhues, C. Courtney-Mustaphi, M. Kishe, M. Muschick, L. King, P. Misra, N. Ngoepe, B. Matthews, H. Vogel, O. Heiri, O. Seehausen, M. Grosjean, and W. Tinner. 2023. Long-term ecological successions of vegetation around Lake Victoria (East Africa) in response to latest Pleistocene and Early Holocene climate changes. Palaeogeography, Palaeoclimatology, Palaeoecology 631:111839. [DOI: https://doi.org/10.1016/j.palaeo.2023.111839]","Long-term ecological successions of vegetation around Lake Victoria (East Africa) in response to latest Pleistocene and Early Holocene climate changes","Palaeogeography, Palaeoclimatology, Palaeoecology",631,111839,1,1,"Courtney-Mustaphi","C.","20036,8777,9974,15224,20037,13851,18278,20038,20039,20044,15357,9599","Temoltzin-Loranca, Y.|Gobet, E.|Vannière, B.|van Leeuwen, J.F.N.|Wienhues, G.|Szidat, S.|Courtney-Mustaphi, C.J.|Kishe, M.|Muschick, M.|Seehausen, O.|Grosjean, M.|Tinner, W.",15695,"18278,8777,15357,9224,20040,20038,20043,20041,20039,20042,20044,20036,9599,15224,9974,10026,20037","Morales-Molino, C.","Courtney-Mustaphi, C.J.|Gobet, E.|Grosjean, M.|Heiri, O.|King, L.|Kishe, M.|Matthews, B.|Misra, P.|Muschick, M.|Ngoepe, N.|Seehausen, O.|Temoltzin-Loranca, Y.|Tinner, W.|van Leeuwen, J.F.N.|Vannière, B.|Vogel, H.|Wienhues, G.","Pollen","LV4 pollen",1,"Temoltzin-Loranca et al. (2023)","Calendar years BP","True",NA,"rbacon",16700,-50,NA,"Temotzin-Loranca, Y.",15,20036,"Temoltzin-Loranca, Y.",NA,NA,NA,NA,"Radiocarbon"
751,1,1,16028,1,4,9666,450,0,0,0,1,0,1,0,0,1,0,4,0,0,1,0,6,0,0,0,0,13,2,0,0,0,0,0,0,0,0,2,0,0,2,0,0,0,0,2,1,0,2,0,0,0,85,0,0,0,0,0,1,0,0,0,0,0,0,0,0,0,0,0,0,0,0,3,1,1,0,2,0,0,0,0,0,0,0,2,1,0,0,1,3,0,1,1,2,0,0,0,0,0,0,0,0,273,1,14,0,0,0,0,0,0,0,0,0,0,3,3,0,0,0,0,0,0,0,1,0,40,0,0,0,0,1,2,0,"ml","number","spores/tablet","number","NISP","NISP","NISP","NISP","NISP","NISP","NISP","NISP","NISP","NISP","NISP","NISP","NISP","NISP","NISP","NISP","NISP","NISP","NISP","NISP","NISP","NISP","NISP","NISP","NISP","NISP","NISP","NISP","NISP","NISP","NISP","NISP","NISP","NISP","NISP","NISP","NISP","NISP","NISP","NISP","NISP","NISP","NISP","NISP","NISP","NISP","NISP","NISP","NISP","NISP","NISP","NISP","NISP","NISP","NISP","NISP","NISP","NISP","NISP","NISP","NISP","NISP","NISP","NISP","NISP","NISP","NISP","NISP","NISP","NISP","NISP","NISP","NISP","NISP","NISP","NISP","NISP","NISP","NISP","NISP","NISP","NISP","NISP","NISP","NISP","NISP","NISP","NISP","NISP","NISP","NISP","NISP","NISP","NISP","NISP","NISP","NISP","NISP","NISP","NISP","NISP","NISP","NISP","NISP","NISP","NISP","NISP","NISP","NISP","NISP","NISP","NISP","NISP","NISP","NISP","NISP","NISP","NISP","NISP","NISP","NISP","NISP","NISP","NISP","NISP","NISP","NISP","NISP","volume","quantity added","concentration","counted","pollen","pollen","pollen","pollen","pollen","pollen","pollen","pollen","pollen","pollen","pollen","pollen","pollen","pollen","pollen","pollen","pollen","spore","spore","pollen","pollen","pollen","pollen","pollen","pollen","pollen","spore","pollen","pollen","pollen","pollen","pollen","pollen","pollen","pollen","pollen","pollen","pollen","pollen","pollen","pollen","pollen","pollen","pollen","spore","pollen","spore","pollen","pollen","pollen","pollen","pollen","pollen","pollen","pollen","pollen","pollen","pollen","spore","pollen","pollen","pollen","pollen","pollen","pollen","pollen","pollen","pollen","pollen","pollen","pollen","spore","pollen","pollen","pollen","pollen","pollen","pollen","spore","pollen","pollen","pollen","pollen","pollen","pollen","pollen","pollen","pollen","spore","pollen","pollen","pollen","pollen","pollen","pollen","pollen","pollen","pollen","pollen/spore","pollen","pollen","pollen","spore","spore","pollen","pollen","pollen","pollen","pollen","pollen","spore","pollen","pollen","pollen","pollen","pollen","pollen","pollen","pollen","spore","pollen","pollen","pollen","pollen","pollen","pollen","pollen","pollen","Lake Victoria (Shirati Bay) LV4",33.7961333333333,33.7961333333333,-1.04943333333333,-1.04943333333333,1135,6880000,"Tanzania",NA,NA,NA,NA,68,33135,"LVC18_S4","Lake Victoria LV4","Core","UWITEC piston corer","2018-10-01",NA,"Natural Lake",63,"30 km away from the shore in the Shirati Bay",NA,NA,NA,NA,NA,NA,NA,"2,10,12,3,16",44877,"8777,15357,20039,20044,9599","Gobet, E.|Grosjean, M.|Muschick, M.|Seehausen, O.|Tinner, W.",7,"Depth",15,"Carbon-14","Radiocarbon years BP",273,2,"BE-16263",5770,30,30,1,30,"False","Pollen concentrate","Corrected to 5200 +/- 410 radiocarbon yr BP","Temotzin-Loranca et al. 2023",2,20036,"Temoltzin-Loranca, Y.",5800,5740,2,8777,8777,"Gobet, Erika","Gobet, E.","Gobet","Erika","E.","Dr.","active","Institute of Plant Sciences & Oeschger Centre for Climate Change Research
University of Bern
Altenbergrain 21
CH-3013 Bern
Switzerland","erika.gobet@ips.unibe.ch","","","",2,"true","journal article",20441,"https://doi.org/10.1016/j.palaeo.2023.111839",2023,"Temotzin-Loranca, Y., E. Gobet, B. Vannière, J.F.N. van Leeuwen, G. Wienhues, C. Courtney-Mustaphi, M. Kishe, M. Muschick, L. King, P. Misra, N. Ngoepe, B. Matthews, H. Vogel, O. Heiri, O. Seehausen, M. Grosjean, and W. Tinner. 2023. Long-term ecological successions of vegetation around Lake Victoria (East Africa) in response to latest Pleistocene and Early Holocene climate changes. Palaeogeography, Palaeoclimatology, Palaeoecology 631:111839. [DOI: https://doi.org/10.1016/j.palaeo.2023.111839]","Long-term ecological successions of vegetation around Lake Victoria (East Africa) in response to latest Pleistocene and Early Holocene climate changes","Palaeogeography, Palaeoclimatology, Palaeoecology",631,111839,1,6,"Kishe","M.","20036,8777,9974,15224,20037,13851,18278,20038,20039,20044,15357,9599","Temoltzin-Loranca, Y.|Gobet, E.|Vannière, B.|van Leeuwen, J.F.N.|Wienhues, G.|Szidat, S.|Courtney-Mustaphi, C.J.|Kishe, M.|Muschick, M.|Seehausen, O.|Grosjean, M.|Tinner, W.",15695,"18278,8777,15357,9224,20040,20038,20043,20041,20039,20042,20044,20036,9599,15224,9974,10026,20037","Morales-Molino, C.","Courtney-Mustaphi, C.J.|Gobet, E.|Grosjean, M.|Heiri, O.|King, L.|Kishe, M.|Matthews, B.|Misra, P.|Muschick, M.|Ngoepe, N.|Seehausen, O.|Temoltzin-Loranca, Y.|Tinner, W.|van Leeuwen, J.F.N.|Vannière, B.|Vogel, H.|Wienhues, G.","Pollen","LV4 pollen",1,"Temoltzin-Loranca et al. (2023)","Calendar years BP","True",NA,"rbacon",16700,-50,NA,"Temotzin-Loranca, Y.",15,20036,"Temoltzin-Loranca, Y.",NA,NA,NA,NA,"Radiocarbon"
752,1,1,16086,1,4,9666,574,0,0,0,1,0,1,0,0,1,0,4,0,0,1,0,6,0,0,0,0,12,2,0,0,0,0,0,0,0,0,2,0,0,2,0,0,0,0,2,1,0,2,0,0,0,69,0,0,0,0,0,2,0,0,0,0,0,0,0,0,0,0,0,0,0,0,3,2,0,0,2,0,0,0,0,0,0,0,2,1,0,0,1,3,3,0,1,2,0,0,0,0,0,0,0,0,243,1,13,0,0,0,0,0,0,0,0,0,0,0,3,0,0,0,0,0,0,0,1,0,37,0,0,0,0,1,2,0,"ml","number","spores/tablet","number","NISP","NISP","NISP","NISP","NISP","NISP","NISP","NISP","NISP","NISP","NISP","NISP","NISP","NISP","NISP","NISP","NISP","NISP","NISP","NISP","NISP","NISP","NISP","NISP","NISP","NISP","NISP","NISP","NISP","NISP","NISP","NISP","NISP","NISP","NISP","NISP","NISP","NISP","NISP","NISP","NISP","NISP","NISP","NISP","NISP","NISP","NISP","NISP","NISP","NISP","NISP","NISP","NISP","NISP","NISP","NISP","NISP","NISP","NISP","NISP","NISP","NISP","NISP","NISP","NISP","NISP","NISP","NISP","NISP","NISP","NISP","NISP","NISP","NISP","NISP","NISP","NISP","NISP","NISP","NISP","NISP","NISP","NISP","NISP","NISP","NISP","NISP","NISP","NISP","NISP","NISP","NISP","NISP","NISP","NISP","NISP","NISP","NISP","NISP","NISP","NISP","NISP","NISP","NISP","NISP","NISP","NISP","NISP","NISP","NISP","NISP","NISP","NISP","NISP","NISP","NISP","NISP","NISP","NISP","NISP","NISP","NISP","NISP","NISP","NISP","NISP","NISP","NISP","volume","quantity added","concentration","counted","pollen","pollen","pollen","pollen","pollen","pollen","pollen","pollen","pollen","pollen","pollen","pollen","pollen","pollen","pollen","pollen","pollen","spore","spore","pollen","pollen","pollen","pollen","pollen","pollen","pollen","spore","pollen","pollen","pollen","pollen","pollen","pollen","pollen","pollen","pollen","pollen","pollen","pollen","pollen","pollen","pollen","pollen","pollen","spore","pollen","spore","pollen","pollen","pollen","pollen","pollen","pollen","pollen","pollen","pollen","pollen","pollen","spore","pollen","pollen","pollen","pollen","pollen","pollen","pollen","pollen","pollen","pollen","pollen","pollen","spore","pollen","pollen","pollen","pollen","pollen","pollen","spore","pollen","pollen","pollen","pollen","pollen","pollen","pollen","pollen","pollen","spore","pollen","pollen","pollen","pollen","pollen","pollen","pollen","pollen","pollen","pollen/spore","pollen","pollen","pollen","spore","spore","pollen","pollen","pollen","pollen","pollen","pollen","spore","pollen","pollen","pollen","pollen","pollen","pollen","pollen","pollen","spore","pollen","pollen","pollen","pollen","pollen","pollen","pollen","pollen","Lake Victoria (Shirati Bay) LV4",33.7961333333333,33.7961333333333,-1.04943333333333,-1.04943333333333,1135,6880000,"Tanzania",NA,NA,NA,NA,68,33135,"LVC18_S4","Lake Victoria LV4","Core","UWITEC piston corer","2018-10-01",NA,"Natural Lake",63,"30 km away from the shore in the Shirati Bay",NA,NA,NA,NA,NA,NA,NA,"2,10,12,3,16",44877,"8777,15357,20039,20044,9599","Gobet, E.|Grosjean, M.|Muschick, M.|Seehausen, O.|Tinner, W.",8,"Depth",15,"Carbon-14","Radiocarbon years BP",274,4,"BE-16253",5500,100,100,1,100,"False","Charcoal","","Temotzin-Loranca et al. 2023",2,20036,"Temoltzin-Loranca, Y.",5600,5400,3,15357,15357,"Grosjean, Martin","Grosjean, M.","Grosjean","Martin","M.","Prof. Dr.","active","Institute of Geography
University of Bern
Erlachstrasse 9a
3012 Bern, Switzerland","martin.grosjean@giub.unibe.ch","","","",2,"true","journal article",20441,"https://doi.org/10.1016/j.palaeo.2023.111839",2023,"Temotzin-Loranca, Y., E. Gobet, B. Vannière, J.F.N. van Leeuwen, G. Wienhues, C. Courtney-Mustaphi, M. Kishe, M. Muschick, L. King, P. Misra, N. Ngoepe, B. Matthews, H. Vogel, O. Heiri, O. Seehausen, M. Grosjean, and W. Tinner. 2023. Long-term ecological successions of vegetation around Lake Victoria (East Africa) in response to latest Pleistocene and Early Holocene climate changes. Palaeogeography, Palaeoclimatology, Palaeoecology 631:111839. [DOI: https://doi.org/10.1016/j.palaeo.2023.111839]","Long-term ecological successions of vegetation around Lake Victoria (East Africa) in response to latest Pleistocene and Early Holocene climate changes","Palaeogeography, Palaeoclimatology, Palaeoecology",631,111839,1,10,"Muschick","M.","20036,8777,9974,15224,20037,13851,18278,20038,20039,20044,15357,9599","Temoltzin-Loranca, Y.|Gobet, E.|Vannière, B.|van Leeuwen, J.F.N.|Wienhues, G.|Szidat, S.|Courtney-Mustaphi, C.J.|Kishe, M.|Muschick, M.|Seehausen, O.|Grosjean, M.|Tinner, W.",15695,"18278,8777,15357,9224,20040,20038,20043,20041,20039,20042,20044,20036,9599,15224,9974,10026,20037","Morales-Molino, C.","Courtney-Mustaphi, C.J.|Gobet, E.|Grosjean, M.|Heiri, O.|King, L.|Kishe, M.|Matthews, B.|Misra, P.|Muschick, M.|Ngoepe, N.|Seehausen, O.|Temoltzin-Loranca, Y.|Tinner, W.|van Leeuwen, J.F.N.|Vannière, B.|Vogel, H.|Wienhues, G.","Pollen","LV4 pollen",1,"Temoltzin-Loranca et al. (2023)","Calendar years BP","True",NA,"rbacon",16700,-50,NA,"Temotzin-Loranca, Y.",15,20036,"Temoltzin-Loranca, Y.",NA,NA,NA,NA,"Radiocarbon"
754,1,1,16148,1,4,9666,567,0,2,0,0,0,0,0,0,0,0,1,1,0,0,0,6,0,1,0,0,8,0,0,0,0,0,0,0,0,1,0,0,0,2,0,0,0,0,0,0,0,0,0,0,0,84,0,0,0,0,0,1,0,0,0,0,0,0,0,0,0,1,0,0,0,0,4,0,1,0,1,0,2,0,0,1,0,0,2,0,0,0,0,3,0,0,0,6,0,0,0,0,1,0,0,0,241,2,3,0,0,0,0,0,0,0,0,0,1,1,0,0,1,0,0,0,0,0,0,0,23,0,0,0,0,0,0,0,"ml","number","spores/tablet","number","NISP","NISP","NISP","NISP","NISP","NISP","NISP","NISP","NISP","NISP","NISP","NISP","NISP","NISP","NISP","NISP","NISP","NISP","NISP","NISP","NISP","NISP","NISP","NISP","NISP","NISP","NISP","NISP","NISP","NISP","NISP","NISP","NISP","NISP","NISP","NISP","NISP","NISP","NISP","NISP","NISP","NISP","NISP","NISP","NISP","NISP","NISP","NISP","NISP","NISP","NISP","NISP","NISP","NISP","NISP","NISP","NISP","NISP","NISP","NISP","NISP","NISP","NISP","NISP","NISP","NISP","NISP","NISP","NISP","NISP","NISP","NISP","NISP","NISP","NISP","NISP","NISP","NISP","NISP","NISP","NISP","NISP","NISP","NISP","NISP","NISP","NISP","NISP","NISP","NISP","NISP","NISP","NISP","NISP","NISP","NISP","NISP","NISP","NISP","NISP","NISP","NISP","NISP","NISP","NISP","NISP","NISP","NISP","NISP","NISP","NISP","NISP","NISP","NISP","NISP","NISP","NISP","NISP","NISP","NISP","NISP","NISP","NISP","NISP","NISP","NISP","NISP","NISP","volume","quantity added","concentration","counted","pollen","pollen","pollen","pollen","pollen","pollen","pollen","pollen","pollen","pollen","pollen","pollen","pollen","pollen","pollen","pollen","pollen","spore","spore","pollen","pollen","pollen","pollen","pollen","pollen","pollen","spore","pollen","pollen","pollen","pollen","pollen","pollen","pollen","pollen","pollen","pollen","pollen","pollen","pollen","pollen","pollen","pollen","pollen","spore","pollen","spore","pollen","pollen","pollen","pollen","pollen","pollen","pollen","pollen","pollen","pollen","pollen","spore","pollen","pollen","pollen","pollen","pollen","pollen","pollen","pollen","pollen","pollen","pollen","pollen","spore","pollen","pollen","pollen","pollen","pollen","pollen","spore","pollen","pollen","pollen","pollen","pollen","pollen","pollen","pollen","pollen","spore","pollen","pollen","pollen","pollen","pollen","pollen","pollen","pollen","pollen","pollen/spore","pollen","pollen","pollen","spore","spore","pollen","pollen","pollen","pollen","pollen","pollen","spore","pollen","pollen","pollen","pollen","pollen","pollen","pollen","pollen","spore","pollen","pollen","pollen","pollen","pollen","pollen","pollen","pollen","Lake Victoria (Shirati Bay) LV4",33.7961333333333,33.7961333333333,-1.04943333333333,-1.04943333333333,1135,6880000,"Tanzania",NA,NA,NA,NA,68,33135,"LVC18_S4","Lake Victoria LV4","Core","UWITEC piston corer","2018-10-01",NA,"Natural Lake",63,"30 km away from the shore in the Shirati Bay",NA,NA,NA,NA,NA,NA,NA,"2,10,12,3,16",44877,"8777,15357,20039,20044,9599","Gobet, E.|Grosjean, M.|Muschick, M.|Seehausen, O.|Tinner, W.",9,"Depth",15,"Carbon-14","Radiocarbon years BP",335,2,"BE-16254",6570,100,100,1,100,"False","Charcoal","","Temotzin-Loranca et al. 2023",2,20036,"Temoltzin-Loranca, Y.",6670,6470,4,9224,9224,"Heiri, Oliver","Heiri, O.","Heiri","Oliver","O.","Prof. Dr.","active","Geoecology Research Group
University of Basel
Klingelbergstrasse 27
4056 Basel
Switzerland","oliver.heiri@unibas.ch","+41 31 631 51 95","https://duw.unibas.ch/en/geoecology/staff/oliver-heiri-englisch/","",2,"true","journal article",20441,"https://doi.org/10.1016/j.palaeo.2023.111839",2023,"Temotzin-Loranca, Y., E. Gobet, B. Vannière, J.F.N. van Leeuwen, G. Wienhues, C. Courtney-Mustaphi, M. Kishe, M. Muschick, L. King, P. Misra, N. Ngoepe, B. Matthews, H. Vogel, O. Heiri, O. Seehausen, M. Grosjean, and W. Tinner. 2023. Long-term ecological successions of vegetation around Lake Victoria (East Africa) in response to latest Pleistocene and Early Holocene climate changes. Palaeogeography, Palaeoclimatology, Palaeoecology 631:111839. [DOI: https://doi.org/10.1016/j.palaeo.2023.111839]","Long-term ecological successions of vegetation around Lake Victoria (East Africa) in response to latest Pleistocene and Early Holocene climate changes","Palaeogeography, Palaeoclimatology, Palaeoecology",631,111839,1,12,"Seehausen","O.","20036,8777,9974,15224,20037,13851,18278,20038,20039,20044,15357,9599","Temoltzin-Loranca, Y.|Gobet, E.|Vannière, B.|van Leeuwen, J.F.N.|Wienhues, G.|Szidat, S.|Courtney-Mustaphi, C.J.|Kishe, M.|Muschick, M.|Seehausen, O.|Grosjean, M.|Tinner, W.",15695,"18278,8777,15357,9224,20040,20038,20043,20041,20039,20042,20044,20036,9599,15224,9974,10026,20037","Morales-Molino, C.","Courtney-Mustaphi, C.J.|Gobet, E.|Grosjean, M.|Heiri, O.|King, L.|Kishe, M.|Matthews, B.|Misra, P.|Muschick, M.|Ngoepe, N.|Seehausen, O.|Temoltzin-Loranca, Y.|Tinner, W.|van Leeuwen, J.F.N.|Vannière, B.|Vogel, H.|Wienhues, G.","Pollen","LV4 pollen",1,"Temoltzin-Loranca et al. (2023)","Calendar years BP","True",NA,"rbacon",16700,-50,NA,"Temotzin-Loranca, Y.",15,20036,"Temoltzin-Loranca, Y.",NA,NA,NA,NA,"Radiocarbon"
756,1,1,16212,1,4,9666,136,0,0,0,0,0,0,0,0,0,0,0,0,0,0,0,2,0,1,0,0,2,0,0,0,0,0,0,0,0,0,1,0,0,1,2,0,0,1,2,0,0,0,0,0,0,29,0,0,0,0,0,0,0,0,0,0,0,0,0,0,0,0,0,0,0,0,1,0,0,0,4,0,0,0,0,0,0,0,0,0,0,0,0,1,0,0,0,3,0,0,0,0,0,0,0,0,74,2,3,0,0,0,1,0,0,0,0,0,0,0,0,0,1,0,0,0,0,0,0,0,10,0,0,0,0,0,0,0,"ml","number","spores/tablet","number","NISP","NISP","NISP","NISP","NISP","NISP","NISP","NISP","NISP","NISP","NISP","NISP","NISP","NISP","NISP","NISP","NISP","NISP","NISP","NISP","NISP","NISP","NISP","NISP","NISP","NISP","NISP","NISP","NISP","NISP","NISP","NISP","NISP","NISP","NISP","NISP","NISP","NISP","NISP","NISP","NISP","NISP","NISP","NISP","NISP","NISP","NISP","NISP","NISP","NISP","NISP","NISP","NISP","NISP","NISP","NISP","NISP","NISP","NISP","NISP","NISP","NISP","NISP","NISP","NISP","NISP","NISP","NISP","NISP","NISP","NISP","NISP","NISP","NISP","NISP","NISP","NISP","NISP","NISP","NISP","NISP","NISP","NISP","NISP","NISP","NISP","NISP","NISP","NISP","NISP","NISP","NISP","NISP","NISP","NISP","NISP","NISP","NISP","NISP","NISP","NISP","NISP","NISP","NISP","NISP","NISP","NISP","NISP","NISP","NISP","NISP","NISP","NISP","NISP","NISP","NISP","NISP","NISP","NISP","NISP","NISP","NISP","NISP","NISP","NISP","NISP","NISP","NISP","volume","quantity added","concentration","counted","pollen","pollen","pollen","pollen","pollen","pollen","pollen","pollen","pollen","pollen","pollen","pollen","pollen","pollen","pollen","pollen","pollen","spore","spore","pollen","pollen","pollen","pollen","pollen","pollen","pollen","spore","pollen","pollen","pollen","pollen","pollen","pollen","pollen","pollen","pollen","pollen","pollen","pollen","pollen","pollen","pollen","pollen","pollen","spore","pollen","spore","pollen","pollen","pollen","pollen","pollen","pollen","pollen","pollen","pollen","pollen","pollen","spore","pollen","pollen","pollen","pollen","pollen","pollen","pollen","pollen","pollen","pollen","pollen","pollen","spore","pollen","pollen","pollen","pollen","pollen","pollen","spore","pollen","pollen","pollen","pollen","pollen","pollen","pollen","pollen","pollen","spore","pollen","pollen","pollen","pollen","pollen","pollen","pollen","pollen","pollen","pollen/spore","pollen","pollen","pollen","spore","spore","pollen","pollen","pollen","pollen","pollen","pollen","spore","pollen","pollen","pollen","pollen","pollen","pollen","pollen","pollen","spore","pollen","pollen","pollen","pollen","pollen","pollen","pollen","pollen","Lake Victoria (Shirati Bay) LV4",33.7961333333333,33.7961333333333,-1.04943333333333,-1.04943333333333,1135,6880000,"Tanzania",NA,NA,NA,NA,68,33135,"LVC18_S4","Lake Victoria LV4","Core","UWITEC piston corer","2018-10-01",NA,"Natural Lake",63,"30 km away from the shore in the Shirati Bay",NA,NA,NA,NA,NA,NA,NA,"2,10,12,3,16",44877,"8777,15357,20039,20044,9599","Gobet, E.|Grosjean, M.|Muschick, M.|Seehausen, O.|Tinner, W.",10,"Depth",15,"Carbon-14","Radiocarbon years BP",388,4,"BE-16255",7910,120,120,1,120,"False","Charcoal","","Temotzin-Loranca et al. 2023",2,20036,"Temoltzin-Loranca, Y.",8030,7790,5,20040,20040,"King, Leighton","King, L.","King","Leighton","L.","","unknown","Institute of Ecology and Evolution
University of Bern
Bern, Switzerland","","","","",2,"true","journal article",20441,"https://doi.org/10.1016/j.palaeo.2023.111839",2023,"Temotzin-Loranca, Y., E. Gobet, B. Vannière, J.F.N. van Leeuwen, G. Wienhues, C. Courtney-Mustaphi, M. Kishe, M. Muschick, L. King, P. Misra, N. Ngoepe, B. Matthews, H. Vogel, O. Heiri, O. Seehausen, M. Grosjean, and W. Tinner. 2023. Long-term ecological successions of vegetation around Lake Victoria (East Africa) in response to latest Pleistocene and Early Holocene climate changes. Palaeogeography, Palaeoclimatology, Palaeoecology 631:111839. [DOI: https://doi.org/10.1016/j.palaeo.2023.111839]","Long-term ecological successions of vegetation around Lake Victoria (East Africa) in response to latest Pleistocene and Early Holocene climate changes","Palaeogeography, Palaeoclimatology, Palaeoecology",631,111839,1,3,"Grosjean","M.","20036,8777,9974,15224,20037,13851,18278,20038,20039,20044,15357,9599","Temoltzin-Loranca, Y.|Gobet, E.|Vannière, B.|van Leeuwen, J.F.N.|Wienhues, G.|Szidat, S.|Courtney-Mustaphi, C.J.|Kishe, M.|Muschick, M.|Seehausen, O.|Grosjean, M.|Tinner, W.",15695,"18278,8777,15357,9224,20040,20038,20043,20041,20039,20042,20044,20036,9599,15224,9974,10026,20037","Morales-Molino, C.","Courtney-Mustaphi, C.J.|Gobet, E.|Grosjean, M.|Heiri, O.|King, L.|Kishe, M.|Matthews, B.|Misra, P.|Muschick, M.|Ngoepe, N.|Seehausen, O.|Temoltzin-Loranca, Y.|Tinner, W.|van Leeuwen, J.F.N.|Vannière, B.|Vogel, H.|Wienhues, G.","Pollen","LV4 pollen",1,"Temoltzin-Loranca et al. (2023)","Calendar years BP","True",NA,"rbacon",16700,-50,NA,"Temotzin-Loranca, Y.",15,20036,"Temoltzin-Loranca, Y.",NA,NA,NA,NA,"Radiocarbon"
758,1,1,16271,1,4,9666,128,0,2,0,0,0,0,0,0,0,0,1,0,0,1,0,4,0,0,0,0,3,0,0,0,0,0,0,0,0,0,0,0,0,0,2,0,0,0,0,0,0,3,0,0,0,62,0,0,0,0,0,1,0,0,0,0,0,0,0,0,0,0,0,0,0,0,4,0,0,2,1,0,0,0,0,0,0,0,2,1,0,0,0,2,1,0,0,2,0,1,0,0,1,0,0,0,171,1,2,3,0,0,0,0,0,1,0,0,0,0,0,0,0,0,0,0,0,0,0,0,17,0,0,0,0,0,1,1,"ml","number","spores/tablet","number","NISP","NISP","NISP","NISP","NISP","NISP","NISP","NISP","NISP","NISP","NISP","NISP","NISP","NISP","NISP","NISP","NISP","NISP","NISP","NISP","NISP","NISP","NISP","NISP","NISP","NISP","NISP","NISP","NISP","NISP","NISP","NISP","NISP","NISP","NISP","NISP","NISP","NISP","NISP","NISP","NISP","NISP","NISP","NISP","NISP","NISP","NISP","NISP","NISP","NISP","NISP","NISP","NISP","NISP","NISP","NISP","NISP","NISP","NISP","NISP","NISP","NISP","NISP","NISP","NISP","NISP","NISP","NISP","NISP","NISP","NISP","NISP","NISP","NISP","NISP","NISP","NISP","NISP","NISP","NISP","NISP","NISP","NISP","NISP","NISP","NISP","NISP","NISP","NISP","NISP","NISP","NISP","NISP","NISP","NISP","NISP","NISP","NISP","NISP","NISP","NISP","NISP","NISP","NISP","NISP","NISP","NISP","NISP","NISP","NISP","NISP","NISP","NISP","NISP","NISP","NISP","NISP","NISP","NISP","NISP","NISP","NISP","NISP","NISP","NISP","NISP","NISP","NISP","volume","quantity added","concentration","counted","pollen","pollen","pollen","pollen","pollen","pollen","pollen","pollen","pollen","pollen","pollen","pollen","pollen","pollen","pollen","pollen","pollen","spore","spore","pollen","pollen","pollen","pollen","pollen","pollen","pollen","spore","pollen","pollen","pollen","pollen","pollen","pollen","pollen","pollen","pollen","pollen","pollen","pollen","pollen","pollen","pollen","pollen","pollen","spore","pollen","spore","pollen","pollen","pollen","pollen","pollen","pollen","pollen","pollen","pollen","pollen","pollen","spore","pollen","pollen","pollen","pollen","pollen","pollen","pollen","pollen","pollen","pollen","pollen","pollen","spore","pollen","pollen","pollen","pollen","pollen","pollen","spore","pollen","pollen","pollen","pollen","pollen","pollen","pollen","pollen","pollen","spore","pollen","pollen","pollen","pollen","pollen","pollen","pollen","pollen","pollen","pollen/spore","pollen","pollen","pollen","spore","spore","pollen","pollen","pollen","pollen","pollen","pollen","spore","pollen","pollen","pollen","pollen","pollen","pollen","pollen","pollen","spore","pollen","pollen","pollen","pollen","pollen","pollen","pollen","pollen","Lake Victoria (Shirati Bay) LV4",33.7961333333333,33.7961333333333,-1.04943333333333,-1.04943333333333,1135,6880000,"Tanzania",NA,NA,NA,NA,68,33135,"LVC18_S4","Lake Victoria LV4","Core","UWITEC piston corer","2018-10-01",NA,"Natural Lake",63,"30 km away from the shore in the Shirati Bay",NA,NA,NA,NA,NA,NA,NA,"2,10,12,3,16",44877,"8777,15357,20039,20044,9599","Gobet, E.|Grosjean, M.|Muschick, M.|Seehausen, O.|Tinner, W.",11,"Depth",15,"Carbon-14","Radiocarbon years BP",420,4,"BE-16256",8340,110,110,1,110,"False","Charcoal","","Temotzin-Loranca et al. 2023",2,20036,"Temoltzin-Loranca, Y.",8450,8230,6,20038,20038,"Kishe, Mary","Kishe, M.","Kishe","Mary","M.","","unknown","Tanzania Fisheries Research Institute
Dar es Salaam, Tanzania","","","","",2,"true","journal article",20441,"https://doi.org/10.1016/j.palaeo.2023.111839",2023,"Temotzin-Loranca, Y., E. Gobet, B. Vannière, J.F.N. van Leeuwen, G. Wienhues, C. Courtney-Mustaphi, M. Kishe, M. Muschick, L. King, P. Misra, N. Ngoepe, B. Matthews, H. Vogel, O. Heiri, O. Seehausen, M. Grosjean, and W. Tinner. 2023. Long-term ecological successions of vegetation around Lake Victoria (East Africa) in response to latest Pleistocene and Early Holocene climate changes. Palaeogeography, Palaeoclimatology, Palaeoecology 631:111839. [DOI: https://doi.org/10.1016/j.palaeo.2023.111839]","Long-term ecological successions of vegetation around Lake Victoria (East Africa) in response to latest Pleistocene and Early Holocene climate changes","Palaeogeography, Palaeoclimatology, Palaeoecology",631,111839,1,16,"Tinner","W.","20036,8777,9974,15224,20037,13851,18278,20038,20039,20044,15357,9599","Temoltzin-Loranca, Y.|Gobet, E.|Vannière, B.|van Leeuwen, J.F.N.|Wienhues, G.|Szidat, S.|Courtney-Mustaphi, C.J.|Kishe, M.|Muschick, M.|Seehausen, O.|Grosjean, M.|Tinner, W.",15695,"18278,8777,15357,9224,20040,20038,20043,20041,20039,20042,20044,20036,9599,15224,9974,10026,20037","Morales-Molino, C.","Courtney-Mustaphi, C.J.|Gobet, E.|Grosjean, M.|Heiri, O.|King, L.|Kishe, M.|Matthews, B.|Misra, P.|Muschick, M.|Ngoepe, N.|Seehausen, O.|Temoltzin-Loranca, Y.|Tinner, W.|van Leeuwen, J.F.N.|Vannière, B.|Vogel, H.|Wienhues, G.","Pollen","LV4 pollen",1,"Temoltzin-Loranca et al. (2023)","Calendar years BP","True",NA,"rbacon",16700,-50,NA,"Temotzin-Loranca, Y.",15,20036,"Temoltzin-Loranca, Y.",NA,NA,NA,NA,"Radiocarbon"
760,1,1,16331,1,4,9666,738,0,3,0,0,0,0,0,0,0,0,2,0,0,2,0,6,0,0,0,0,4,0,0,0,0,0,0,0,0,0,0,0,0,0,3,0,0,0,0,0,0,4,0,0,0,92,0,0,0,0,0,0,0,0,0,0,0,0,0,0,0,0,0,0,0,0,6,0,0,0,2,0,0,0,0,0,0,0,3,0,0,0,0,3,2,0,0,3,0,2,0,0,2,0,0,0,253,2,6,4,0,0,0,0,0,2,0,0,0,0,0,0,0,0,0,0,0,0,0,0,25,0,0,0,0,0,2,2,"ml","number","spores/tablet","number","NISP","NISP","NISP","NISP","NISP","NISP","NISP","NISP","NISP","NISP","NISP","NISP","NISP","NISP","NISP","NISP","NISP","NISP","NISP","NISP","NISP","NISP","NISP","NISP","NISP","NISP","NISP","NISP","NISP","NISP","NISP","NISP","NISP","NISP","NISP","NISP","NISP","NISP","NISP","NISP","NISP","NISP","NISP","NISP","NISP","NISP","NISP","NISP","NISP","NISP","NISP","NISP","NISP","NISP","NISP","NISP","NISP","NISP","NISP","NISP","NISP","NISP","NISP","NISP","NISP","NISP","NISP","NISP","NISP","NISP","NISP","NISP","NISP","NISP","NISP","NISP","NISP","NISP","NISP","NISP","NISP","NISP","NISP","NISP","NISP","NISP","NISP","NISP","NISP","NISP","NISP","NISP","NISP","NISP","NISP","NISP","NISP","NISP","NISP","NISP","NISP","NISP","NISP","NISP","NISP","NISP","NISP","NISP","NISP","NISP","NISP","NISP","NISP","NISP","NISP","NISP","NISP","NISP","NISP","NISP","NISP","NISP","NISP","NISP","NISP","NISP","NISP","NISP","volume","quantity added","concentration","counted","pollen","pollen","pollen","pollen","pollen","pollen","pollen","pollen","pollen","pollen","pollen","pollen","pollen","pollen","pollen","pollen","pollen","spore","spore","pollen","pollen","pollen","pollen","pollen","pollen","pollen","spore","pollen","pollen","pollen","pollen","pollen","pollen","pollen","pollen","pollen","pollen","pollen","pollen","pollen","pollen","pollen","pollen","pollen","spore","pollen","spore","pollen","pollen","pollen","pollen","pollen","pollen","pollen","pollen","pollen","pollen","pollen","spore","pollen","pollen","pollen","pollen","pollen","pollen","pollen","pollen","pollen","pollen","pollen","pollen","spore","pollen","pollen","pollen","pollen","pollen","pollen","spore","pollen","pollen","pollen","pollen","pollen","pollen","pollen","pollen","pollen","spore","pollen","pollen","pollen","pollen","pollen","pollen","pollen","pollen","pollen","pollen/spore","pollen","pollen","pollen","spore","spore","pollen","pollen","pollen","pollen","pollen","pollen","spore","pollen","pollen","pollen","pollen","pollen","pollen","pollen","pollen","spore","pollen","pollen","pollen","pollen","pollen","pollen","pollen","pollen","Lake Victoria (Shirati Bay) LV4",33.7961333333333,33.7961333333333,-1.04943333333333,-1.04943333333333,1135,6880000,"Tanzania",NA,NA,NA,NA,68,33135,"LVC18_S4","Lake Victoria LV4","Core","UWITEC piston corer","2018-10-01",NA,"Natural Lake",63,"30 km away from the shore in the Shirati Bay",NA,NA,NA,NA,NA,NA,NA,"2,10,12,3,16",44877,"8777,15357,20039,20044,9599","Gobet, E.|Grosjean, M.|Muschick, M.|Seehausen, O.|Tinner, W.",12,"Depth",15,"Carbon-14","Radiocarbon years BP",421,2,"BE-16264",8510,30,30,1,30,"False","Pollen concentrate","Corrected to 7940 +/- 410 radiocarbon yr BP","Temotzin-Loranca et al. 2023",2,20036,"Temoltzin-Loranca, Y.",8540,8480,7,20043,20043,"Matthews, Blake","Matthews, B.","Matthews","Blake","B.","","unknown","Institute of Ecology and Evolution
University of Bern
Bern, Switzerland","","","","",2,"true","journal article",20441,"https://doi.org/10.1016/j.palaeo.2023.111839",2023,"Temotzin-Loranca, Y., E. Gobet, B. Vannière, J.F.N. van Leeuwen, G. Wienhues, C. Courtney-Mustaphi, M. Kishe, M. Muschick, L. King, P. Misra, N. Ngoepe, B. Matthews, H. Vogel, O. Heiri, O. Seehausen, M. Grosjean, and W. Tinner. 2023. Long-term ecological successions of vegetation around Lake Victoria (East Africa) in response to latest Pleistocene and Early Holocene climate changes. Palaeogeography, Palaeoclimatology, Palaeoecology 631:111839. [DOI: https://doi.org/10.1016/j.palaeo.2023.111839]","Long-term ecological successions of vegetation around Lake Victoria (East Africa) in response to latest Pleistocene and Early Holocene climate changes","Palaeogeography, Palaeoclimatology, Palaeoecology",631,111839,2,15,"Temotzin-Loranca","Y.","20036,8777,9974,15224,20037,18278,20038,20039,20040,20041,20042,20043,10026,9224,20044,15357,9599","Temoltzin-Loranca, Y.|Gobet, E.|Vannière, B.|van Leeuwen, J.F.N.|Wienhues, G.|Courtney-Mustaphi, C.J.|Kishe, M.|Muschick, M.|King, L.|Misra, P.|Ngoepe, N.|Matthews, B.|Vogel, H.|Heiri, O.|Seehausen, O.|Grosjean, M.|Tinner, W.",15695,"18278,8777,15357,9224,20040,20038,20043,20041,20039,20042,20044,20036,9599,15224,9974,10026,20037","Morales-Molino, C.","Courtney-Mustaphi, C.J.|Gobet, E.|Grosjean, M.|Heiri, O.|King, L.|Kishe, M.|Matthews, B.|Misra, P.|Muschick, M.|Ngoepe, N.|Seehausen, O.|Temoltzin-Loranca, Y.|Tinner, W.|van Leeuwen, J.F.N.|Vannière, B.|Vogel, H.|Wienhues, G.","Pollen","LV4 pollen",1,"Temoltzin-Loranca et al. (2023)","Calendar years BP","True",NA,"rbacon",16700,-50,NA,"Temotzin-Loranca, Y.",15,20036,"Temoltzin-Loranca, Y.",NA,NA,NA,NA,"Radiocarbon"
762,1,1,16364,1,4,9666,825,0,4,0,1,0,0,0,0,0,0,3,0,0,0,0,17,0,2,0,0,8,2,0,0,0,0,0,1,0,0,0,2,0,3,1,0,0,0,2,0,0,0,0,0,0,129,0,0,0,0,0,2,0,0,0,0,0,0,0,0,0,0,0,0,0,2,7,0,2,0,4,0,1,0,0,0,0,0,5,1,0,0,0,2,1,4,0,5,0,0,0,0,0,0,0,0,241,2,8,1,0,0,0,0,0,1,0,0,0,0,1,0,0,0,0,0,0,0,0,0,74,1,1,0,0,0,2,0,"ml","number","spores/tablet","number","NISP","NISP","NISP","NISP","NISP","NISP","NISP","NISP","NISP","NISP","NISP","NISP","NISP","NISP","NISP","NISP","NISP","NISP","NISP","NISP","NISP","NISP","NISP","NISP","NISP","NISP","NISP","NISP","NISP","NISP","NISP","NISP","NISP","NISP","NISP","NISP","NISP","NISP","NISP","NISP","NISP","NISP","NISP","NISP","NISP","NISP","NISP","NISP","NISP","NISP","NISP","NISP","NISP","NISP","NISP","NISP","NISP","NISP","NISP","NISP","NISP","NISP","NISP","NISP","NISP","NISP","NISP","NISP","NISP","NISP","NISP","NISP","NISP","NISP","NISP","NISP","NISP","NISP","NISP","NISP","NISP","NISP","NISP","NISP","NISP","NISP","NISP","NISP","NISP","NISP","NISP","NISP","NISP","NISP","NISP","NISP","NISP","NISP","NISP","NISP","NISP","NISP","NISP","NISP","NISP","NISP","NISP","NISP","NISP","NISP","NISP","NISP","NISP","NISP","NISP","NISP","NISP","NISP","NISP","NISP","NISP","NISP","NISP","NISP","NISP","NISP","NISP","NISP","volume","quantity added","concentration","counted","pollen","pollen","pollen","pollen","pollen","pollen","pollen","pollen","pollen","pollen","pollen","pollen","pollen","pollen","pollen","pollen","pollen","spore","spore","pollen","pollen","pollen","pollen","pollen","pollen","pollen","spore","pollen","pollen","pollen","pollen","pollen","pollen","pollen","pollen","pollen","pollen","pollen","pollen","pollen","pollen","pollen","pollen","pollen","spore","pollen","spore","pollen","pollen","pollen","pollen","pollen","pollen","pollen","pollen","pollen","pollen","pollen","spore","pollen","pollen","pollen","pollen","pollen","pollen","pollen","pollen","pollen","pollen","pollen","pollen","spore","pollen","pollen","pollen","pollen","pollen","pollen","spore","pollen","pollen","pollen","pollen","pollen","pollen","pollen","pollen","pollen","spore","pollen","pollen","pollen","pollen","pollen","pollen","pollen","pollen","pollen","pollen/spore","pollen","pollen","pollen","spore","spore","pollen","pollen","pollen","pollen","pollen","pollen","spore","pollen","pollen","pollen","pollen","pollen","pollen","pollen","pollen","spore","pollen","pollen","pollen","pollen","pollen","pollen","pollen","pollen","Lake Victoria (Shirati Bay) LV4",33.7961333333333,33.7961333333333,-1.04943333333333,-1.04943333333333,1135,6880000,"Tanzania",NA,NA,NA,NA,68,33135,"LVC18_S4","Lake Victoria LV4","Core","UWITEC piston corer","2018-10-01",NA,"Natural Lake",63,"30 km away from the shore in the Shirati Bay",NA,NA,NA,NA,NA,NA,NA,"2,10,12,3,16",44877,"8777,15357,20039,20044,9599","Gobet, E.|Grosjean, M.|Muschick, M.|Seehausen, O.|Tinner, W.",13,"Depth",15,"Carbon-14","Radiocarbon years BP",485,2,"BE-16257",9270,120,120,1,120,"False","Charcoal","","Temotzin-Loranca et al. 2023",2,20036,"Temoltzin-Loranca, Y.",9390,9150,8,20041,20041,"Misra, Pavani","Misra, P.","Misra","Pavani","P.","","unknown","Institute of Ecology and Evolution
University of Bern
Bern, Switzerland","","","","",2,"true","journal article",20441,"https://doi.org/10.1016/j.palaeo.2023.111839",2023,"Temotzin-Loranca, Y., E. Gobet, B. Vannière, J.F.N. van Leeuwen, G. Wienhues, C. Courtney-Mustaphi, M. Kishe, M. Muschick, L. King, P. Misra, N. Ngoepe, B. Matthews, H. Vogel, O. Heiri, O. Seehausen, M. Grosjean, and W. Tinner. 2023. Long-term ecological successions of vegetation around Lake Victoria (East Africa) in response to latest Pleistocene and Early Holocene climate changes. Palaeogeography, Palaeoclimatology, Palaeoecology 631:111839. [DOI: https://doi.org/10.1016/j.palaeo.2023.111839]","Long-term ecological successions of vegetation around Lake Victoria (East Africa) in response to latest Pleistocene and Early Holocene climate changes","Palaeogeography, Palaeoclimatology, Palaeoecology",631,111839,2,2,"Gobet","E.","20036,8777,9974,15224,20037,18278,20038,20039,20040,20041,20042,20043,10026,9224,20044,15357,9599","Temoltzin-Loranca, Y.|Gobet, E.|Vannière, B.|van Leeuwen, J.F.N.|Wienhues, G.|Courtney-Mustaphi, C.J.|Kishe, M.|Muschick, M.|King, L.|Misra, P.|Ngoepe, N.|Matthews, B.|Vogel, H.|Heiri, O.|Seehausen, O.|Grosjean, M.|Tinner, W.",15695,"18278,8777,15357,9224,20040,20038,20043,20041,20039,20042,20044,20036,9599,15224,9974,10026,20037","Morales-Molino, C.","Courtney-Mustaphi, C.J.|Gobet, E.|Grosjean, M.|Heiri, O.|King, L.|Kishe, M.|Matthews, B.|Misra, P.|Muschick, M.|Ngoepe, N.|Seehausen, O.|Temoltzin-Loranca, Y.|Tinner, W.|van Leeuwen, J.F.N.|Vannière, B.|Vogel, H.|Wienhues, G.","Pollen","LV4 pollen",1,"Temoltzin-Loranca et al. (2023)","Calendar years BP","True",NA,"rbacon",16700,-50,NA,"Temotzin-Loranca, Y.",15,20036,"Temoltzin-Loranca, Y.",NA,NA,NA,NA,"Radiocarbon"
778,1,1,16660,1,4,9666,463,0,0,0,0,0,0,0,0,0,0,1,0,0,0,0,1,0,2,1,0,5,4,0,0,0,0,1,3,0,0,0,0,0,2,0,0,0,0,0,0,0,1,0,0,0,12,0,0,0,0,0,0,0,0,0,0,0,0,1,0,0,0,0,0,0,0,0,0,0,0,1,1,0,0,0,0,0,0,5,0,0,0,0,0,0,0,0,0,0,0,0,0,0,0,0,0,54,10,2,0,0,0,0,0,0,1,0,0,0,0,1,0,1,0,0,0,0,0,0,0,5,0,0,0,0,0,1,0,"ml","number","spores/tablet","number","NISP","NISP","NISP","NISP","NISP","NISP","NISP","NISP","NISP","NISP","NISP","NISP","NISP","NISP","NISP","NISP","NISP","NISP","NISP","NISP","NISP","NISP","NISP","NISP","NISP","NISP","NISP","NISP","NISP","NISP","NISP","NISP","NISP","NISP","NISP","NISP","NISP","NISP","NISP","NISP","NISP","NISP","NISP","NISP","NISP","NISP","NISP","NISP","NISP","NISP","NISP","NISP","NISP","NISP","NISP","NISP","NISP","NISP","NISP","NISP","NISP","NISP","NISP","NISP","NISP","NISP","NISP","NISP","NISP","NISP","NISP","NISP","NISP","NISP","NISP","NISP","NISP","NISP","NISP","NISP","NISP","NISP","NISP","NISP","NISP","NISP","NISP","NISP","NISP","NISP","NISP","NISP","NISP","NISP","NISP","NISP","NISP","NISP","NISP","NISP","NISP","NISP","NISP","NISP","NISP","NISP","NISP","NISP","NISP","NISP","NISP","NISP","NISP","NISP","NISP","NISP","NISP","NISP","NISP","NISP","NISP","NISP","NISP","NISP","NISP","NISP","NISP","NISP","volume","quantity added","concentration","counted","pollen","pollen","pollen","pollen","pollen","pollen","pollen","pollen","pollen","pollen","pollen","pollen","pollen","pollen","pollen","pollen","pollen","spore","spore","pollen","pollen","pollen","pollen","pollen","pollen","pollen","spore","pollen","pollen","pollen","pollen","pollen","pollen","pollen","pollen","pollen","pollen","pollen","pollen","pollen","pollen","pollen","pollen","pollen","spore","pollen","spore","pollen","pollen","pollen","pollen","pollen","pollen","pollen","pollen","pollen","pollen","pollen","spore","pollen","pollen","pollen","pollen","pollen","pollen","pollen","pollen","pollen","pollen","pollen","pollen","spore","pollen","pollen","pollen","pollen","pollen","pollen","spore","pollen","pollen","pollen","pollen","pollen","pollen","pollen","pollen","pollen","spore","pollen","pollen","pollen","pollen","pollen","pollen","pollen","pollen","pollen","pollen/spore","pollen","pollen","pollen","spore","spore","pollen","pollen","pollen","pollen","pollen","pollen","spore","pollen","pollen","pollen","pollen","pollen","pollen","pollen","pollen","spore","pollen","pollen","pollen","pollen","pollen","pollen","pollen","pollen","Lake Victoria (Shirati Bay) LV4",33.7961333333333,33.7961333333333,-1.04943333333333,-1.04943333333333,1135,6880000,"Tanzania",NA,NA,NA,NA,68,33135,"LVC18_S4","Lake Victoria LV4","Core","UWITEC piston corer","2018-10-01",NA,"Natural Lake",63,"30 km away from the shore in the Shirati Bay",NA,NA,NA,NA,NA,NA,NA,"2,10,12,3,16",44877,"8777,15357,20039,20044,9599","Gobet, E.|Grosjean, M.|Muschick, M.|Seehausen, O.|Tinner, W.",14,"Depth",15,"Carbon-14","Radiocarbon years BP",517,2,"BE-16258",9000,260,260,1,260,"False","Charcoal","","Temotzin-Loranca et al. 2023",2,20036,"Temoltzin-Loranca, Y.",9260,8740,9,15695,15695,"Morales-Molino, César","Morales-Molino, C.","Morales-Molino","César","C.","","active","Departamento de Ciencias de la Vida
Facultad de Ciencias
Universidad de Alcala
28805 Alcala de Henares, Madrid, Spain","cesarmoralesdelmolino@gmail.com; cesar.morales@uah.es","","","",1,"false","journal article",20442,"https://doi.org/10.1016/j.quascirev.2022.107915",2023,"Temoltzin-Loranca, Y., E. Gobet, B. Vannière, J.F.N. van Leeuwen, G. Wienhues, S. Szidat, C. Courtney-Mustaphi, M. Kishe, M. Muschick, O. Seehausen, M. Grosjean, and W. Tinner. 2023. A chronologically reliable record of 17,000 years of biomass burning in the Lake Victoria area. Quaternary Science Reviews 301:107915. [DOI: https://doi.org/10.1016/j.quascirev.2022.107915]","A chronologically reliable record of 17,000 years of biomass burning in the Lake Victoria area","Quaternary Science Reviews",301,107915,2,18,"Vannière","B.","20036,8777,9974,15224,20037,18278,20038,20039,20040,20041,20042,20043,10026,9224,20044,15357,9599","Temoltzin-Loranca, Y.|Gobet, E.|Vannière, B.|van Leeuwen, J.F.N.|Wienhues, G.|Courtney-Mustaphi, C.J.|Kishe, M.|Muschick, M.|King, L.|Misra, P.|Ngoepe, N.|Matthews, B.|Vogel, H.|Heiri, O.|Seehausen, O.|Grosjean, M.|Tinner, W.",15695,"18278,8777,15357,9224,20040,20038,20043,20041,20039,20042,20044,20036,9599,15224,9974,10026,20037","Morales-Molino, C.","Courtney-Mustaphi, C.J.|Gobet, E.|Grosjean, M.|Heiri, O.|King, L.|Kishe, M.|Matthews, B.|Misra, P.|Muschick, M.|Ngoepe, N.|Seehausen, O.|Temoltzin-Loranca, Y.|Tinner, W.|van Leeuwen, J.F.N.|Vannière, B.|Vogel, H.|Wienhues, G.","Pollen","LV4 pollen",1,"Temoltzin-Loranca et al. (2023)","Calendar years BP","True",NA,"rbacon",16700,-50,NA,"Temotzin-Loranca, Y.",15,20036,"Temoltzin-Loranca, Y.",NA,NA,NA,NA,"Radiocarbon"
